order_id,customer_id,driver_id,company,order_date,distance_km,price_rs,tip_rs,rating,service_type,payment_mode,pickup_city
ORD001891,CUST00481,DRV0289,blusmart,30-04-2024,12.74,,0.0,3.0,XL,Wallet,Gurugram
ORD000627,CUST00456,DRV0052,JUGNOO,00-00-0000,3.71,73.63,0.0,4.0,Mini,  Wallet  , Bangalore
ORD003239,CUST00431,DRV0373,MERU,23/03/2024,2.55,Rs 71.98,,,Auto,Net Banking,Mumbai
ORD002106,CUST02740,DRV0329,Ola,07/10/2025,-8.89,30,0.0,4.0,sedan,UPI,Jaipur
ORD000112,CUST02884,DRV0064,Uber,06 Jan 2023,3.14,81.44,,,Auto,Card,Delhi
ORD001866,CUST02316,DRV0357,  BluSmart  ,20-09-2023,10.07,183.0,,4.0,PRIME,Cash,Faridabad
ORD001012,CUST00306,DRV0475,indrive,03-08-2024,0.8,46.59,71.03,5.0,  Bike  ,Wallet,Hyderabad
ORD002754,CUST02481,DRV0330,jugnoo,17/12/2024,15.4,287.45,17.98,5.0,SUV, Wallet,Kolkata
ORD001586,CUST00213,DRV0186,Namma Yatri,2024/12/23,9.79,187.95,0.0,3.0,Mini,card,Faridabad
ORD003781,CUST01131,DRV0092,INDRIVE,04/10/2025,1.09,56.63,,1.0,SEDAN,WALLET,chennai
ORD000532,CUST00354,DRV0161,NAMMA YATRI,12-22-2023,11.94,231.46,47.87,4.0,Prime,Wallet,Mumbai
ORD000778,CUST02838,DRV0261,INDRIVE,22/11/2024,15.72,300.63,,2.0,sedan,upi,Noida
ORD003661,,DRV0075,Ola,2025/01/27,0.45,44.64,,2.0, Pool,Card,  Mumbai  
ORD004203,CUST01224,DRV0393,MERU,2023/06/21,5.34,88.68,,2.0,xl,UPI,Gurugram
ORD000058,CUST01055,DRV0238,  Uber  ,21-05-2024,10.07,155.67,,3.0,  Prime  ,net banking,JAIPUR
ORD001033,CUST01681,DRV0470,Rapido,29 Aug 2025,0.6,47.35,0.0,,Pool,Net Banking,FARIDABAD
ORD000530,CUST00304,DRV0436,  Rapido  ,06-03-2025,7.99,108.4,0.0,3.0,XL,card,Faridabad
ORD003935,CUST02608,DRV0215,meru,2023/08/20,5.92,105.3,77.81,3.0,Bike,upi,Jaipur
ORD003891,CUST00670,DRV0156,Ola,,12.82,249.57,,1.0,Mini,Wallet,CHENNAI
ORD001622,CUST00875,DRV0360,Namma Yatri,22-03-2023,6.4,95.99,53.36,2.0,SUV,Wallet,Ahmedabad
ORD002835,CUST01344,DRV0153,,01-11-2024,5.38,98.51,23.12,2.0,XL,UPI, Gurugram
ORD004992,CUST02036,DRV0093,Uber,28-06-2025,16.66,0,0.0,1.0,Mini,Net Banking,Indore
ORD000534,CUST01460,DRV0220,  Meru  ,29-04-2024,14.65,201.33,,3.0,auto,cash,Chennai
ORD002005,CUST02349,DRV0371,BluSmart,09-03-2025,1.22,51.37,0.0,1.0,XL,NET BANKING,DELHI
ORD002830,CUST01213,DRV0438,Namma Yatri,01-25-2024,1177.46,18986.54,,2.0,Mini,net banking,lucknow
ORD001885,CUST00550,DRV0139,InDrive,26-07-2023,18.46,367.69,,2.0,xl,,Gurugram
ORD004159,cust01207,DRV0366,Jugnoo,05-12-2025,3.44,72.34,27.13,5.0,Mini,Wallet,Faridabad
ORD000024,CUST02508,DRV0087,  Uber  ,20 Jan 2023,11.26,158.92,0.0,1.0,Sedan,  UPI  ,Gurugram
ORD003542,CUST02765,DRV0226,  InDrive  ,23-12-2025,12.81,188.91,,3.0,Sedan,Wallet,  Mumbai  
ORD001559,CUST00719,DRV0174,Namma Yatri,26-01-2025,5.44,131.65,,2.0,Prime,Wallet,noida
ORD001298,CUST00722,DRV0019,blusmart,00-00-0000,6.48,153.86,,5.0,  Mini  ,UPI,
ORD000650,CUST01957,DRV0161,,18-11-2023,1.24,60.8,0.0,1.0,bike,Wallet,AHMEDABAD
ORD002338,CUST02157,DRV0042,BluSmart,29-03-2025,12.98,233.02,,2.0,Auto,Cash,  Bhopal  
ORD002175,CUST02873,DRV0277,Meru,03-05-2023,10.76,223.36,,1.0,Mini,UPI,Noida
ORD002795,CUST02188,DRV0356,Ola,28-07-2024,6.44,119.8,0.0,1.0,Auto,upi,Kolkata
ORD001124,CUST02751,DRV0483,,2023/03/01,0.45,45.71,0.0,5.0,suv, Cash,DELHI
ORD003694,CUST00109,DRV0438,Jugnoo,2023/08/28,7.12,100.83,39.84,2.0,sedan,UPI,BANGALORE
ORD001791,CUST00140,DRV0132,Rapido,2023/12/25,4.79,95.31,55.36,1.0,Bike,Card,hyderabad
ORD002365,CUST02158,DRV0358,Uber,2024/10/31,8.55,164.96,0.0,1.0,  Bike  ,cash,hyderabad
ORD004696,CUST01448,DRV0110,indrive,07/01/2025,4.81,117.89,0.0,2.0,Mini,upi,  Noida  
ORD000819,CUST00990,DRV0163,InDrive,2024/07/15,4.91,127.22,0.0,2.0,BIKE, Net Banking,hyderabad
ORD000978,CUST01003,DRV0208,Uber,2025/12/23,12.98,146.06,,4.0,SUV,Card, Lucknow
ORD003203,CUST00974,DRV0110,Jugnoo,26 Jun 2023,1.35,62.48,89.43,1.0,Auto,,FARIDABAD
ORD001826,CUST02907,DRV0300,Meru,,6.47,126.36,0.0,2.0,  Prime  ,net banking,indore
ORD001333,CUST01575,DRV0254,NAMMA YATRI,2023/11/14,21.43,226.27,0.0,2.0,SUV,Wallet,Chennai
ORD001877,CUST02468,DRV0390,InDrive,04/09/2023,2.01,70.03,,3.0,XL,upi,gurugram
ORD000242,CUST01548,DRV0408,MERU,06-20-2024,3.88,71.76,,,Pool,WALLET,Indore
ORD000021,CUST02454,DRV0312,blusmart,07-12-2025,21.32,327.76,0.0,2.0, Pool,UPI,bhopal
ORD002900,CUST00069,DRV0100,Ola,07-02-2025,19.08,0,,5.0,suv,Wallet,Chandigarh
ORD003417,CUST00731,DRV0399,meru,2023/04/21,4.42,85.13,,2.0,PRIME,  Card  ,FARIDABAD
ORD004520,CUST00219,DRV0011,BluSmart,02-10-2025,,,,2.0,XL,CARD,BANGALORE
ORD001235,CUST02539,DRV0024,UBER,09-16-2025,7.61,164.33,0.0,2.0,Mini,WALLET,CHANDIGARH
ORD004921,CUST01947,DRV0024,indrive,26-01-2025,5.45,94.98,16.17,,PRIME,Net Banking,Faridabad
ORD000870,CUST02699,DRV0247,Namma Yatri,16-01-2023,5.12,120.29,0.0,1.0,Prime,Card,Indore
ORD004250,CUST01268,DRV0389,meru,01-23-2025,2.83,86.29,,2.0,Prime,NET BANKING,Indore
ORD000286,CUST01475,DRV0245, Ola,06-14-2024,2.9,82.36,0.0,5.0,Prime,Cash,Ahmedabad
ORD004700,CUST01547,DRV0080,ola,01 Aug 2024,10.32,150.15,,4.0,Prime,Card,Noida
ORD001993,CUST02642,DRV0335,  Meru  ,2023/07/15,2.05,58.22,,3.0,Mini,card,KOLKATA
ORD005000,CUST01467,DRV0054,Uber,27-11-2024,1.51,,0.0,,SEDAN,Net Banking,  Lucknow  
ORD002622,CUST01889,DRV0101,OLA,05-10-2023,9.69,139.3,,1.0,xl,  Net Banking  ,Kolkata
ORD000472,CUST02805,DRV0194,MERU,2025/06/06,8.42,109.72,15.56,2.0,Auto,wallet,Mumbai
ORD002220,CUST00347,DRV0497,Rapido,,3.11,90.73,,4.0,XL,upi, Faridabad
ORD002196,CUST02720,DRV0373,  Rapido  ,30 Sep 2025,4.28,98.68,0.0,2.0,Prime,net banking,Gurugram
ORD001853,CUST02842,DRV0117,Jugnoo,14-01-2023,,,31.68,1.0,bike,UPI, Lucknow
ORD000440,CUST02951,DRV0248,blusmart,23 Dec 2023,8.72,116.18,0.0,4.0,Bike,Net Banking,  Gurugram  
ORD003737,CUST01373,DRV0300,InDrive,25-06-2025,15.43,187.21,0.0,3.0,Prime,Wallet,Pune
ORD004093,CUST00677,DRV0323,BluSmart,15 May 2025,1.04,53.5,,5.0,Mini,Net Banking,Kolkata
ORD000671,CUST00703,DRV0421,BluSmart,26/08/2024,12.93,247.86,,4.0,Pool,Cash,Hyderabad
ORD004455,CUST00170,DRV0109,Uber,06-10-2025,13.72,181.41,93.89,4.0, Prime,Net Banking,  Jaipur  
ORD004085,CUST01438,DRV0232,namma yatri,16 Sep 2024,21.4,282.39,90.5,2.0,  SUV  ,UPI,FARIDABAD
ORD001817,CUST00045,DRV0362,Jugnoo,15/04/2024,7.24,143.5,0.0,2.0,PRIME,CARD,PUNE
ORD004774,CUST02677,DRV0242,Uber,2024/06/28,4.58,119.41,0.0,2.0,Sedan,Cash,PUNE
ORD004608,CUST01677,DRV0001,namma yatri,18/12/2023,1.16,56.9,0.0,5.0,XL,net banking,Noida
ORD004803,CUST02285,DRV0166,InDrive,,8.22,134.52,65.37,5.0,  Prime  ,Net Banking,Bhopal
ORD004625,CUST01781,DRV0172,Jugnoo,24 Feb 2023,8.93,115.45,,4.0,  Prime  ,Wallet,  Chandigarh  
ORD002497,CUST02097,DRV0172,BluSmart,11/06/2024,17.23,285.09,,1.0,Auto,UPI,INDORE
ORD002425,CUST00511,DRV0466,BLUSMART,,9.28,117.73,0.0,2.0,Pool,card,Chandigarh
ORD001264,CUST02232,DRV0320,Namma Yatri,2023/12/31,0.58,45.67,0.0,5.0,XL,WALLET,  Bhopal  
ORD002012,CUST00480,DRV0126,INDRIVE,2023/09/26,,,0.0,3.0,Pool,Net Banking,ahmedabad
ORD002583,CUST00584,DRV0234, Meru,2025/05/25,6.48,113.85,0.0,5.0,Prime,Cash,Kolkata
ORD002285,CUST02118,DRV0395,Rapido,02 Aug 2023,8.28,148.04,0.0,2.0,Bike,wallet,Faridabad
ORD003856,CUST00924,DRV0214,BLUSMART,09-30-2024,9.96,-200.98,,,Sedan,UPI,mumbai
ORD004449,CUST00746,DRV0239,InDrive,10-10-2025,13.06,228.03,0.0,5.0,mini,  UPI  ,Indore
ORD003266,CUST00600,DRV0405,Meru,00-00-0000,18.23,198.04,55.84,2.0,auto,Net Banking,Bangalore
ORD003280,CUST02807,DRV0354,JUGNOO,14/06/2023,7.66,149.1,0.0,2.0,  Mini  ,WALLET,PUNE
ORD003791,cust02146,DRV0437,INDRIVE,06-12-2024,9.29,148.13,0.0,4.0,Prime,Net Banking,Faridabad
ORD004741,CUST02086,DRV0131,  Uber  ,25/07/2025,9.04,179.39,0.0,1.0,  XL  ,UPI,pune
ORD001197,CUST00569,DRV0160,rapido,2023/08/22,8.2,129.54,0.0,4.0,,Net Banking,  Delhi  
ORD003551,CUST01346,DRV0247,JUGNOO,20-11-2025,12.45,263.0,0.0,2.0,,Cash,Noida
ORD004451,CUST02231,DRV0373, InDrive,06-23-2025,0.83,,,4.0,prime,Net Banking,Noida
ORD003671,CUST01818,DRV0065,MERU,28-12-2025,,,0.0,5.0,MINI,net banking,Bangalore
ORD002871,CUST01960,DRV0151,Namma Yatri,07-14-2024,21.14,365.74,0.0,,XL,UPI,BANGALORE
ORD003722,CUST02530,DRV0121, Rapido,10-30-2023,5.22,92.3,71.84,5.0,Bike,upi,chennai
ORD003579,CUST00637,DRV0115,uber,2025/02/02,15.16,215.67,53.98,1.0,Mini, Wallet,lucknow
ORD003319,CUST00541,DRV0485, Namma Yatri,02 Nov 2023,10.17,158.06,0.0,4.0,Mini,card,faridabad
ORD001709,CUST02237,DRV0076,  InDrive  ,2025/01/18,20.18,209.2,0.0,2.0,Sedan,Net Banking,Kolkata
ORD001647,CUST02093,DRV0131,meru,2023/05/21,2.03,69.07,,4.0,  Prime  ,Card,Chennai
ORD000968,CUST01806,DRV0160,OLA,2025/05/28,5.64,Rs 113.39,0.0,5.0,Prime,card,Gurugram
ORD000323,CUST02750,DRV0171,Rapido,2024/01/02,12.11,179.78,9.29,1.0,Mini,  Wallet  ,Indore
ORD003028,CUST00702,DRV0494,Jugnoo,09-15-2023,19.6,282.02,,3.0,Auto,Wallet,PUNE
ORD002383,CUST01890,DRV0164, Meru,00-00-0000,6.22,90.93,,3.0,PRIME,upi, Noida
ORD003274,CUST01616,DRV0270,Namma Yatri,,,Rs nan,,1.0,Bike,CARD,Pune
ORD002854,CUST02652,DRV0422,Meru,02/12/2025,3.2,76.56,,1.0,BIKE,NET BANKING,Ahmedabad
ORD000558,CUST02708,DRV0237, Ola,30/12/2023,14.25,275.87,0.0,5.0,  Bike  , Wallet,Faridabad
ORD000262,CUST02860,DRV0389,Uber,10-31-2024,1.56,67.31,,3.0,BIKE, Cash,Bangalore
ORD000854,CUST01553,DRV0119,Uber,18-01-2023,14.42,223.47,,4.0,AUTO,Cash,Mumbai
ORD004220,CUST00589,DRV0404,ola,2023/07/04,7.34,131.31,,2.0,Auto,Card,  Ahmedabad  
ORD001088,CUST02647,DRV0017,blusmart,02 Oct 2024,17.54,304.5,0.0,1.0,  Bike  ,UPI,Kolkata
ORD002634,CUST01183,DRV0260,BluSmart,10-25-2024,1.23,55.94,,5.0,XL,Card,  Indore  
ORD001902,CUST01302,DRV0304,InDrive,01-17-2025,3.59,96.72,,4.0,Bike,NET BANKING,Indore
ORD002119,CUST00506,DRV0420,ola,29-06-2024,12.25,256.4,,2.0,SEDAN,CARD,Bhopal
ORD000801,CUST02331,DRV0378,blusmart,2023/11/22,5.22,105.61,,3.0, Prime,Card,Chandigarh
ORD000667,CUST02035,DRV0152,Ola,2025/01/08,10.07,-146.2,0.0,1.0,BIKE,Card,Jaipur
ORD001317,CUST01034,DRV0192,blusmart,06-02-2023,2.63,67.51,54.82,4.0,pool,net banking,faridabad
ORD003060,CUST02368,DRV0440,InDrive,00-00-0000,9.14,121.6,18.01,3.0,SEDAN,card,Indore
ORD000738,CUST00889,DRV0161,BluSmart,18/05/2023,10.89,231.13,,2.0,SUV,Cash,Pune
ORD000010,CUST00175,DRV0177,ola,02-24-2025,12.27,209.02,,1.0,prime,CASH,Delhi
ORD004907,CUST02390,DRV0462,NAMMA YATRI,2023/09/22,8.21,156.98,0.0,4.0,Auto,Cash,Mumbai
ORD004512,CUST01198,DRV0480,Rapido,03-02-2024,11.47,139.07,87.94,4.0,SUV,Net Banking,Faridabad
ORD004070,CUST01268,DRV0035,InDrive,29-11-2024,1.06,53.85,89.95,4.0,Pool,CASH,FARIDABAD
ORD002720,CUST01230,DRV0151,Jugnoo,27/04/2025,12.63,165.98,,3.0,Prime,Wallet,LUCKNOW
ORD002261,CUST01697,DRV0350,Rapido,30-04-2023,7.41,173.34,0.0,4.0,prime,Card,AHMEDABAD
ORD001598,CUST01751,DRV0156,,29/07/2024,9.18,,44.08,4.0,  Mini  , Wallet,  Kolkata  
ORD004003,CUST02237,DRV0263,  Uber  ,00-00-0000,2.59,79.7,0.0,2.0,  Mini  ,UPI,chennai
ORD000941,CUST00265,DRV0446,blusmart,05/11/2023,9.86,183.91,,, Bike,CASH,Bangalore
ORD000842,CUST02257,DRV0447,Ola,14/03/2024,5.3,110.79,,3.0,BIKE,NET BANKING,BANGALORE
ORD003534,CUST00046,DRV0282,jugnoo,10 Apr 2025,1.3,61.44,,3.0,Sedan,Card, Indore
ORD002048,CUST02117,DRV0385, Namma Yatri,00-00-0000,3.84,89.24,55.49,3.0,SUV,Wallet,ahmedabad
ORD001189,CUST01303,DRV0472,jugnoo,14/01/2025,13.57,185.32,92.94,3.0,POOL, Card,Indore
ORD001807,CUST02020,DRV0420,Meru,2024/11/26,17.29,255.66,0.0,4.0,Mini,Wallet,  Pune  
ORD002635,CUST02365,DRV0102,Namma Yatri,2023/12/02,9.65,144.28,,3.0,Sedan,  Wallet  , Jaipur
ORD004138,CUST00058,DRV0482,Ola,,,,0.0,4.0,Bike,UPI,  Ahmedabad  
ORD002059,CUST02729,DRV0178,InDrive,22/01/2024,11.77,155.54,0.0,,SEDAN,Net Banking, Lucknow
ORD001972,CUST02639,DRV0045,InDrive,10-10-2024,5.49,100.19,,1.0,Pool,net banking,Chandigarh
ORD003483,CUST02526,,rapido,2023/12/15,10.2,182.53,,2.0,AUTO, Net Banking,BANGALORE
ORD000591,CUST00873,DRV0444,Jugnoo,2024/01/08,12.77,223.5,,4.0, Bike,Wallet,faridabad
ORD000446,CUST02815,DRV0098,Ola,00-00-0000,12.79,195.0,94.63,3.0,XL,Wallet,Gurugram
ORD000034,CUST02727,DRV0109,Jugnoo,28-06-2025,9.65,204.68,0.0,4.0,Auto, Net Banking,GURUGRAM
ORD004815,CUST02089,DRV0391,InDrive,26-07-2024,15.5,190.53,,2.0,Bike,Net Banking,Indore
ORD000332,CUST02943,DRV0284,indrive,09-06-2023,6.77,141.7,,,sedan,upi,Hyderabad
ORD002920,CUST02843,,OLA,2025/01/14,4.83,105.48,0.0,1.0,Sedan, Card,Jaipur
ORD000967,CUST02106,DRV0465,BluSmart,04-06-2025,2.78,71.04,20.85,1.0,Sedan,Cash,bangalore
ORD000929,,DRV0436,  Rapido  ,21-08-2025,17.04,216.26,46.36,5.0,  Mini  ,Cash,Hyderabad
ORD004082,CUST00161,DRV0290,Jugnoo,01/10/2024,4.88,87.12,,1.0,prime,Wallet,Delhi
ORD001768,CUST01406,,InDrive,01/01/2023,8.48,164.48,0.0,1.0,Prime,Wallet,CHANDIGARH
ORD003448,CUST01187,DRV0179,Namma Yatri,2024/02/14,1.21,59.82,0.0,5.0,  Pool  ,Net Banking,Gurugram
ORD004877,CUST00767,DRV0312,Uber,20/07/2023,2.08,62.82,,4.0,pool,Cash,Mumbai
ORD000850,CUST02219,DRV0376,OLA,19-01-2023,0.1,41.14,29.88,1.0,Sedan,Card,AHMEDABAD
ORD002592,CUST00873,,Rapido,08-12-2023,12.7,179.29,,2.0,  Mini  ,Cash,  Pune  
ORD002941,CUST01404,DRV0257,indrive,08-08-2023,9.74,193.85,,3.0,Mini,net banking,Chennai
ORD000210,CUST00920,DRV0121, BluSmart,05-23-2024,8.87,187.82,,5.0,Auto,Card,PUNE
ORD001656,CUST02731,DRV0389,jugnoo,29/10/2025,16.95,210.54,,2.0,  XL  ,Cash,bangalore
ORD003428,CUST00005,DRV0246,OLA,27/12/2023,15.7,301.7,0.0,3.0,  Pool  ,Card,Delhi
ORD003176,CUST02583,DRV0244,BluSmart,10-05-2024,8.3,152.08,0.0,2.0,BIKE,  Net Banking  ,Noida
ORD004160,CUST02780,DRV0017,Uber,15-02-2024,13.33,186.32,0.0,5.0,Sedan,Card, Bangalore
ORD000452,CUST00348,DRV0089,uber,31-03-2024,12.11,,79.09,3.0,SEDAN,Wallet,Chennai
ORD002297,CUST00513,DRV0155,InDrive,,1.19,53.48,0.0,,XL, UPI,Faridabad
ORD004039,CUST02588,DRV0015,NAMMA YATRI,09-03-2023,5.3,115.13,0.0,5.0,  XL  ,Card,Bangalore
ORD000380,CUST02509,DRV0199,jugnoo,,8.41,171.42,16.81,9.0, Prime,CARD, Kolkata
ORD002810,CUST00460,DRV0021,RAPIDO,2025/10/14,5.14,102.58,,5.0,Pool,Card,GURUGRAM
ORD001519,CUST01883,DRV0069,ola,06 Jun 2023,3.66,92.74,0.0,4.0,Sedan,UPI,  Chandigarh  
ORD003753,CUST01538,DRV0285,Meru,14-01-2023,6.27,143.03,42.62,2.0,xl, Net Banking,
ORD004474,CUST02855,DRV0441,Rapido,17/10/2025,11.05,135.9,0.0,5.0,Prime,UPI,Kolkata
ORD003913,CUST01154,DRV0487,NAMMA YATRI,19/12/2025,0.28,44.46,0.0,2.0,  Pool  ,CARD,Bhopal
ORD004864,CUST02735,DRV0043, Uber,2024/12/18,2.36,63.91,65.47,2.0,Prime,Cash,INDORE
ORD001797,CUST01453,DRV0189,meru,25/08/2024,15.03,236.15,,3.0,SUV,UPI,bhopal
ORD002410,CUST01350,DRV0225,Ola,26 Jan 2024,13.26,205.28,0.0,4.0,XL,  Card  ,pune
ORD002513,CUST00324,DRV0018,Jugnoo,23-05-2025,12.25,212.95,,5.0,prime,upi,DELHI
ORD000940,CUST02420,DRV0229, Ola,21-04-2023,4.47,93.89,0.0,4.0,Pool,Cash,Kolkata
ORD003386,CUST00573,DRV0455,Jugnoo,04-23-2025,14.14,,23.27,4.0,Bike,Cash,noida
ORD000457,CUST00574,DRV0158,uber,2023/06/22,13.68,234.7,0.0,3.0,mini,Card,Indore
ORD001864,CUST01967,DRV0375,  InDrive  ,,9.57,195.22,0.0,3.0,Bike,UPI,Indore
ORD004013,CUST02943,DRV0165,Rapido,31-10-2024,5.91,127.74,,2.0,SUV,UPI,Jaipur
ORD004166,CUST02775,DRV0452,  BluSmart  ,09-06-2024,3.44,94.84,55.42,4.0,XL,UPI,pune
ORD002923,CUST00808,DRV0370,Jugnoo,07/11/2024,5.39,-121.35,0.0,4.0, SUV,upi, Delhi
ORD004137,CUST01941,DRV0131,BluSmart,09-10-2024,7.52,102.79,,1.0, Sedan,CARD,kolkata
ORD004227,CUST01504,DRV0272,Uber,05-16-2025,11.63,223.57,0.0,1.0,SUV,cash,Kolkata
ORD004316,CUST02252,DRV0143,Rapido,2023/12/22,1.34,51.77,0.0,4.0,,NET BANKING,chennai
ORD003782,CUST02721,DRV0342,UBER,2024/05/16,3.15,96.53,0.0,3.0, Bike,  Net Banking  ,Chandigarh
ORD004296,CUST00542,DRV0294,MERU,12-01-2024,4.37,117.31,,1.0,Prime, UPI,ahmedabad
ORD004949,CUST02741,DRV0387,Rapido,12-09-2025,12.52,210.69,38.7,5.0,Prime,UPI,delhi
ORD001037,CUST02126,DRV0352,InDrive,09-08-2024,11.89,170.52,0.0,1.0,Bike,net banking,Faridabad
ORD001205,CUST00259,DRV0137,blusmart,2025/02/04,6.01,99.65,6.59,2.0,Auto,Card,Kolkata
ORD000739,CUST02447,DRV0142,RAPIDO,28 Jun 2023,7.44,134.27,0.0,1.0,Pool,Net Banking, Lucknow
ORD004880,CUST01094,DRV0498,JUGNOO,04-23-2025,2.71,70.44,0.0,4.0,Prime,Wallet,  Bhopal  
ORD003813,CUST01631,DRV0381,  Rapido  ,20/08/2024,1.82,65.02,,1.0,XL,Cash,pune
ORD001345,CUST02641,DRV0470,,01-12-2024,16.51,203.45,,3.0,Bike, Wallet,Chennai
ORD004792,CUST00214,DRV0131,Jugnoo,26-10-2023,0.04,40.7,,2.0,Sedan,Net Banking,Chennai
ORD000895,CUST00844,DRV0082,MERU,2024/06/15,4.05,92.36,62.48,1.0,Pool,WALLET,Mumbai
ORD003243,CUST02762,DRV0384,ola,00-00-0000,12.56,211.37,0.0,2.0,SUV,Card,kolkata
ORD003382,CUST01089,DRV0331,BLUSMART,10-21-2023,2.9,71.25,0.0,3.0,  Mini  ,  Cash  ,Pune
ORD004467,CUST02611,DRV0252,Rapido,2024/03/10,6.81,96.22,0.0,0.0,Sedan, UPI,MUMBAI
ORD002958,CUST00677,DRV0484,Meru,06-10-2025,0.91,53.61,0.0,5.0,Bike,Wallet,KOLKATA
ORD004307,CUST01242,,JUGNOO,,10.21,212.88,0.0,2.0,Prime,Net Banking,gurugram
ORD001127,CUST01129,DRV0014,Meru,26-09-2025,7.94,181.31,-34.39,2.0,PRIME,Wallet,indore
ORD003883,CUST02816,DRV0136,rapido,2023/08/09,7.21,151.16,,4.0,pool,Wallet,  Indore  
ORD000780,CUST02933,DRV0330,InDrive,28/09/2024,15.09,304.03,,5.0,  SUV  ,cash, Pune
ORD002651,CUST00955,DRV0445,Meru,00-00-0000,10.72,220.12,,2.0,MINI,Cash,hyderabad
ORD004758,CUST01605,DRV0321,Meru,12 Nov 2023,7.99,181.06,,1.0,MINI,Net Banking,Chandigarh
ORD001060,CUST00315,DRV0071,NAMMA YATRI,03-22-2023,,0,,5.0,XL,  Wallet  ,Chandigarh
ORD000837,CUST01577,DRV0239,Uber,06-08-2024,12.67,173.23,,5.0,sedan,  Cash  ,Chandigarh
ORD001968,CUST00835,DRV0101,BluSmart,28/11/2023,11.11,236.11,21.13,2.0,sedan,Cash,Faridabad
ORD002024,CUST00429,DRV0087,Ola,29-12-2023,2.34,81.57,69.6,3.0,SEDAN,Card,BANGALORE
ORD000923,CUST02809,DRV0162,  InDrive  ,2024/11/09,,,,5.0,Prime,Cash, Noida
ORD001921,CUST01765,DRV0370,  InDrive  ,20-10-2025,12.76,258.02,55.14,1.0,Mini,UPI,Bhopal
ORD000716,CUST01871,DRV0468,Namma Yatri,04-09-2024,6.86,124.5,,5.0,Prime, Net Banking,Pune
ORD000661,CUST02678,DRV0307,InDrive,2023/07/16,9.56,137.1,0.0,1.0,BIKE,Card,PUNE
ORD002841,CUST01505,DRV0291,Ola,16/03/2023,9.17,176.21,0.0,1.0,prime,wallet, Noida
ORD001430,CUST02347,DRV0126,Uber,06/08/2023,2.76,83.73,38.04,3.0,XL,Card,NOIDA
ORD004088,CUST02347,DRV0102,RAPIDO,14-12-2023,3.88,83.52,,2.0,pool,UPI,AHMEDABAD
ORD001923,CUST00283,DRV0200,Ola,24 Nov 2025,9.84,137.83,,1.0,mini,UPI,  Kolkata  
ORD001204,CUST02083,DRV0469,BluSmart,05-12-2025,15.71,218.66,41.24,4.0,BIKE,Net Banking,  Chandigarh  
ORD001626,CUST01111,DRV0482,BluSmart,,4.97,102.14,0.0,1.0,bike,Cash, Mumbai
ORD002587,CUST01400,DRV0437,namma yatri,10-02-2024,4.57,85.25,-7.2,4.0,POOL,  UPI  ,lucknow
ORD001960,CUST00981,DRV0016,Meru,2025/08/07,9.74,145.46,,,Sedan,Cash,noida
ORD004953,CUST00619,DRV0336,Jugnoo,11-02-2025,1.82,72.19,84.0,5.0,  SUV  , Wallet,gurugram
ORD001038,CUST02734,DRV0238,Rapido,05-11-2025,3.9,93.73,0.0,1.0,Pool,NET BANKING,BANGALORE
ORD001279,CUST02550,DRV0279,Namma Yatri,25/10/2023,13.53,236.85,75.87,5.0, Sedan,UPI,pune
ORD000116,CUST01433,DRV0386,BluSmart,10-05-2023,14.71,195.48,98.35,3.0,Pool,cash,Jaipur
ORD003146,CUST00410,DRV0224,Namma Yatri,09-09-2024,1.68,67.45,,3.0,POOL,Cash,Chandigarh
ORD003138,CUST02243,DRV0361,blusmart,,11.04,158.33,96.05,5.0,MINI,Net Banking,pune
ORD004444,CUST00445,DRV0438,BLUSMART,,20.71,312.54,0.0,4.0,Pool,Net Banking,Delhi
ORD000159,CUST02452,DRV0045,Ola,03-01-2023,18.62,333.15,0.0,2.0, Sedan,Net Banking,  Delhi  
ORD000280,CUST00814,DRV0487,Uber,,3.49,85.62,,4.0,Auto,CASH,Ahmedabad
ORD004247,CUST00780,DRV0405,JUGNOO,2023/10/24,18.34,228.84,0.0,,Mini,UPI,ahmedabad
ORD000839,CUST02483,DRV0495,rapido,02 Mar 2025,10.35,210.08,66.46,1.0,Prime,Card,  Lucknow  
ORD000018,CUST00992,DRV0459,namma yatri,10-15-2023,16.77,307.18,65.3,4.0,SUV,Wallet,Jaipur
ORD004819,CUST01769,DRV0213,BluSmart,2025/07/02,14.41,199.87,,3.0,  Pool  ,Card,BHOPAL
ORD004181,CUST01151,DRV0306,uber,2023/11/04,6.32,130.18,,4.0,SUV,Net Banking,Chandigarh
ORD000438,CUST00025,DRV0130,BluSmart,04/09/2024,0.99,51.21,56.14,2.0,Pool,Wallet,Chandigarh
ORD001917,CUST01589,DRV0355, Jugnoo,26-08-2025,8.97,192.62,,1.0,SUV,cash,chennai
ORD002575,CUST01406,DRV0201,Namma Yatri,23/02/2024,3.9,72.65,0.0,3.0,Pool,  Wallet  , Faridabad
ORD001568,CUST02183,DRV0441,  Rapido  ,06-04-2023,15.32,173.2,0.0,5.0,sedan, Wallet,  Indore  
ORD003908,CUST01703,DRV0056,InDrive,05-10-2024,5.88,133.46,,2.0,Sedan,Cash,Faridabad
ORD003758,CUST01917,DRV0322,RAPIDO,08-04-2025,9.23,158.57,0.0,2.0,XL,Net Banking,Kolkata
ORD003408,CUST00329,DRV0359,Rapido,19-04-2023,12.09,145.23,0.0,2.0,Sedan,Card,Delhi
ORD000199,CUST01036,DRV0183,Rapido,25-07-2023,8.33,179.54,,1.0,xl,Wallet,HYDERABAD
ORD001231,CUST01487,DRV0493,BluSmart,2023/01/09,5.96,111.42,0.0,2.0,MINI,CARD,Kolkata
ORD000025,CUST00568,DRV0271,rapido,19-09-2025,2.49,64.35,,3.0,  Auto  ,Wallet,BHOPAL
ORD001457,CUST00676,DRV0087,Rapido,2024/03/06,10.05,193.16,,3.0,Auto,CASH,Bhopal
ORD003958,CUST02324,DRV0273,,26/05/2025,3.75,90.96,0.0,5.0,Mini,wallet,FARIDABAD
ORD001821,cust02107,DRV0078,,23/11/2025,9.45,159.05,,3.0, Sedan,UPI,Kolkata
ORD003313,CUST02496,DRV0430,RAPIDO,29-03-2023,10.3,138.23,0.0,1.0, Pool,net banking,  Bhopal  
ORD002099,CUST02499,DRV0283,Namma Yatri,,11.83,,0.0,5.0,Sedan,WALLET,jaipur
ORD002718,CUST01433,DRV0079,Meru,00-00-0000,7.76,0,0.0,4.0,XL, Card,gurugram
ORD002912,CUST01971,DRV0339,INDRIVE,22 Jul 2025,16.86,329.85,36.87,3.0,suv,UPI,Chandigarh
ORD003942,CUST00203,DRV0488,  Ola  ,2025/10/12,0.14,41.57,,1.0, Prime,NET BANKING,Noida
ORD002458,CUST00034,,Jugnoo,00-00-0000,7.34,111.06,0.0,2.0,Bike,card,  Pune  
ORD002080,CUST00121,DRV0476,Meru,01-09-2024,0.42,43.82,,2.0,prime,Cash,  Indore  
ORD001292,CUST01885,DRV0485,  Rapido  ,01-04-2025,17.09,345.79,0.0,2.0,  Bike  ,Cash,hyderabad
ORD000809,CUST02638,DRV0099,MERU,22-12-2023,5.57,117.35,0.0,4.0,xl,Card, Jaipur
ORD002440,CUST02169,DRV0241,Namma Yatri,03-09-2024,16.68,,0.0,1.0,mini,upi,Kolkata
ORD000214,CUST01666,DRV0178, BluSmart,02-25-2024,4.68,90.73,39.91,5.0,Pool,Wallet,Delhi
ORD001213,CUST02517,DRV0044,meru,2024/06/04,4.02,85.81,,1.0,PRIME,Wallet,Chennai
ORD003847,CUST00688,DRV0289,Rapido,,5.68,102.55,0.0,4.0,XL,  Wallet  ,Pune
ORD003931,CUST01619,DRV0478,Rapido,00-00-0000,5.23,113.74,0.0,5.0,Bike,Card, Delhi
ORD001736,CUST00172,DRV0474,BluSmart,06/07/2023,13.43,231.23,78.13,3.0,  Sedan  ,Wallet,delhi
ORD003725,CUST02062,DRV0436,Ola,01-03-2025,6.59,108.32,0.0,4.0, Prime,,Jaipur
ORD001254,CUST01432,DRV0112,rapido,25-04-2025,7.83,113.22,,4.0, Prime,UPI,Mumbai
ORD002392,CUST00408,DRV0338,NAMMA YATRI,09-11-2025,8.52,192.76,0.0,2.0,XL,UPI,Chandigarh
ORD003419,CUST01129,DRV0096,Jugnoo,06-08-2024,11.04,210.06,0.0,4.0,sedan,Card,  Indore  
ORD000347,CUST00145,DRV0061,jugnoo,26-06-2023,15.22,251.39,,4.0,sedan,UPI,Bangalore
ORD000642,CUST02950,DRV0383,Ola,03/06/2023,9.46,195.07,0.0,4.0,Pool,UPI,Bhopal
ORD000501,CUST01140,DRV0125,Namma Yatri,09/02/2023,1.85,61.07,0.0,0.0,Auto,Card,Mumbai
ORD002948,cust02711,DRV0111,Ola,26-04-2025,7.2,104.5,5.44,1.0,xl,Net Banking,pune
ORD000982,CUST00712,DRV0279,NAMMA YATRI,2024/05/24,12.29,207.81,0.0,4.0,Prime,UPI,Jaipur
ORD001169,CUST00815,DRV0172,  BluSmart  ,28-06-2025,18.66,263.27,,,auto,Net Banking,Kolkata
ORD002166,CUST01827,DRV0172,jugnoo,31/08/2025,10.05,166.38,29.77,3.0,SUV,card, Hyderabad
ORD001283,CUST00734,DRV0178,Jugnoo,30/06/2024,6.53,127.66,66.2,2.0,SUV, UPI,HYDERABAD
ORD004361,CUST02105,DRV0243, Jugnoo,,13.51,167.46,0.0,2.0,Sedan,net banking,Chennai
ORD003701,CUST00272,DRV0274,Rapido,09-07-2023,3.3,0,0.0,1.0,SEDAN,UPI,Hyderabad
ORD002659,CUST00637,DRV0007,namma yatri,07-02-2025,17.58,353.23,0.0,5.0,bike,NET BANKING,Chandigarh
ORD001692,CUST01152,DRV0243, Meru,2023/01/12,,,0.0,1.0,Pool,UPI,Lucknow
ORD004723,CUST01156,DRV0031,Meru,11-05-2023,5.83,124.86,59.51,3.0,Auto,Cash,AHMEDABAD
ORD003992,CUST01512,DRV0136, Namma Yatri,2025/04/08,16.76,231.33,21.47,3.0,Mini,wallet,CHANDIGARH
ORD004030,CUST02171,DRV0027,InDrive,2025/05/31,3.12,83.99,0.0,3.0,SUV,Card,Mumbai
ORD002817,CUST00182,DRV0333,Ola,11-09-2024,5.94,106.65,,5.0,XL, Wallet, Pune
ORD002286,CUST01014,DRV0186,Uber,08/12/2023,10.3,0,0.0,1.0,sedan,UPI,Chandigarh
ORD002631,CUST00050,DRV0400,JUGNOO,20 Jul 2025,2.13,73.54,44.52,5.0,Pool,Net Banking,BANGALORE
ORD004742,CUST01111,DRV0491, Jugnoo,,6.5,152.61,0.0,4.0,Sedan,Cash,hyderabad
ORD000602,CUST02960,DRV0268,Uber,10-12-2023,10.17,152.71,,4.0,  Prime  ,  Net Banking  ,Gurugram
ORD001687,CUST02943,DRV0197,BluSmart,21-06-2023,12.02,229.38,78.28,4.0,Auto,Card,BHOPAL
ORD002671,CUST02920,DRV0323,indrive,12-01-2023,18.75,216.07,,5.0,AUTO,net banking,Gurugram
ORD002507,CUST00822,DRV0172,  Uber  ,21/02/2025,7.93,122.03,0.0,0.0,Auto,NET BANKING,
ORD004256,CUST00856,DRV0451,  Ola  ,02-06-2024,5.46,86.19,,1.0,SUV, Net Banking,Ahmedabad
ORD001293,CUST00845,DRV0121,RAPIDO,2025/07/15,6.75,118.89,0.0,4.0, Bike,Cash,Faridabad
ORD003801,CUST00650,DRV0192,Ola,16/10/2024,8.51,181.19,0.0,5.0,sedan,Card, Delhi
ORD003586,CUST02607,DRV0284,Jugnoo,20-08-2025,5.87,88.25,,2.0,  Auto  ,card,Chandigarh
ORD003605,CUST02914,DRV0027,Rapido,31 Oct 2023,10.95,155.47,0.0,3.0,Auto,cash,pune
ORD002633,cust02768,DRV0187,Ola,27 May 2024,8.94,177.83,0.0,2.0,XL,CASH,AHMEDABAD
ORD001758,CUST02159,DRV0223,OLA,08/08/2024,7.35,110.79,0.0,3.0,Mini,UPI,BANGALORE
ORD000007,CUST00642,DRV0446,namma yatri,06-03-2025,16.45,233.97,0.0,1.0,SUV, Net Banking,Kolkata
ORD003864,CUST02331,DRV0376,  Rapido  ,02-28-2023,5.67,88.89,0.0,3.0,Auto,CARD,Lucknow
ORD001362,CUST02014,DRV0086,BluSmart,08-30-2025,8.59,191.16,0.0,2.0,Bike,UPI,JAIPUR
ORD000204,CUST01004,DRV0206,Meru,29/05/2025,9.83,172.37,,4.0,XL,Wallet,Mumbai
ORD002925,CUST00066,DRV0029,Rapido,00-00-0000,14.44,155.74,0.0,3.0,Mini,Net Banking,
ORD001464,CUST00848,DRV0463,Ola,2024/01/12,4.86,113.35,0.0,1.0,Bike,Card,Bhopal
ORD003010,CUST02156,DRV0121,Uber,04-26-2024,11.07,146.7,0.0,1.0,Auto, Card,NOIDA
ORD003588,CUST01169,DRV0047,  Uber  ,27-12-2025,6.89,146.89,,3.0,mini,Card, Noida
ORD002053,CUST01062,DRV0259,Meru,2023/01/19,2.3,75.5,,1.0, Prime,Net Banking,DELHI
ORD001104,CUST01076,DRV0405,Meru,00-00-0000,11.69,231.9,0.0,3.0,Pool,Card,BANGALORE
ORD002011,CUST02582,DRV0391,Namma Yatri,09-16-2023,6.71,104.05,68.48,1.0,Pool,  Cash  ,  Chennai  
ORD003511,CUST00380,DRV0126,InDrive,08-09-2025,1.97,57.94,0.0,5.0,SEDAN,net banking,Chennai
ORD003035,CUST02573,DRV0099,BluSmart,2025/06/13,16.15,188.53,87.65,2.0,XL,wallet,Indore
ORD000200,CUST02822,DRV0126,Meru,14 Oct 2023,4.97,99.62,0.0,2.0,  SUV  ,Card,Ahmedabad
ORD003866,CUST02421,DRV0017,BluSmart,31/03/2024,7.18,164.1,,, XL,  Cash  ,indore
ORD001741,CUST02585,DRV0222,Uber,00-00-0000,,,0.0,4.0,XL,,CHANDIGARH
ORD003129,CUST00626,DRV0122,Uber,11-12-2023,13.59,266.87,95.56,1.0, Auto,Net Banking,  Pune  
ORD002883,CUST01192,DRV0424,Rapido,,0.35,,0.0,5.0,SUV,Card,Bhopal
ORD000545,CUST01718,DRV0073,Ola,03-19-2023,,,0.0,7.0,Pool,  Cash  , Chandigarh
ORD002306,CUST01876,DRV0381,Uber,15 Jul 2025,4.18,84.37,,2.0,Sedan,Wallet, Noida
ORD004868,CUST00860,DRV0366,Rapido,2025/02/12,6.01,99.79,0.0,4.0,Pool,UPI,Jaipur
ORD000351,CUST02667,DRV0071,Jugnoo,15/02/2024,10.54,153.25,27.12,4.0,XL,Card,Gurugram
ORD000578,CUST00496,DRV0330,  Namma Yatri  ,11/10/2024,3.78,73.1,61.01,5.0,SEDAN,Card,DELHI
ORD003489,CUST01249,DRV0207,Rapido,00-00-0000,10.59,127.51,0.0,1.0,Bike,upi, Ahmedabad
ORD001578,CUST01973,DRV0373,Uber,,3.01,79.24,,2.0,mini,  UPI  ,FARIDABAD
ORD003812,CUST02172,DRV0041,BluSmart,08-16-2024,3.66,102.83,0.0,5.0,Auto,  Net Banking  ,CHANDIGARH
ORD001010,CUST00264,DRV0432,OLA,04-04-2024,-15.31,30,,2.0,Bike,CARD, Pune
ORD000686,CUST02792,DRV0466,uber,26-06-2024,3.75,100.24,,4.0, SUV,UPI,Bhopal
ORD003899,CUST01104,DRV0294, Rapido,20/12/2024,14.4,203.81,0.0,2.0,prime,net banking,  Bangalore  
ORD000368,CUST01234,DRV0259,UBER,01-03-2023,,,0.0,2.0,suv,Card,  Bangalore  
ORD004944,cust01670,DRV0110,NAMMA YATRI,08-09-2023,14.69,187.96,0.0,3.0,AUTO,  UPI  ,Lucknow
ORD001932,CUST02521,DRV0197,Uber,01/12/2023,3.62,69.97,0.0,1.0,mini,Wallet,gurugram
ORD000763,,DRV0392,RAPIDO,18/03/2023,11.73,217.93,,5.0,Mini,,
ORD001461,CUST02436,DRV0473,InDrive,,10.62,150.68,,1.0,  SUV  ,Card,noida
ORD003617,CUST01930,DRV0065,OLA,28/06/2025,8.08,106.66,0.0,1.0,Sedan,Card,lucknow
ORD002743,CUST01032,DRV0015,Namma Yatri,01-02-2024,3.08,94.32,0.0,4.0,SUV,  Card  ,Noida
ORD002869,CUST00242,DRV0070,Ola,11-02-2023,10.54,214.44,,1.0,  Prime  ,CASH,Chennai
ORD000206,CUST00085,DRV0368,,14/10/2023,14.93,273.31,0.0,5.0,Auto,Cash,Gurugram
ORD003873,CUST00553,DRV0200,Rapido,24-09-2023,7.56,117.09,79.11,3.0,  Pool  ,Cash,Chandigarh
ORD000677,CUST00646,DRV0474, Rapido,16-12-2023,7.02,118.73,0.0,5.0,bike,  Net Banking  ,  Noida  
ORD003591,CUST00732,DRV0001,rapido,23/01/2025,20.33,-380.0,-35.03,2.0,Pool,upi,GURUGRAM
ORD000955,CUST02403,,Meru,29-04-2023,17.28,,37.56,4.0,Bike,  Cash  ,JAIPUR
ORD001070,CUST02138,DRV0484,  Jugnoo  ,08 Oct 2025,24.71,476.05,,4.0,SUV,  Cash  ,Chandigarh
ORD001141,CUST02200,DRV0176,  InDrive  ,2023/07/15,16.26,234.64,,2.0,Mini,wallet,faridabad
ORD004108,CUST00605,DRV0069,  Jugnoo  ,,1.05,53.38,55.86,2.0,PRIME,wallet,Ahmedabad
ORD004729,CUST00821,DRV0193,RAPIDO,2024/04/03,4.4,106.45,0.0,,  Bike  ,CARD,kolkata
ORD001276,CUST01698,DRV0357,namma yatri,07-08-2023,4.41,88.52,,3.0,xl,UPI,Delhi
ORD004257,CUST02296,DRV0474,Jugnoo,26-02-2025,16.62,275.98,0.0,3.0,,Wallet,Faridabad
ORD001013,CUST01703,DRV0291,indrive,02-14-2023,16.76,264.12,0.0,4.0,Bike,NET BANKING,Pune
ORD002308,CUST02327,DRV0317,UBER,24 Mar 2025,13.23,194.64,,1.0,PRIME,UPI, Lucknow
ORD001969,CUST02149,DRV0436,NAMMA YATRI,04-12-2024,4.94,119.42,,5.0,AUTO,  Cash  ,Chennai
ORD004221,CUST02976,DRV0085,Namma Yatri,05-02-2024,6.26,-137.22,,2.0,auto,Net Banking,FARIDABAD
ORD002321,,DRV0410,Uber,2023/02/14,3.84,95.76,0.0,4.0,xl,Net Banking,MUMBAI
ORD002832,CUST00662,DRV0065,Ola,09-17-2025,14.19,256.75,0.0,3.0,xl, UPI,PUNE
ORD002617,CUST00253,DRV0332,OLA,2025/07/14,2.65,66.46,0.0,1.0,XL,  Wallet  ,Bhopal
ORD002905,CUST02905,DRV0244,rapido,2025/12/28,8.24,128.76,,5.0, Bike,Wallet,Chandigarh
ORD001055,CUST02826,DRV0049,UBER,18/02/2024,7.74,175.81,0.0,2.0,Auto,Wallet,Chennai
ORD004798,CUST00337,DRV0147,Ola,06 Oct 2024,7.73,167.94,16.32,1.0,suv,cash, Chennai
ORD000434,CUST01366,DRV0151,BluSmart,,0.22,42.32,,2.0,Auto,upi,chandigarh
ORD002637,CUST01919,DRV0305,MERU,06/07/2023,8.6,189.62,0.0,2.0,  XL  ,UPI,Delhi
ORD004311,CUST02588,DRV0012,Ola,16/10/2024,11.49,136.6,66.63,1.0,SUV,NET BANKING, Delhi
ORD002661,CUST02313,DRV0439,InDrive,2024/01/06,6.42,127.2,81.82,4.0,auto,UPI,Lucknow
ORD004279,CUST01940,DRV0469, Ola,00-00-0000,6.57,113.81,21.78,5.0,SUV,NET BANKING,Kolkata
ORD000241,CUST00763,DRV0387,meru,29-01-2023,17.98,282.69,0.0,5.0,AUTO,Cash,DELHI
ORD003450,CUST02591,DRV0361,meru,2024/03/27,12.81,147.39,,5.0,BIKE,net banking,Jaipur
ORD004196,CUST00611,DRV0347,rapido,06-13-2024,12.3,171.85,0.0,1.0,AUTO,Cash,Pune
ORD000230,CUST02430,DRV0469,RAPIDO,01-09-2025,4.8,101.94,,4.0,Sedan,CARD,  Pune  
ORD001200,CUST01352,DRV0147,ola,05-01-2023,1.39,53.68,0.0,9.0,bike,cash,  Bhopal  
ORD000551,CUST02682,DRV0374,Namma Yatri,2025/12/14,9.65,166.9,,3.0,sedan,Card,Delhi
ORD002849,CUST02068,DRV0071,uber,28 Jun 2023,1.88,72.71,0.0,2.0,suv,  Cash  ,GURUGRAM
ORD003320,CUST02137,DRV0261,meru,04-22-2024,5.86,131.07,0.0,5.0,SUV,Card,
ORD002342,CUST02881,DRV0085,  Uber  ,15-09-2025,5.79,112.51,64.96,4.0,Auto,UPI,HYDERABAD
ORD002031,CUST02096,DRV0438,  Namma Yatri  ,13/09/2025,9.54,-140.29,57.29,5.0,Auto,  Net Banking  ,bhopal
ORD003116,CUST01388,DRV0452,Uber,00-00-0000,9.6,-208.36,,1.0,Prime,WALLET,Pune
ORD002778,CUST01251,DRV0454,Rapido,06 Oct 2023,10.74,131.81,8.71,5.0,XL,Wallet,Delhi
ORD003430,CUST01684,DRV0220,Jugnoo,2023/03/01,11.61,158.95,0.0,2.0,Bike,upi, Bhopal
ORD001843,,DRV0359,Rapido,02-28-2024,0.72,49.72,0.0,3.0,AUTO,Cash,BANGALORE
ORD000782,CUST01673,DRV0474,  BluSmart  ,10-03-2025,11.8,217.66,12.37,5.0,pool,Card,  Noida  
ORD001441,CUST00135,DRV0112,ola,28-12-2025,1.53,,,2.0,Pool, Card,Jaipur
ORD000193,CUST00120,DRV0429,Jugnoo,12-03-2024,16.17,185.27,84.39,5.0,auto,Wallet,hyderabad
ORD004554,CUST00852,DRV0160,Ola,00-00-0000,10.16,158.78,58.62,4.0,sedan,cash,Bangalore
ORD004445,CUST02564,DRV0262,MERU,01/12/2023,2.76,78.29,0.0,4.0,prime,UPI,Delhi
ORD004240,CUST02819,DRV0007, BluSmart,02-06-2025,7.11,,0.0,1.0, Mini,UPI,Mumbai
ORD002369,CUST02540,DRV0168,ola,2023/04/14,11.97,142.72,,2.0,XL,Card,DELHI
ORD003075,CUST02559,DRV0167,blusmart,25-08-2025,3.7,,0.0,4.0,POOL,Net Banking,Gurugram
ORD004492,CUST02704,DRV0464,uber,05-11-2024,10.45,156.07,0.0,3.0,Prime,card,Chennai
ORD003178,,DRV0355,Meru,,4.54,99.32,0.0,3.0,Pool, Card,Bangalore
ORD004505,CUST00778,DRV0378,BluSmart,03-27-2025,7.42,172.37,,2.0,,Wallet,MUMBAI
ORD001208,CUST01220,DRV0452,NAMMA YATRI,12-03-2023,9.27,186.83,77.53,2.0,SUV,card,Lucknow
ORD003715,CUST01199,DRV0389,Ola,00-00-0000,11.7,219.25,0.0,3.0, Pool,Card,Chandigarh
ORD000023,CUST01303,DRV0170,Jugnoo,2025/01/05,8.82,176.8,,3.0,,card,Gurugram
ORD002126,CUST00225,DRV0216,InDrive,2025/02/20,1.58,67.29,0.0,3.0,Bike,UPI,  Ahmedabad  
ORD003918,cust02539,DRV0146, Uber,01-09-2023,13.71,173.83,0.0,2.0,Sedan,Cash, Lucknow
ORD001309,CUST01376,DRV0229,BLUSMART,26/06/2025,5.68,109.31,,4.0,  Prime  ,CARD,Mumbai
ORD000797,CUST00162,DRV0256,jugnoo,11-23-2025,14.37,260.71,0.0,4.0,PRIME,net banking,Hyderabad
ORD001990,CUST02823,DRV0142,Jugnoo,12-08-2023,22.85,408.35,29.58,1.0,Sedan,card,Jaipur
ORD003905,CUST02065,DRV0054,  Jugnoo  ,22 Dec 2024,14.15,190.62,0.0,5.0,Bike,UPI,Noida
ORD002837,CUST02566,DRV0262,Meru,07-21-2023,5.3,100.44,0.0,3.0,AUTO,  Net Banking  ,HYDERABAD
ORD003455,CUST02648,DRV0331,  Uber  ,2025/06/11,17.05,187.0,0.0,1.0,Bike,cash,  Chennai  
ORD001774,CUST02256,DRV0349,BluSmart,20-03-2025,17.68,337.25,0.0,4.0, Pool,CASH,mumbai
ORD001236,CUST02397,DRV0435,InDrive,2025/11/07,5.62,127.08,,1.0,SUV,card,bangalore
ORD001861,CUST00034,DRV0470,UBER,10/01/2024,10.93,136.3,,4.0,sedan,net banking,AHMEDABAD
ORD003543,CUST01587,DRV0361, BluSmart,08-03-2023,9.0,146.99,,1.0,  Mini  ,Net Banking,Hyderabad
ORD001045,CUST00064,DRV0233,Meru,11-13-2025,6.58,146.36,0.0,1.0,AUTO,  Net Banking  ,FARIDABAD
ORD004024,CUST00667,DRV0493,BluSmart,,,,0.0,3.0,,Card,Noida
ORD000618,CUST00693,DRV0017,NAMMA YATRI,00-00-0000,4.72,117.25,0.0,4.0,  Bike  ,Wallet,Indore
ORD004823,CUST00596,DRV0191,InDrive,08 Apr 2025,2.33,80.76,,3.0,Pool,,Kolkata
ORD004044,CUST01634,DRV0163,Rapido,01/06/2025,4.33,90.9,0.0,2.0,suv,Wallet,Gurugram
ORD004716,CUST01732,DRV0278,Jugnoo,04 Jan 2025,15.36,,,4.0,AUTO,Card,Lucknow
ORD003688,CUST01715,DRV0123,  Ola  ,06-24-2025,11.18,199.76,,3.0, XL,Cash,bhopal
ORD001275,CUST02249,DRV0404,Jugnoo,06 Dec 2025,5.4,,69.85,4.0,mini,Card,BANGALORE
ORD002135,CUST01665,DRV0356,JUGNOO,00-00-0000,9.58,194.57,0.0,3.0,Pool,Cash,kolkata
ORD000529,CUST02582,DRV0172,BLUSMART,25/03/2024,15.77,296.78,91.21,1.0,POOL,Card,Mumbai
ORD001915,CUST00897,DRV0203,InDrive,00-00-0000,10.86,230.28,0.0,4.0,Bike,Cash, Jaipur
ORD001328,CUST02967,DRV0142,ola,26-11-2023,6.28,108.07,,4.0,SUV,wallet,MUMBAI
ORD000535,CUST00530,DRV0467,InDrive,2024/10/13,14.2,222.55,,4.0,xl,cash,pune
ORD004363,CUST01899,DRV0368,  Namma Yatri  ,,2.42,61.78,67.42,1.0,XL,UPI,DELHI
ORD002467,CUST00164,DRV0102,Uber,04-18-2024,8.31,107.09,,1.0,suv,CASH,AHMEDABAD
ORD004936,CUST00051,DRV0376,Uber,13/05/2025,4.3,113.41,0.0,4.0,XL,Wallet, Chandigarh
ORD004049,CUST01337,DRV0384,BluSmart,2023/08/13,4.84,102.48,25.0,5.0,, Net Banking,Hyderabad
ORD002327,CUST00724,DRV0030,  Ola  ,31 Jul 2025,12.97,251.97,-8.03,4.0,Bike, Card,  Chennai  
ORD000900,CUST01251,DRV0079,  BluSmart  ,2024/01/24,4.0,73.73,83.17,3.0,bike,Net Banking,MUMBAI
ORD001735,CUST02204,DRV0485,BluSmart,11/01/2023,12.99,154.07,,2.0,PRIME,  Card  ,Noida
ORD000419,CUST02912,DRV0274,Jugnoo,2024/03/01,10.28,212.59,0.0,3.0,Mini,UPI,NOIDA
ORD001158,CUST01584,DRV0241,Uber,00-00-0000,7.88,133.92,0.0,4.0,Mini,net banking,PUNE
ORD002895,CUST01400,DRV0263,Uber,21-04-2023,6.8,140.78,9.62,4.0,Sedan,Cash,Gurugram
ORD004324,CUST02566,DRV0013,RAPIDO,2025/03/16,2.34,68.14,,5.0,Bike,net banking,Ahmedabad
ORD002101,CUST02543,DRV0035,uber,17-01-2023,1.4,55.92,,3.0,Bike,Cash,Delhi
ORD003008,CUST01870,DRV0433,InDrive,31/07/2024,9.07,176.97,44.28,3.0,Bike,card, Bhopal
ORD001497,,DRV0269,  Rapido  ,01-10-2023,11.3,205.66,0.0,4.0,SEDAN, UPI,Chandigarh
ORD000350,CUST02665,DRV0111,  Meru  ,2025/01/25,12.7,234.18,-12.7,2.0,Prime,,ahmedabad
ORD002140,CUST01548,DRV0158, Meru,00-00-0000,9.41,184.4,,1.0,Auto,UPI,Mumbai
ORD004312,CUST02836,DRV0115,MERU,00-00-0000,8.03,143.63,0.0,,Pool,  Wallet  ,
ORD001186,CUST00329,DRV0434, Rapido,28 Feb 2024,11.21,217.06,,3.0,  Prime  , Net Banking,kolkata
ORD003473,CUST02460,DRV0274,  Namma Yatri  ,07-10-2023,11.93,240.4,78.67,3.0,  XL  ,Cash,faridabad
ORD002898,CUST00034,DRV0374,Namma Yatri,2025/03/13,13.78,255.14,0.0,3.0,sedan,UPI,  Lucknow  
ORD002190,CUST00428,DRV0062,Meru,,1.15,57.12,0.0,2.0,XL,Cash,  Faridabad  
ORD003433,CUST02851,DRV0215,Jugnoo,26-08-2023,6.44,151.62,,1.0,XL,NET BANKING,GURUGRAM
ORD002557,CUST02418,DRV0303,Uber,2025/10/25,11.92,204.47,,2.0, Sedan,Card,BANGALORE
ORD000672,,DRV0207,ola,00-00-0000,1.48,58.41,38.55,5.0,auto,Card,Bhopal
ORD000934,CUST00759,DRV0212,Ola,10-21-2025,15.15,193.32,0.0,,Bike,UPI,
ORD002156,CUST00555,DRV0408,Meru,08/06/2025,5.22,118.84,0.0,5.0,MINI,Cash,Chennai
ORD000894,CUST00084,DRV0462,meru,28/08/2024,4.54,99.43,0.0,4.0,Pool,  Wallet  ,  Bhopal  
ORD000539,CUST00005,DRV0030,BluSmart,19-10-2023,6.09,143.45,,4.0,MINI,Net Banking,faridabad
ORD001411,CUST02761,DRV0177,InDrive,2023/05/25,5.14,120.86,,5.0,Bike,CARD,GURUGRAM
ORD004901,CUST02605,DRV0019,Rapido,11-30-2023,11.35,232.71,,1.0,POOL,Card,indore
ORD001478,CUST01078,DRV0298,  Jugnoo  ,2025/09/24,0.23,43.2,0.0,4.0,Sedan,net banking,Mumbai
ORD003310,CUST00395,DRV0375,meru,25 Nov 2024,9.9,148.45,,2.0,SEDAN,UPI,Pune
ORD001492,CUST00884,DRV0144,BluSmart,09-11-2023,2.39,62.65,,3.0,auto,Cash, Pune
ORD000425,CUST02213,DRV0324,,07-05-2023,0.22,42.65,,1.0,  Pool  ,WALLET,Ahmedabad
ORD003662,CUST02761,DRV0212,  Ola  ,2024/01/13,22.49,372.86,97.5,5.0,Sedan,Wallet, Faridabad
ORD004387,CUST00865,DRV0448,uber,01 May 2023,11.36,171.02,,4.0,  Sedan  ,Net Banking,Delhi
ORD002840,CUST02463,DRV0241,Meru,25 Feb 2024,5.23,110.3,0.0,4.0,Sedan,Cash,Chandigarh
ORD000699,CUST01781,DRV0149,BluSmart,23-06-2024,3.1,,,3.0,xl,cash, Pune
ORD002896,CUST01468,DRV0362,UBER,,13.67,199.64,0.0,4.0,auto,Card,Noida
ORD000032,CUST01366,DRV0353,INDRIVE,04-10-2025,3.87,72.76,0.0,5.0,XL,Wallet,  Lucknow  
ORD004051,CUST01789,DRV0404,BluSmart,20 Aug 2025,7.4,165.96,-41.81,3.0,PRIME,WALLET,Kolkata
ORD004341,CUST00254,DRV0376,Meru,00-00-0000,-26.59,30,0.0,2.0,Sedan,NET BANKING,Gurugram
ORD004652,CUST02495,DRV0090,Uber,14-11-2024,13.08,249.95,39.07,1.0, SUV,UPI,  Chennai  
ORD003303,CUST01911,DRV0117,Rapido,05-10-2023,3.71,74.26,81.6,3.0,auto,Card,gurugram
ORD003970,CUST01740,DRV0345,ola,24 Jun 2023,14.95,198.67,,3.0,Mini,Cash,Gurugram
ORD003491,CUST02282,DRV0494,Uber,2025/08/05,7.75,,,3.0,XL,Card,Kolkata
ORD004865,CUST01037,DRV0248,Jugnoo,04-09-2024,7.92,119.68,,3.0,BIKE,cash,Gurugram
ORD004594,CUST02242,DRV0343,NAMMA YATRI,30/11/2024,12.08,168.12,76.33,2.0,SUV,  Wallet  ,  Hyderabad  
ORD004469,CUST02773,DRV0410,,00-00-0000,14.08,293.41,,2.0,Pool,Wallet,ahmedabad
ORD001948,CUST01703,DRV0435,Rapido,20 Dec 2024,9.04,140.23,0.0,5.0,  Auto  ,Wallet, Noida
ORD001071,CUST02298,DRV0328,BluSmart,02 Nov 2023,5.84,113.96,,4.0,sedan,Card,
ORD002450,CUST01179,DRV0133,BluSmart,06-07-2024,5.35,105.77,0.0,2.0,BIKE,Wallet,Hyderabad
ORD004842,CUST00713,DRV0185, InDrive,06-13-2024,9.84,174.43,,2.0,XL,wallet,JAIPUR
ORD003541,CUST01749,DRV0465,Namma Yatri,12/11/2024,0.29,43.71,,5.0,Mini, Card,Faridabad
ORD001082,CUST01864,DRV0477,,13/04/2023,3.22,70.73,,,XL,cash,Gurugram
ORD001867,CUST02192,DRV0317,Namma Yatri,2023/04/21,8.47,162.93,0.0,3.0,SUV,Card,Delhi
ORD000019,CUST01898,DRV0457,Namma Yatri,19/01/2024,2.59,64.48,0.0,5.0,SUV,WALLET,Bhopal
ORD000448,CUST02552,DRV0005, Meru,10-14-2023,13.16,208.77,0.0,2.0,Sedan,Cash,pune
ORD004436,CUST02587,DRV0384,InDrive,2023/04/19,5.6,97.56,,1.0,SEDAN,UPI,Chandigarh
ORD002121,CUST01265,,InDrive,05-27-2023,4.66,116.73,82.41,5.0,pool,NET BANKING, Indore
ORD001188,CUST01493,DRV0246,Rapido,11-29-2024,16.46,183.58,0.0,5.0,bike,NET BANKING,Gurugram
ORD001660,,DRV0090,InDrive,2023/12/30,12.38,222.21,0.0,5.0,Prime,UPI,Jaipur
ORD000152,CUST00601,DRV0378,meru,2023/04/17,13.15,235.84,0.0,4.0,  SUV  ,Card,Delhi
ORD002492,CUST02856,DRV0327,Namma Yatri,11/09/2024,4.6,96.58,0.0,,Prime, Card,Bangalore
ORD003323,CUST00637,DRV0194,  Uber  ,10-17-2023,-19.25,30,0.0,,SUV,Net Banking,Noida
ORD001072,CUST00828,DRV0340,Rapido,2023/07/04,,,,2.0,Pool,  Wallet  , Lucknow
ORD004666,CUST00932,DRV0216,  Meru  ,05-05-2023,12.47,167.94,0.0,2.0,SEDAN,UPI,LUCKNOW
ORD000237,,DRV0131,Meru,,3.56,87.11,,2.0,Prime,Wallet,CHENNAI
ORD002180,CUST00758,DRV0348,Jugnoo,00-00-0000,6.07,106.84,0.0,4.0,XL,Wallet,jaipur
ORD002761,CUST02515,DRV0084,Ola,09-22-2024,4.12,80.23,0.0,4.0,pool,Cash,BHOPAL
ORD002332,CUST02224,DRV0138,BluSmart,21/01/2025,3.92,107.85,,3.0,Prime,Card,BANGALORE
ORD004415,CUST02044,DRV0424,Rapido,18/10/2023,8.17,128.68,0.0,5.0,XL,Wallet,HYDERABAD
ORD001936,CUST00678,DRV0083,Uber,02-09-2025,14.07,250.07,0.0,2.0,SUV,Wallet,Pune
ORD001130,CUST02435,DRV0075,Rapido,21 Jun 2025,4.35,96.82,,5.0,Bike,Net Banking,Indore
ORD000570,CUST00544,DRV0279,BluSmart,07-26-2023,7.94,105.0,,2.0,Pool,UPI,MUMBAI
ORD002209,CUST01375,DRV0042,Jugnoo,2024/06/23,7.2,,82.13,4.0,XL,  Cash  ,gurugram
ORD003218,CUST01486,DRV0463, Ola,11-28-2023,2.81,65.5,35.94,5.0,Sedan,Card,delhi
ORD001121,CUST00235,DRV0454,Rapido,07-01-2024,,,0.0,5.0,Mini,Net Banking,Jaipur
ORD002397,CUST02976,DRV0329,Jugnoo,,1.58,67.54,0.0,2.0,Bike,  Card  ,Jaipur
ORD000995,CUST02283,DRV0443,  Ola  ,18/08/2024,1.48,61.41,,3.0,  Prime  ,Wallet,Delhi
ORD001092,CUST01675,DRV0310,Uber,04/04/2023,0.35,43.27,0.0,5.0,SEDAN,upi,bhopal
ORD003149,CUST02286,DRV0220,MERU,23/04/2024,5.81,134.21,65.7,2.0,  Auto  ,wallet,Bangalore
ORD000022,CUST01424,DRV0458,RAPIDO,04-20-2023,1.32,50.8,0.0,5.0,POOL,UPI,
ORD003005,,DRV0451,Namma Yatri,02/01/2023,6.49,153.75,0.0,4.0,Mini,UPI,Lucknow
ORD004268,CUST02096,DRV0148,  Uber  ,09-08-2024,9.24,129.19,,4.0,POOL,Card,chandigarh
ORD001562,CUST01782,DRV0175,Uber,2024/02/28,7.59,144.1,,3.0,SUV,UPI,Lucknow
ORD000592,CUST00333,DRV0120,UBER,13/10/2024,9.36,Rs 205.46,,1.0,,Net Banking,HYDERABAD
ORD003390,CUST00271,DRV0053,Rapido,04 Jan 2024,11.32,205.15,98.13,4.0,  Prime  ,UPI,
ORD002521,CUST01921,DRV0155,Namma Yatri,10-10-2023,9.2,163.33,0.0,3.0,sedan,Cash,Hyderabad
ORD004768,CUST01062,DRV0300,Uber,2025/08/28,5.13,87.27,,3.0,Mini,Wallet,
ORD002739,CUST02308,DRV0093,Ola,05-10-2025,17.86,264.29,,1.0,PRIME,Net Banking,Lucknow
ORD004737,CUST01713,DRV0018,Jugnoo,21-11-2025,13.75,237.12,,4.0,XL,CASH,Bangalore
ORD004394,CUST02375,DRV0217,NAMMA YATRI,11-01-2023,8.93,196.31,0.0,4.0,Prime,Wallet,Lucknow
ORD002643,CUST00951,DRV0005,Jugnoo,25-02-2025,13.85,232.71,0.0,3.0,  Sedan  ,UPI,Kolkata
ORD004556,CUST02928,DRV0137,Namma Yatri,05-09-2025,1.25,61.21,75.5,1.0,XL,Net Banking,Lucknow
ORD004791,CUST00703,DRV0268,Ola,25 Jun 2025,0.66,45.84,15.57,1.0,sedan,  Cash  ,Jaipur
ORD002972,CUST00350,DRV0357,Jugnoo,23-05-2023,5.6,130.13,92.84,3.0,MINI,  Cash  ,Delhi
ORD002938,CUST00571,DRV0149,InDrive,06-11-2025,14.63,196.08,,1.0,SUV,Wallet,Jaipur
ORD002935,CUST00386,DRV0229,RAPIDO,,14.09,268.31,,3.0,Auto,UPI,
ORD002508,CUST01568,DRV0414,InDrive,,4.88,109.42,0.0,5.0,Pool,Cash,noida
ORD000039,CUST02759,DRV0104,jugnoo,2024/03/27,15.33,162.68,0.0,3.0,Pool,Net Banking,bhopal
ORD000568,CUST01744,DRV0247,BluSmart,04 Feb 2025,28.32,314.61,,2.0,Sedan,wallet,HYDERABAD
ORD002472,CUST00864,DRV0124,Jugnoo,00-00-0000,4.96,100.83,54.57,2.0, Pool,  Cash  ,HYDERABAD
ORD001424,CUST02536,DRV0094,MERU,01-13-2023,10.3,222.11,0.0,3.0,SUV,Net Banking,Chandigarh
ORD003892,CUST00075,DRV0269,meru,2024/09/09,10.5,164926.37,73.1,5.0,Sedan,Card,BANGALORE
ORD002542,CUST01140,DRV0451,Jugnoo,08-11-2023,1.68,,0.0,2.0,sedan,NET BANKING,GURUGRAM
ORD002231,CUST02058,DRV0201,Namma Yatri,17-07-2023,0.1,41.17,0.0,2.0,SUV,CASH,faridabad
ORD004932,CUST00334,DRV0098,UBER,09-22-2025,16.06,235.04,,1.0,mini,Cash,PUNE
ORD000522,CUST01197,DRV0034,NAMMA YATRI,23/11/2023,5.27,127.18,25.14,5.0, Mini,Cash,Noida
ORD002862,CUST01697,DRV0309,Uber,09/08/2024,0.7,47.48,,,prime,card,  Gurugram  
ORD001172,CUST01346,DRV0348,indrive,17-10-2025,15.02,266.19,0.0,3.0,XL,  UPI  ,Bangalore
ORD002339,CUST01254,DRV0249,Meru,2024/03/21,7.5,,0.0,1.0,Bike,NET BANKING,chennai
ORD001355,CUST01874,DRV0001,uber,12-03-2024,7.59,117.46,73.05,4.0,bike,Card,Pune
ORD004607,CUST01177,DRV0257,blusmart,2023/01/28,20.71,323.47,,3.0,BIKE,Wallet,Pune
ORD003112,CUST01107,DRV0459,BluSmart,10 Jun 2024,4.21,80.62,0.0,2.0,Auto,NET BANKING,Noida
ORD004265,CUST02297,DRV0370,JUGNOO,2023/01/17,6.84,146.74,0.0,1.0,pool,Wallet,Indore
ORD003742,CUST00123,DRV0117,Meru,2023/10/13,7.54,173.42,26.44,1.0,Mini,Card,Delhi
ORD001234,CUST01362,DRV0310,Namma Yatri,05/06/2025,9.72,120.74,,4.0,Auto,Net Banking,jaipur
ORD001022,CUST01022,DRV0275,Jugnoo,10-04-2023,6.87,Rs 107.41,0.0,1.0,Auto,card,Mumbai
ORD002865,CUST00823,DRV0126,ola,15-10-2024,11.97,203.43,47.94,1.0,Bike,wallet, Chandigarh
ORD000381,CUST00696,DRV0232,Namma Yatri,2023/03/31,7.56,166.15,46.94,2.0,Auto,UPI,Pune
ORD003996,CUST00345,DRV0201,  Uber  ,,10.01,,21.77,3.0,SUV,,Jaipur
ORD004906,CUST00364,DRV0085, Rapido,,22.27,256.05,0.0,5.0,Pool,UPI,CHENNAI
ORD002571,CUST02764,DRV0316,InDrive,06-07-2024,11.65,154.07,84.77,4.0,Auto,wallet, Chandigarh
ORD003871,CUST00933,DRV0405, Namma Yatri,2023/09/14,13.07,266.49,0.0,3.0,suv,  Net Banking  ,Bangalore
ORD004460,CUST02397,DRV0273,Ola,11-07-2023,1.64,60.31,56.83,5.0,auto,  Cash  ,Jaipur
ORD002271,CUST01469,DRV0476,BLUSMART,27/07/2023,5.53,126.71,61.69,5.0,Bike,Wallet,indore
ORD002709,CUST02472,DRV0100,BluSmart,2025/02/15,,,,2.0,pool, Cash,indore
ORD002368,CUST00190,DRV0348,Rapido,11-10-2023,11.43,192.56,0.0,1.0,Mini,cash,Ahmedabad
ORD002454,CUST02141,,NAMMA YATRI,2024/02/16,0.67,51.83,,3.0,Pool,Net Banking,Chennai
ORD002716,CUST02482,DRV0342,  Uber  ,07 Sep 2023,4.74,93.97,36.28,5.0,  Prime  ,,Mumbai
ORD001724,CUST00958,DRV0224,  Meru  ,15-04-2024,5.31,85.27,0.0,2.0,Sedan,CARD,  Bhopal  
ORD000309,CUST02229,DRV0317,RAPIDO,06-06-2024,13.66,249.66,0.0,3.0,SUV,Wallet,bangalore
ORD004687,CUST02281,DRV0178,,20 Apr 2024,0.83,52.08,0.0,,SUV,Wallet,GURUGRAM
ORD003397,CUST01065,DRV0003,jugnoo,2024/04/27,5.83,129.22,0.0,3.0,SEDAN,Card,Chennai
ORD001632,CUST00129,DRV0381,indrive,,3.9,75.12,0.0,4.0,SUV,Net Banking,mumbai
ORD000455,CUST02217,DRV0061,meru,2025/03/31,4.95,127.54,14.16,2.0,pool,WALLET,  Indore  
ORD000520,CUST02775,DRV0454,  InDrive  ,02 Jan 2025,8.6,168.11,0.0,3.0,Mini,UPI, Bangalore
ORD003409,CUST02341,DRV0031, BluSmart,00-00-0000,24.81,284.14,,1.0,Pool,  Wallet  ,Faridabad
ORD004346,CUST00817,DRV0184,Rapido,10-06-2025,15.53,246.16,0.0,3.0,Sedan, Wallet,PUNE
ORD000813,CUST01387,DRV0024,  InDrive  ,25/05/2024,8.13,170.94,,5.0,Bike,Net Banking,Noida
ORD003152,CUST01813,DRV0439,JUGNOO,29-08-2025,10.15,188.48,0.0,4.0,Prime,CARD,Bhopal
ORD003679,CUST02777,DRV0054,Ola,2024/10/17,11.67,158.92,,4.0,Auto,UPI,Delhi
ORD004264,CUST02713,DRV0253,  InDrive  ,2025/03/06,0.49,45.02,0.0,1.0,Mini,wallet,Lucknow
ORD002478,CUST01250,DRV0326,Namma Yatri,2025/07/26,1.63,59.9,,5.0,XL,  Cash  ,Jaipur
ORD002566,CUST01501,DRV0395,JUGNOO,2024/01/31,9.36,138.76,,5.0,Sedan,UPI,Delhi
ORD004878,CUST01112,DRV0414,Ola,28/10/2023,3.81,95.63,0.0,3.0,xl,Net Banking,Chennai
ORD000550,CUST00072,DRV0244,BluSmart,2023/02/10,0.8,51.74,,2.0,  XL  ,  UPI  ,Lucknow
ORD004739,CUST00222,DRV0476,Namma Yatri,04-14-2023,15.7,218.31,0.0,1.0,Sedan,Wallet,Bangalore
ORD001378,CUST00624,DRV0491,Namma Yatri,2025/02/06,14.46,231.09,0.0,2.0,Sedan,UPI,  Faridabad  
ORD001418,CUST00451,DRV0150,OLA,2025/06/05,9.33,189.74,18.09,3.0, Bike,UPI,Chennai
ORD004503,CUST00045,DRV0141, Rapido,02-20-2025,19.31,199.42,36.55,2.0,Prime,Cash,noida
ORD003061,CUST00604,DRV0368,Ola,2025/09/16,,,,2.0,PRIME,net banking,lucknow
ORD002565,CUST02997,DRV0025,Uber,12-02-2023,14.26,212.57,0.0,1.0, Mini,Card,AHMEDABAD
ORD004773,CUST02854,DRV0463,blusmart,24-06-2023,7.53,149.21,23.58,4.0,Mini,Wallet,faridabad
ORD004987,CUST02521,DRV0174,Namma Yatri,04-01-2024,8.49,171.31,57.41,1.0,XL,net banking,Jaipur
ORD000313,CUST02342,DRV0119, BluSmart,08-11-2025,11.98,137.57,62.04,5.0,AUTO,Wallet,Chandigarh
ORD000158,CUST01584,DRV0429,MERU,07-14-2023,4.92,82.55,,,  Prime  ,Wallet,Indore
ORD000196,CUST00797,DRV0075,,2025/06/25,11.98,,88.06,5.0,AUTO,UPI,Bangalore
ORD003557,CUST01500,DRV0421,UBER,11 Aug 2025,17.7,226.79,70.32,3.0,AUTO,  Net Banking  ,  Chandigarh  
ORD001669,CUST01901,DRV0259,Rapido,03-01-2023,11.44,185.4,0.0,5.0,SUV,UPI,Bangalore
ORD000916,CUST01186,DRV0181,BluSmart,2024/11/18,5.3,130.78,63.62,5.0,Bike,UPI,Delhi
ORD000961,CUST01273,DRV0017,rapido,21-11-2023,2.32,61.81,0.0,1.0,Auto,net banking,Faridabad
ORD004255,CUST01378,DRV0261,  Meru  ,05-05-2024,7.59,151.88,0.0,4.0,XL,UPI,delhi
ORD000273,,DRV0454,Meru,07-17-2025,9.63,,0.0,2.0,XL,wallet,bangalore
ORD004315,CUST00546,DRV0036,InDrive,06-17-2024,1.15,52.29,,4.0,SUV,UPI,Noida
ORD000612,CUST00303,DRV0372,  Rapido  ,09 Jun 2024,3.32,94.05,,0.0,SUV,UPI,Pune
ORD004200,CUST00637,DRV0111, Jugnoo,00-00-0000,3.44,69.58,0.0,3.0,Sedan,net banking,gurugram
ORD001138,CUST02064,DRV0288,INDRIVE,23/11/2024,-6.88,30,0.0,2.0,Sedan, UPI,  Gurugram  
ORD003169,CUST00416,DRV0101,,17/11/2024,8.12,136.02,,2.0,suv,Net Banking,lucknow
ORD002002,CUST01302,DRV0313,INDRIVE,06-21-2024,4.75,98.79,0.0,2.0,Sedan,card,Mumbai
ORD003065,CUST00096,DRV0092,Namma Yatri,00-00-0000,4.9,102.47,9.75,2.0,XL,net banking,chennai
ORD002001,CUST01399,DRV0407,NAMMA YATRI,01-08-2023,9.03,176.25,0.0,3.0, Sedan,Card,  Delhi  
ORD002931,CUST00248,DRV0323, Ola,20-12-2024,1.33,52.36,0.0,5.0,  XL  ,net banking,jaipur
ORD002594,CUST02133,DRV0279,  Namma Yatri  ,2025/07/24,2.26,70.14,,2.0,SUV,Card,Jaipur
ORD003710,CUST00127,DRV0404,  Meru  ,21/06/2023,14.74,260.36,0.0,5.0,Auto,Net Banking,Faridabad
ORD001639,CUST02527,DRV0052,Meru,21-04-2025,4.73,78.31,0.0,3.0,auto,Wallet,MUMBAI
ORD002689,CUST01222,DRV0438,  Meru  ,2023/03/17,21.47,Rs 361.07,,5.0,  Auto  ,CASH,  Lucknow  
ORD002008,CUST01437,DRV0469,Uber,,7.91,121.12,0.0,5.0,Mini,cash,delhi
ORD000376,CUST01063,DRV0194,rapido,04 Oct 2025,,,,1.0,Sedan,UPI,CHANDIGARH
ORD003530,CUST01962,DRV0499, Uber,02-19-2023,10.21,132.91,93.05,2.0,SUV,WALLET,Chandigarh
ORD004972,CUST01085,DRV0323,Meru,07-01-2023,4.96,91.63,0.0,4.0, Pool,Cash,Chandigarh
ORD002414,CUST00086,DRV0162,indrive,16 Sep 2024,10.55,154.68,,5.0,  XL  ,Net Banking,bangalore
ORD002991,CUST01619,DRV0406,,10-10-2024,0.16,,0.0,4.0,pool,net banking,Noida
ORD001530,CUST02323,DRV0360,INDRIVE,2025/01/19,23.11,285.58,0.0,5.0,  Auto  ,UPI,Delhi
ORD000821,CUST01881,DRV0021,namma yatri,2025/08/08,0.66,48.57,,5.0,SUV,cash,Jaipur
ORD003085,CUST01352,DRV0139,uber,18-08-2025,1.4,60.3,64.6,3.0,MINI,net banking,Bangalore
ORD001984,,DRV0142,  Uber  ,2023/02/17,5.31,125.71,0.0,4.0,Pool,Net Banking,Ahmedabad
ORD001029,CUST02882,DRV0399,Rapido,06-28-2025,8.89,160.04,51.91,1.0,Prime,Card, Kolkata
ORD001676,CUST00173,DRV0061,,2025/05/28,2.89,87.17,0.0,5.0,Sedan,UPI,pune
ORD001214,CUST02114,DRV0323,Jugnoo,06-02-2024,18.57,334.11,,3.0,Pool,Cash,chennai
ORD001074,CUST00749,DRV0226,Jugnoo,03/06/2023,16.41,322.42,,5.0,Pool,Net Banking,Indore
ORD003941,cust00448,DRV0444,BLUSMART,00-00-0000,4.55,110.07,0.0,2.0,Auto,WALLET,delhi
ORD004656,CUST02326,DRV0487, Jugnoo,05-01-2025,12.67,175.93,,0.0,XL,  Wallet  ,Kolkata
ORD002806,CUST02595,DRV0288,NAMMA YATRI,06-03-2023,2.07,58.27,,2.0,Pool,Cash,Bangalore
ORD003674,CUST01641,DRV0190,RAPIDO,21/02/2023,8.99,125.53,,2.0,AUTO,UPI,Lucknow
ORD001445,CUST00145,DRV0251,namma yatri,27/08/2024,7.04,138.76,,3.0,BIKE, Wallet,Gurugram
ORD002551,CUST01119,DRV0409,Uber,17-04-2024,10.24,138.93,0.0,2.0,Auto,Net Banking,delhi
ORD004424,CUST01352,DRV0032,jugnoo,05-30-2025,17.61,220.79,0.0,1.0,  Bike  ,  Cash  , Lucknow
ORD001742,CUST00926,DRV0119,Rapido,2024/06/22,18.78,Rs 0,0.0,5.0, Auto,CARD,Delhi
ORD000378,CUST01858,DRV0280, Uber,19 Oct 2023,8.5,141.68,0.0,2.0,Bike,Card,Lucknow
ORD002666,CUST01129,DRV0430, Jugnoo,00-00-0000,12.93,208.5,,4.0,,Card,AHMEDABAD
ORD003933,CUST00455,DRV0100,JUGNOO,11/04/2024,7.07,-108.42,45.56,3.0,SUV,UPI,HYDERABAD
ORD002312,CUST01164,DRV0112,indrive,02-03-2023,2.55,Rs 77.32,,2.0,Auto,Wallet,Mumbai
ORD002660,CUST02049,DRV0332,Uber,14 Aug 2024,6.78,Rs 101.44,0.0,2.0,, Net Banking,Gurugram
ORD004963,CUST00747,DRV0082,Meru,02-07-2023,9.85,,0.0,3.0,Sedan,UPI,  Kolkata  
ORD004069,CUST00784,DRV0161,InDrive,2023/02/25,7.78,161.59,,2.0,sedan, Cash,  Gurugram  
ORD003907,CUST01919,DRV0497, Meru,2025/10/22,3.79,90.1,,2.0,  Pool  , Cash,CHANDIGARH
ORD002405,CUST02536,DRV0327,Namma Yatri,19-08-2023,15.24,302.38,0.0,5.0,mini,Wallet,Lucknow
ORD003687,CUST01483,DRV0072,UBER,29 Oct 2023,4.94,106.41,,5.0,pool,UPI,Chennai
ORD004541,CUST00024,DRV0192,indrive,10 Jul 2023,3.43,83.14,0.0,1.0,PRIME,upi,FARIDABAD
ORD002687,CUST02179,,  InDrive  ,2023/04/23,11.57,205.91,,5.0,MINI, Wallet,  Delhi  
ORD002645,CUST00787,DRV0039,uber,2023/11/24,9.14,161.12,0.0,1.0,mini,UPI,  Chandigarh  
ORD003964,CUST00031,DRV0193,Jugnoo,27-01-2023,1.22,52.23,0.0,4.0,Pool, Card,Chennai
ORD001778,CUST01207,DRV0064,INDRIVE,01 Feb 2023,13.4,198.96,0.0,1.0,pool,UPI,Chandigarh
ORD002033,CUST00695,DRV0162,Uber,2023/07/03,10.21,190.59,0.0,2.0,SUV,cash, Hyderabad
ORD000935,CUST00352,DRV0017,MERU,,7.75,172.38,49.75,,sedan,UPI, Kolkata
ORD004602,CUST01982,DRV0400,,30-12-2025,9.71,213.75,0.0,4.0,Prime,Card,Hyderabad
ORD002762,CUST02005,DRV0031,meru,,8.97,177.71,,2.0,Prime,upi,  Lucknow  
ORD004481,CUST00886,DRV0429,BluSmart,2025/02/04,5.31,124.85,0.0,4.0,Prime,Card, Ahmedabad
ORD000464,CUST00358,DRV0347,InDrive,2023/09/21,10.62,151.27,,2.0,XL,wallet,  Lucknow  
ORD002445,CUST00071,DRV0422,InDrive,00-00-0000,1.17,52.04,87.35,5.0,SUV,Wallet,BHOPAL
ORD001809,CUST00747,DRV0354,Rapido,2025/08/01,6.82,138.72,,1.0,Pool,Card,FARIDABAD
ORD004745,CUST01595,DRV0338,OLA,2023/03/27,20.32,280.98,,4.0,pool,Card,Bangalore
ORD004187,CUST01909,DRV0173,Uber,09-21-2025,9.19,137.93,,5.0,Pool,Net Banking,chandigarh
ORD001737,CUST02443,DRV0018, Jugnoo,25/10/2023,5.56,121.51,,,SUV,cash, Chennai
ORD002695,CUST01738,DRV0456,jugnoo,04-11-2023,10.06,188.54,0.0,2.0,  SUV  ,  Cash  ,  Pune  
ORD000247,CUST02506,DRV0315,Meru,03-11-2025,-5.4,30,25.69,4.0,SUV,Wallet,delhi
ORD004960,CUST01488,DRV0286,Jugnoo,08/07/2025,8.34,187.75,,2.0,Mini,Cash,ahmedabad
ORD004150,CUST00185,DRV0399,  InDrive  ,23/11/2025,6.64,118.17,0.0,5.0,Prime,Cash,Faridabad
ORD004177,CUST02729,DRV0170,uber,28/04/2024,14.08,213.36,0.0,4.0,Bike, Cash,BHOPAL
ORD000139,CUST00830,DRV0064,MERU,02 Jan 2023,18.87,359.82,0.0,1.0,Prime,Wallet,Kolkata
ORD004618,CUST02107,DRV0198,ola,14/09/2023,10.24,,,5.0,suv,UPI,DELHI
ORD003765,CUST02093,DRV0413,blusmart,28/03/2023,13.04,151.0,,4.0,Sedan,UPI,hyderabad
ORD001395,CUST00482,DRV0274,Meru,12/03/2024,21.83,361.34,,2.0,suv,Net Banking,  Hyderabad  
ORD001175,CUST01168,DRV0297,Ola,01 Sep 2023,0.04,40.66,0.0,2.0,Sedan,  UPI  ,Faridabad
ORD000885,CUST00928,DRV0439,meru,04/11/2023,8.42,110.88,0.0,2.0, XL,UPI,Faridabad
ORD000126,CUST00995,DRV0231,MERU,22-11-2024,9.64,203.19,,1.0,mini,cash,ahmedabad
ORD001747,CUST00953,DRV0260,,2025/02/26,13.16,276.05,,1.0,Pool,  Net Banking  ,Chennai
ORD003370,CUST02670,DRV0300,Jugnoo,02-02-2023,6.7,106.21,,3.0,Bike,UPI,Chandigarh
ORD003723,CUST01949,DRV0160,MERU,25-05-2025,10.98,218.91,62.93,5.0,SUV,upi,CHANDIGARH
ORD003029,CUST00744,DRV0349,,10-03-2023,2.13,66.93,,0.0,PRIME,UPI, Gurugram
ORD003113,CUST00354,DRV0288,Uber,30 Jan 2023,9.89,119.58,,2.0,BIKE,Wallet,hyderabad
ORD004966,CUST01102,DRV0053,Jugnoo,2024/04/21,1.62,,,2.0,Prime,Cash,pune
ORD002875,CUST00201,DRV0006,blusmart,07-29-2023,5.94,139.18,0.0,3.0,bike,Cash,Chandigarh
ORD001241,CUST01851,DRV0120,RAPIDO,2025/03/04,4.99,85.73,0.0,2.0,PRIME,Net Banking,  Chennai  
ORD001361,CUST02051,DRV0291,BluSmart,2025/12/22,10.65,177.64,12.87,4.0,Pool,  Card  ,  Kolkata  
ORD004318,CUST00528,DRV0019,OLA,07-31-2024,15.7,254.22,0.0,1.0,SUV,CASH,  Mumbai  
ORD001156,CUST01446,DRV0247,RAPIDO,03-10-2025,12.23,168.57,,2.0, Mini,UPI,Bangalore
ORD002160,CUST01401,DRV0109,Rapido,19/07/2024,2.51,80.65,,5.0,Bike,  UPI  ,Hyderabad
ORD003528,CUST00413,DRV0349,Rapido,2023/11/28,18.1,272.38,,1.0,Bike,CARD,NOIDA
ORD003794,CUST01786,DRV0370,Meru,03-02-2025,5.83,144.47,0.0,4.0,mini,cash,Faridabad
ORD002657,CUST00814,DRV0146,Uber,00-00-0000,8.95,200.81,,5.0,prime,card,  Faridabad  
ORD002888,CUST01652,DRV0490,BluSmart,2023/04/14,-4.47,30,,3.0, Pool,Card,Gurugram
ORD003626,CUST01048,DRV0153,Namma Yatri,23 Apr 2025,17.37,298.44,62.06,4.0,bike,Wallet,Noida
ORD001377,CUST00398,DRV0403,Jugnoo,11-24-2025,17.59,307.25,0.0,4.0,Prime,Cash,noida
ORD004583,CUST02434,DRV0251,NAMMA YATRI,03-01-2024,9.81,158.28,49.83,1.0,SUV,net banking,GURUGRAM
ORD000233,CUST01061,DRV0063,InDrive,2025/03/03,0.23,43.01,0.0,3.0,Pool,CARD,Noida
ORD002042,CUST02422,DRV0088, Rapido,01-01-2023,25.05,340.79,,2.0, Auto,UPI,Bangalore
ORD002399,CUST01654,DRV0265, Rapido,05-11-2024,2.91,71.19,,7.0,SEDAN,UPI,Kolkata
ORD004244,CUST02328,DRV0231,Namma Yatri,08-30-2025,19.81,265.62,35.92,5.0,Mini,  Cash  ,Chennai
ORD001047,CUST02409,DRV0273,uber,08-01-2024,1.13,Rs 54.66,,3.0,,NET BANKING,  Ahmedabad  
ORD001131,CUST01472,DRV0320,Meru,2023/04/05,7.59,124.82,,3.0,AUTO,UPI,Noida
ORD003090,CUST01750,DRV0370,blusmart,00-00-0000,21.11,290.09,0.0,3.0,POOL,  Card  ,Kolkata
ORD002358,CUST01976,DRV0026,UBER,22-02-2025,9.56,176.94,0.0,4.0,Auto,Net Banking,  Hyderabad  
ORD004967,CUST02464,DRV0389,Rapido,2025/03/20,11.98,250.34,,3.0,Mini,Wallet, Indore
ORD001100,CUST01464,DRV0489,Uber,10-07-2023,4.32,90.28,,4.0,bike,Wallet,BHOPAL
ORD002951,CUST02616,DRV0464, InDrive,22/11/2023,17.55,234.01,,3.0,Auto,wallet,Lucknow
ORD001873,CUST02331,DRV0486,indrive,12-12-2024,6.63,110.09,0.0,,AUTO,Wallet,Lucknow
ORD003712,CUST01333,DRV0338,Rapido,06-28-2023,1.07,52.83,,1.0,MINI,Card,Ahmedabad
ORD000289,CUST02898,DRV0219,uber,17 Sep 2023,5.85,116.9,78.64,4.0,XL, UPI,PUNE
ORD003013,CUST02802,DRV0388,ola,2024/10/13,4.33,104.57,,5.0,SUV,Wallet,Indore
ORD003698,CUST02740,DRV0069,  Meru  ,27/03/2024,15.31,-218.58,,2.0,MINI,Card,bangalore
ORD003714,CUST00489,DRV0403,Jugnoo,18-03-2025,13.02,,0.0,1.0,  Mini  ,UPI,Chennai
ORD002419,CUST02480,DRV0088,  Rapido  ,21/06/2025,19.5,235.41,17.44,2.0,pool, Card,Delhi
ORD000256,CUST00483,DRV0393,JUGNOO,21-06-2023,-12.01,30,81.1,1.0,,,LUCKNOW
ORD003486,CUST02206,DRV0470,Meru,23/04/2025,11.79,180.73,42.49,5.0,SUV,UPI,Noida
ORD003341,CUST00149,DRV0236,blusmart,27/03/2024,9.14,129.11,0.0,4.0,Mini,Cash,Chandigarh
ORD000687,cust01696,DRV0115,BluSmart,06-07-2023,4.74,111.37,35.52,2.0, Mini,Card, Delhi
ORD001101,CUST02856,DRV0312,Jugnoo,02/02/2025,13.0,,55.65,2.0,Mini,NET BANKING,MUMBAI
ORD001232,CUST02001,DRV0203,ola,2025/12/22,5.85,122.77,0.0,4.0,Auto,UPI,Mumbai
ORD003598,CUST00618,DRV0173,MERU,01-02-2024,7.28,144.84,,2.0,Auto,Cash, Chennai
ORD002980,CUST02713,DRV0241,InDrive,10-12-2023,9.25,186.13,27.99,5.0,pool,Card, Ahmedabad
ORD004536,CUST02363,DRV0419,Meru,,0.29,43.86,86.07,0.0,SUV,Net Banking,  Pune  
ORD003106,CUST00051,DRV0098,NAMMA YATRI,2023/06/07,4.75,87.31,0.0,3.0,Auto,wallet,Pune
ORD003564,CUST01452,DRV0020, Meru,11-10-2023,12.71,224.81,,1.0,mini,Cash,  Lucknow  
ORD000491,CUST02629,DRV0249,blusmart,08/09/2025,8.55,153.68,23.63,3.0,Pool,  Cash  , Bangalore
ORD001970,CUST01262,DRV0130,  Rapido  ,12-04-2024,17.37,232.16,,5.0,SUV,UPI,Pune
ORD004893,CUST00110,DRV0250,Meru,28/11/2025,12.43,177.09,,5.0,XL,,LUCKNOW
ORD001202,CUST01408,DRV0075, Uber,28-12-2024,13.54,230.96,36.14,4.0,XL,Net Banking,Bhopal
ORD002191,CUST02342,DRV0306,MERU,05-28-2024,19.08,Rs 372.26,0.0,2.0,xl,Net Banking,NOIDA
ORD002224,CUST00640,DRV0102,Jugnoo,15/10/2025,0.48,47.87,,4.0,SUV,Net Banking,CHENNAI
ORD000087,CUST00167,DRV0291,Ola,04-22-2025,6.75,137.79,,4.0,AUTO,Cash,FARIDABAD
ORD002495,CUST00129,DRV0077, Meru,07-18-2024,4.23,108.87,0.0,5.0,Prime,cash,Gurugram
ORD003774,CUST01007,DRV0042,InDrive,2024/06/21,1.93,56.29,0.0,1.0,Mini,cash, Chandigarh
ORD003629,CUST01493,DRV0021,  InDrive  ,22-09-2025,5.56,115.2,,4.0,suv,  Card  ,bangalore
ORD001794,CUST01947,DRV0475,OLA,2023/08/07,11.25,218.28,,2.0,Prime,upi,Mumbai
ORD001757,CUST00067,DRV0166,,2025/11/27,11.19,Rs 196.46,0.0,,xl, Net Banking,kolkata
ORD000038,CUST02455,DRV0440,Jugnoo,05/03/2023,9.2,168.8,97.59,4.0,Sedan,,Pune
ORD004872,CUST00437,DRV0131,RAPIDO,02 Nov 2024,1.67,55.6,0.0,1.0,PRIME,Cash,Ahmedabad
ORD003042,CUST02415,DRV0410,Meru,00-00-0000,11.79,210.79,,2.0,Sedan,Card,Chandigarh
ORD001831,CUST02195,DRV0320,Ola,2025/09/02,4.23,107.86,0.0,3.0,SUV,NET BANKING,faridabad
ORD001903,CUST02616,DRV0011,INDRIVE,31-03-2025,13.06,185.1,,1.0,PRIME,WALLET,  Gurugram  
ORD003230,CUST00060,,jugnoo,23/05/2023,2.68,71.13,0.0,4.0,Prime,CASH,Hyderabad
ORD001207,CUST01805,DRV0126,Uber,04 Apr 2023,6.95,157.54,68.5,3.0,sedan,Wallet, Gurugram
ORD003893,CUST01404,DRV0374,InDrive,22 Jan 2023,5.04,82.2,,3.0,suv,Wallet,Faridabad
ORD002909,CUST01448,DRV0205,  Jugnoo  ,2023/07/10,0.97,51.16,,4.0,MINI,CASH,CHANDIGARH
ORD003554,CUST02393,DRV0133,NAMMA YATRI,16/08/2023,4.74,120.54,0.0,4.0,Mini, Net Banking,Lucknow
ORD002047,CUST00823,DRV0329,  Meru  ,18/08/2025,9.31,,0.0,2.0,Pool,Wallet,Chandigarh
ORD004991,CUST00536,DRV0130, Namma Yatri,00-00-0000,11.75,154.82,,5.0,BIKE,Net Banking,  Indore  
ORD002438,CUST02676,DRV0178,namma yatri,10 Nov 2024,9.76,143.56,13.02,1.0,sedan, Cash,Ahmedabad
ORD004658,CUST02228,DRV0386,Rapido,18/08/2024,6.82,139.33,,3.0,SUV,Cash,Chennai
ORD003459,CUST00254,DRV0354, BluSmart,12-31-2023,12.65,182.96,0.0,,Bike,Wallet,FARIDABAD
ORD000833,CUST02141,DRV0359,blusmart,06-12-2024,1.81,59.02,,4.0,Pool,Net Banking,MUMBAI
ORD000874,CUST02135,DRV0380,meru,09-03-2024,4.42,78.86,,5.0,AUTO,UPI,  Mumbai  
ORD003316,CUST02072,DRV0070,Ola,09/03/2024,0.97,57.33,0.0,,mini,  Wallet  ,Faridabad
ORD004017,CUST02453,DRV0317, Uber,06-06-2023,14.6,275.62,0.0,1.0,  Sedan  ,Cash,Chennai
ORD001209,CUST00268,DRV0334,meru,05/10/2025,6.26,123.81,0.0,4.0,  XL  ,CASH,Kolkata
ORD001926,CUST00852,DRV0223,meru,2025/09/23,3.96,81.76,90.27,3.0,SEDAN,wallet,Mumbai
ORD004781,CUST01597,DRV0296,  Rapido  ,05-13-2025,2.21,73.5,0.0,1.0,mini,Card,Lucknow
ORD001724,CUST00958,DRV0224,  Meru  ,15-04-2024,5.31,85.27,0.0,2.0,Sedan,CARD,  Bhopal  
ORD000603,CUST01222,DRV0409,blusmart,01-07-2023,1.94,71.21,0.0,2.0,Sedan,Wallet,Bhopal
ORD004001,CUST02864,DRV0022,UBER,09-29-2025,11.3,205.13,,5.0,Pool, Net Banking,jaipur
ORD000726,CUST02002,DRV0366,Rapido,09-12-2023,21.84,364.87,0.0,3.0,  Bike  ,  Wallet  ,Chandigarh
ORD000407,CUST01644,DRV0133,JUGNOO,20 Feb 2024,11.0,150.22,0.0,1.0,SEDAN,wallet,Pune
ORD001832,CUST02145,DRV0130, Uber,2024/10/04,17.09,288.13,,5.0,pool,CASH,Hyderabad
ORD004201,CUST00932,DRV0271,Jugnoo,00-00-0000,6.23,90.32,,5.0,SUV,Card,Noida
ORD002182,CUST02840,DRV0279,meru,04-21-2024,7.84,116.42,82.93,1.0,SUV,wallet,Noida
ORD001353,CUST02270,DRV0380,indrive,16-12-2024,8.23,154.37,0.0,4.0,SUV,Cash,Pune
ORD003785,CUST02474,DRV0276,blusmart,2024/07/21,11.87,191.24,0.0,,Mini,Wallet,Faridabad
ORD002243,CUST02017,DRV0447,Meru,03-07-2023,11.67,171.58,,5.0,prime,WALLET, Delhi
ORD003886,CUST01932,DRV0487,jugnoo,02-05-2023,2.08,65.0,0.0,1.0,Bike,UPI,Lucknow
ORD003960,CUST02912,DRV0374,Uber,2023/05/23,5.81,106.07,,3.0,Prime,Cash,Pune
ORD004058,CUST02526,DRV0108,Meru,10-10-2025,3.87,94.53,,4.0,Mini,net banking,MUMBAI
ORD001504,CUST00342,DRV0491,Meru,10-03-2023,6.37,110.51,,2.0, Bike,Card,Jaipur
ORD000227,CUST02497,DRV0126, Jugnoo,26-05-2023,1.41,-64.08,0.0,4.0,SUV, Card,Bangalore
ORD004458,CUST02127,DRV0309,Namma Yatri,11/09/2023,14.74,196.45,,3.0,SUV,UPI,  Kolkata  
ORD003104,CUST00369,DRV0166,  Uber  ,09-17-2023,7.77,114.48,0.0,3.0,Pool,Cash,Lucknow
ORD000822,CUST00415,DRV0291,jugnoo,31-10-2025,1.68,57.06,,3.0,  Pool  ,Card,Bhopal
ORD004573,CUST02899,DRV0210,indrive,13/07/2023,9.69,145.19,,1.0, Bike,Card,Mumbai
ORD000435,CUST02813,DRV0148,Rapido,22/03/2025,,,0.0,4.0,,cash,Mumbai
ORD000383,CUST01482,DRV0412,BluSmart,30/11/2025,1.43,,0.0,2.0,xl,Card,Lucknow
ORD001940,CUST00746,DRV0219,Uber,16/06/2024,-7.25,30,35.74,1.0,prime,card,Hyderabad
ORD000930,CUST01675,DRV0410,Rapido,,5.83,123.2,,5.0,sedan,WALLET,  Bhopal  
ORD003593,CUST02100,DRV0099,Namma Yatri,2024/01/21,12.67,190.92,0.0,2.0,PRIME,cash,  Lucknow  
ORD001401,CUST01969,DRV0198,BLUSMART,11-11-2023,7.54,151.13,,3.0,Sedan,Cash,Chandigarh
ORD000880,CUST02017,DRV0144,BluSmart,2024/10/27,12.85,174.14,44.67,1.0,pool,Cash,chandigarh
ORD002747,CUST01110,DRV0387,Jugnoo,10-08-2025,10.98,194.97,37.77,4.0,Auto,Wallet,Jaipur
ORD003076,CUST02781,DRV0345,Namma Yatri,09-06-2023,9.24,144.23,0.0,,Mini,Wallet,  Mumbai  
ORD004306,CUST00513,DRV0180,uber,2023/11/20,0.75,49.45,,3.0,XL,Card,GURUGRAM
ORD000326,CUST01764,DRV0315,  Meru  ,04/04/2024,,,,5.0,  XL  ,Net Banking,gurugram
ORD000748,CUST02798,DRV0386,BluSmart,2025/05/09,5.06,93.31,,4.0,MINI,cash,lucknow
ORD003741,CUST02810,DRV0034,meru,28/04/2025,5.54,113.57,,5.0,Bike, Wallet,Pune
ORD003630,CUST02741,DRV0056,InDrive,12-21-2025,10.74,153.94,,3.0,Prime,Wallet,GURUGRAM
ORD004772,CUST00477,DRV0495,,17-12-2023,8.31,122.82,0.0,,MINI,  Wallet  ,
ORD004295,CUST02209,DRV0317, Rapido,17-04-2023,9.41,120.57,,5.0,Mini,Net Banking,Bangalore
ORD004127,CUST01454,DRV0267,InDrive,2023/07/14,6.79,150.31,,1.0,Pool,NET BANKING,Noida
ORD004997,CUST02077,DRV0041, Namma Yatri,03-04-2023,9.68,171.34,,1.0,XL,cash,Delhi
ORD003210,CUST01714,DRV0334,blusmart,26 Aug 2024,11.57,134.93,0.0,2.0,bike,Wallet,Chennai
ORD001505,CUST01642,DRV0340,Uber,10/11/2024,6.94,127.97,58.67,4.0,bike, Cash,Ahmedabad
ORD000036,CUST00499,DRV0213,JUGNOO,,5.91,117.62,0.0,4.0,MINI,card,Kolkata
ORD000849,CUST01329,,Meru,11 Feb 2023,6.9,105.17,,1.0,Auto,upi,Jaipur
ORD000637,CUST02006,DRV0418,Rapido,01/06/2023,6.39,117.45,,4.0,Mini,Card,DELHI
ORD002910,CUST02709,DRV0071,Meru,,11.96,216.38,75.43,1.0, XL,Net Banking,Ahmedabad
ORD004151,CUST02127,DRV0101,Uber,2024/01/18,1.91,73.91,,5.0,  Sedan  ,Cash,kolkata
ORD000744,CUST02119,DRV0266,Meru,,23.77,452.15,0.0,4.0,Sedan,CARD,Lucknow
ORD002344,CUST02417,DRV0090,NAMMA YATRI,26/09/2025,11.12,219.17,24.21,3.0,  Sedan  ,Wallet,jaipur
ORD004654,CUST01240,DRV0047,,07-30-2023,4.94,82.88,0.0,4.0,XL,WALLET,Chennai
ORD001270,CUST02794,DRV0168,Uber,2025/05/04,8.59,127.34,57.82,1.0,Auto,card,Bangalore
ORD003950,,DRV0478,OLA,27-02-2025,0.59,47.54,,3.0,prime,CASH,Hyderabad
ORD000078,CUST01173,DRV0039,Rapido,29-07-2024,5.78,100.14,,3.0,  XL  ,Wallet,Noida
ORD003179,CUST01010,DRV0332,Jugnoo,22-11-2024,10.42,166.49,79.58,1.0,Bike,Card,  Faridabad  
ORD004420,CUST02873,DRV0149,Ola,19-09-2023,15.76,197.9,0.0,2.0,auto,  Card  ,Chandigarh
ORD000073,CUST02287,DRV0201,Namma Yatri,28-02-2024,1.14,54.82,,1.0,sedan,UPI,Pune
ORD000980,CUST02057,DRV0329,  InDrive  ,06-02-2023,,,40.89,,Mini,Wallet,Gurugram
ORD002798,CUST02573,DRV0388,RAPIDO,07 Feb 2025,3.46,74.95,68.22,5.0,POOL, Cash,Ahmedabad
ORD001075,CUST00131,DRV0160,INDRIVE,27 Jul 2023,14.45,222.18,48.61,1.0,AUTO,card, Bhopal
ORD001415,CUST02539,DRV0332, Namma Yatri,05-03-2025,3.0,89.35,,5.0,bike,Card,kolkata
ORD003163,CUST02762,DRV0042,Namma Yatri,00-00-0000,19.46,222.48,13.86,5.0,Prime,UPI,Lucknow
ORD003018,CUST00840,DRV0263,JUGNOO,2024/03/08,1.63,67.12,0.0,4.0,Auto,UPI,Ahmedabad
ORD001465,CUST00037,DRV0105,Uber,28/03/2024,9.25,153.15,,3.0,sedan, Wallet,Lucknow
ORD003487,CUST02753,DRV0303,InDrive,04 Dec 2025,9.04,197.52,0.0,5.0,XL,UPI,Mumbai
ORD003540,CUST02626,DRV0486,BLUSMART,2025/02/27,,,0.0,1.0,Pool,net banking,Faridabad
ORD003003,CUST02040,DRV0041,  Namma Yatri  ,26/01/2025,10.19,182.62,,4.0,MINI,Wallet,ahmedabad
ORD000984,CUST00206,DRV0398,rapido,06 Dec 2024,1.9,57.83,,1.0,XL,Card,Chennai
ORD001052,CUST01226,DRV0081,Uber,2024/02/14,7.03,116.58,,2.0,  SUV  ,UPI,Delhi
ORD000697,CUST01496,DRV0373,  Uber  ,19-06-2025,5.81,,,1.0, XL,card,CHENNAI
ORD001261,CUST00618,DRV0093,Jugnoo,2024/08/18,12.68,234.84,13.08,2.0,XL,net banking,lucknow
ORD004223,CUST00807,DRV0062,RAPIDO,00-00-0000,4.78,98.9,0.0,5.0,  Prime  ,Wallet,Indore
ORD004117,CUST00126,DRV0252,Uber,,5.49,125.52,,2.0,,upi,Jaipur
ORD003467,CUST02352,DRV0477,BluSmart,19 Feb 2024,11.17,211.92,,3.0,Sedan,  Wallet  ,  Lucknow  
ORD004218,CUST01614,DRV0443,Ola,30-05-2024,18.15,363.32,0.0,3.0,  Auto  ,wallet,Pune
ORD001327,CUST00685,DRV0095,UBER,,6.9,126.9,,5.0,  Sedan  ,UPI,Faridabad
ORD003292,CUST00243,DRV0283,Meru,23 Sep 2025,21.24,251.87,,0.0,XL,WALLET,  Kolkata  
ORD004453,CUST01740,DRV0074, Rapido,00-00-0000,1.54,52.37,,5.0,Mini,NET BANKING,Delhi
ORD001621,CUST00948,DRV0475,Ola,15-11-2025,19.85,294.56,,3.0,SEDAN,NET BANKING,  Jaipur  
ORD000388,CUST00457,DRV0237,NAMMA YATRI,15/07/2023,5.03,119.71,,2.0,Mini,  Wallet  ,bhopal
ORD000582,CUST00918,DRV0416,meru,2023/12/26,5.03,95.35,29.64,3.0,  Sedan  , UPI, Hyderabad
ORD003817,CUST01364,DRV0445,Meru,01 Feb 2024,2.9,79.55,0.0,2.0,Mini,  Net Banking  ,  Faridabad  
ORD001863,CUST00836,DRV0049,  Meru  ,07-27-2024,4.94,89.54,0.0,5.0,PRIME,Cash,Kolkata
ORD001316,CUST00928,DRV0480,Rapido,2023/12/30,5.77,129.89,0.0,5.0,xl,,bhopal
ORD002279,CUST00243,DRV0310,InDrive,2024/01/02,8.56,123.28,0.0,1.0,Auto, Card,INDORE
ORD003738,CUST01212,DRV0032,  BluSmart  ,00-00-0000,1.84,66.25,80.78,4.0,Prime,  Cash  ,JAIPUR
ORD000619,CUST00625,DRV0468,Jugnoo,07-12-2023,9.91,,0.0,5.0, Auto,Card, Mumbai
ORD002257,CUST02760,DRV0054,InDrive,05-05-2023,4.19,92.86,,2.0,prime,Net Banking,Kolkata
ORD000972,CUST00673,DRV0152,BluSmart,2023/03/19,12.41,227.97,0.0,4.0,suv,Wallet, Kolkata
ORD003863,CUST00023,DRV0300, Jugnoo,09-15-2024,7.13,149.23,,4.0,XL,Net Banking,NOIDA
ORD000567,CUST01145,DRV0319,Uber,05-29-2023,2.12,65.93,66.0,4.0, Pool,net banking,Chennai
ORD004615,CUST01774,DRV0087,UBER,19/03/2025,8.87,136.06,,3.0,pool,  Card  ,Faridabad
ORD004538,CUST00552,DRV0388,  Namma Yatri  ,17/01/2024,11.43,176.61,0.0,4.0,Bike, UPI,Kolkata
ORD003293,CUST00520,DRV0093,Rapido,23-06-2023,10.72,200.23,,5.0,  XL  ,  Card  ,mumbai
ORD001229,CUST01772,DRV0153,rapido,03-10-2023,22.75,274.5,,2.0,suv,Wallet,gurugram
ORD002176,CUST01772,DRV0039,InDrive,,8.46,177.96,,,prime,UPI,JAIPUR
ORD002468,CUST01999,DRV0362,BluSmart,18/02/2025,17.57,320.54,-33.4,1.0,SUV,UPI,FARIDABAD
ORD003030,CUST01981,DRV0031,Meru,24 Jan 2023,7.75,111.73,0.0,3.0,Pool,  Card  ,Kolkata
ORD002732,CUST02688,DRV0365, Namma Yatri,15-06-2024,13.79,182.3,0.0,2.0,Bike,NET BANKING,Gurugram
ORD000461,CUST00143,DRV0475,Rapido,13/05/2023,5.51,107.05,16.3,4.0,XL,Cash,  Pune  
ORD001163,CUST01798,DRV0038,ola,2024/04/01,7.33,100.04,0.0,5.0, Mini,  Cash  ,Faridabad
ORD000933,CUST02420,DRV0308,JUGNOO,03/02/2024,6.89,133.42,0.0,1.0,POOL,UPI,JAIPUR
ORD000470,CUST01786,DRV0123, BluSmart,2023/04/14,11.77,,0.0,1.0,Auto,Wallet,Pune
ORD002326,CUST02694,DRV0457,Ola,19-03-2023,2.84,,,1.0,Bike,  Cash  , Mumbai
ORD001118,CUST00127,DRV0271,INDRIVE,05-02-2025,10.64,197.93,78.94,4.0,Pool,,Mumbai
ORD000752,CUST00335,DRV0391,Rapido,00-00-0000,12.05,249.6,0.0,5.0,Sedan, UPI,Hyderabad
ORD002377,CUST01814,DRV0160,Meru,2025/03/18,15.71,,17.17,3.0,Prime,  Net Banking  , Bhopal
ORD000899,CUST02653,DRV0048,rapido,00-00-0000,3.63,89.05,,2.0,Mini,Net Banking,Chandigarh
ORD002510,CUST01362,DRV0152,  Namma Yatri  ,05-04-2025,4.21,78.71,,2.0,pool,  UPI  ,Chandigarh
ORD001699,CUST01405,DRV0494,BluSmart,25/02/2024,,,0.0,5.0,  SUV  ,Net Banking,Kolkata
ORD002878,CUST02386,DRV0021,MERU,14/10/2024,1.71,55.19,9.16,1.0,Auto,NET BANKING,faridabad
ORD004630,CUST02926,DRV0455,RAPIDO,11-06-2025,10.11,150.51,0.0,1.0,Auto,UPI,Delhi
ORD001944,CUST00292,DRV0093,Rapido,12-05-2024,2.26,70.03,,,Bike,NET BANKING,Hyderabad
ORD000742,CUST01604,DRV0307,Jugnoo,29-10-2024,17.65,184.54,32.54,,Auto,Net Banking,  Indore  
ORD002375,CUST02945,DRV0332,meru,2025/06/03,4.11,107.78,41.62,3.0,SEDAN,Net Banking,faridabad
ORD003100,CUST00325,DRV0097,Ola,,8.43,167.72,0.0,5.0,SEDAN, UPI,Kolkata
ORD003897,CUST00834,DRV0445,BluSmart,00-00-0000,5.45,121.24,,,  Auto  ,  Cash  ,Chandigarh
ORD004143,CUST00054,DRV0230,Uber,28/04/2025,10.05,158.2,0.0,2.0,XL,CASH, Jaipur
ORD003308,CUST00916,DRV0351,  Rapido  ,03-02-2023,9.82,162.2,0.0,5.0,Auto,Net Banking, Pune
ORD003533,CUST00468,DRV0121,Jugnoo,11-10-2023,4.97,94.44,,4.0,xl,Card,DELHI
ORD000335,CUST01477,DRV0479,  Meru  ,25/10/2025,9.51,197.07,36.93,5.0,suv,Net Banking,BANGALORE
ORD003961,CUST01803,DRV0441,Namma Yatri,01/09/2025,13.02,193.11,,,  Prime  ,Wallet,Lucknow
ORD000576,CUST01147,DRV0034,  Ola  ,13/06/2025,18.64,323.37,65.42,4.0, Auto,Wallet,Hyderabad
ORD003375,CUST02082,DRV0151,INDRIVE,03/01/2024,2.87,80.12,60.82,2.0,Auto,UPI,Hyderabad
ORD004337,CUST01516,DRV0058,indrive,28 May 2025,17.53,238.86,0.0,5.0,  XL  ,Card,Faridabad
ORD001869,CUST02062,DRV0075,Jugnoo,16-05-2025,15.76,196.9,0.0,1.0,SUV,Wallet,Bangalore
ORD003158,CUST00884,DRV0238,uber,14-08-2024,6.01,126.43,,,Sedan,card,Bhopal
ORD002446,CUST02212,DRV0205,Ola,,0.65,48.71,,4.0, Sedan,  Net Banking  ,delhi
ORD002574,CUST02411,DRV0312,  InDrive  ,00-00-0000,1.67,63.55,,2.0,Sedan,  Net Banking  ,
ORD004903,CUST01464,DRV0214,Meru,2025/11/01,8.21,167.93,,1.0,XL,Cash, Gurugram
ORD001627,CUST02220,DRV0039,Meru,04 Jan 2024,4.86,115.39,0.0,2.0,Bike,net banking,Ahmedabad
ORD003875,CUST02321,DRV0098,uber,20-05-2025,6.72,145.4,,5.0,mini,Cash,BANGALORE
ORD001772,CUST01216,DRV0078, Meru,29 Mar 2025,4.61,-88.81,,5.0,AUTO,CARD,Chennai
ORD002208,CUST02867,DRV0286,Namma Yatri,2024/08/28,701.43,8732.91,,5.0,SUV,Wallet,Chennai
ORD004019,,DRV0281,Meru,,7.16,144.82,0.0,3.0,Pool,Net Banking,Indore
ORD003091,CUST02116,DRV0361,  Uber  ,2023/12/10,4.63,85.0,0.0,1.0,Auto,UPI,Chennai
ORD001417,CUST01513,DRV0068,  Meru  ,08 Apr 2025,12.1,199.12,,3.0,Sedan,Cash,Jaipur
ORD003919,CUST02617,DRV0127,Uber,22-07-2023,1.33,58.13,23.49,1.0, Bike,  Wallet  ,  Ahmedabad  
ORD000921,CUST01748,DRV0002,INDRIVE,20/09/2024,1.2,55.9,0.0,1.0,  Mini  , Net Banking,ahmedabad
ORD003233,CUST01834,DRV0454,BluSmart,15-03-2025,3.57,69.68,86.0,4.0,Mini,UPI,Lucknow
ORD002940,,DRV0387,Ola,10-04-2025,9.14,202.78,0.0,4.0,Sedan,Cash,chandigarh
ORD003724,CUST00884,DRV0475,namma yatri,27 Jan 2025,,,,2.0,Pool,Cash,MUMBAI
ORD000959,CUST00960,DRV0428,InDrive,04/03/2024,16.45,233.5,,,Bike,upi,ahmedabad
ORD004603,CUST00138,DRV0128,jugnoo,06-02-2023,4.11,81.6,,1.0, SUV,Card,Mumbai
ORD001183,CUST02323,DRV0097,Rapido,,-10.12,30,,1.0,AUTO,Wallet,  Pune  
ORD000998,CUST00439,DRV0376,BLUSMART,09-12-2025,2.58,84.03,62.39,3.0,AUTO,NET BANKING,Gurugram
ORD003689,CUST01408,DRV0299,Meru,24-11-2024,4.56,114.52,,3.0,mini,Net Banking,PUNE
ORD003040,CUST00131,DRV0359,RAPIDO,22-07-2025,7.4,137.95,49.62,1.0,SUV,card,Pune
ORD004376,CUST02432,DRV0495,OLA,22-01-2023,8.49,127.19,,2.0,SUV, Wallet,Hyderabad
ORD004862,CUST01354,DRV0036,Ola,28-12-2025,2.55,69.51,,5.0,  Auto  ,Cash,Chandigarh
ORD003449,CUST02526,DRV0065,Rapido,,13.25,Rs 193.12,18.98,5.0,SUV, Net Banking,mumbai
ORD003934,CUST00007,DRV0056,Uber,14-04-2025,4.8,117.9,,2.0,XL,  Card  ,bhopal
ORD000174,CUST00740,DRV0317,Ola,2023/05/26,12.24,155.05,,5.0,Pool,wallet,Indore
ORD001825,CUST02167,DRV0450,Ola,11-08-2024,6.44,150.22,,,Mini,upi,Lucknow
ORD002823,CUST01322,DRV0070,  Rapido  ,2023/07/09,11.65,225.47,,1.0,Bike,Card,  Chennai  
ORD000853,CUST00337,DRV0330,meru,2023/12/21,11.16,199.12,,2.0,prime,CARD,Faridabad
ORD000185,CUST01652,DRV0377,Uber,09-30-2023,10.0,193.49,14.75,5.0,  Bike  ,Cash,  Noida  
ORD003833,CUST02344,DRV0166,Jugnoo,30-07-2024,4.69,94.03,,2.0,Pool,UPI,Indore
ORD003431,CUST00081,DRV0035,Ola,2025/09/20,8.06,144.35,94.32,2.0,mini,UPI,Ahmedabad
ORD000499,CUST02104,DRV0208,RAPIDO,2025/12/12,2.19,69.05,0.0,2.0,Mini,upi,Faridabad
ORD003168,CUST00118,DRV0302,Uber,07-12-2024,8.75,134.91,,, Prime,wallet,mumbai
ORD002151,CUST00417,DRV0005,meru,08-01-2025,15.61,221.91,,3.0,XL,Cash,  Gurugram  
ORD003396,CUST00291,DRV0276,  Jugnoo  ,10-01-2023,2.37,62.92,0.0,5.0,Prime,cash, Chennai
ORD003857,CUST00520,DRV0040,JUGNOO,12/01/2025,11.15,170.78,,2.0,SUV,Card,Bhopal
ORD000740,CUST00975,DRV0401,UBER,05-03-2025,1.82,68.64,9.21,3.0,sedan,UPI,CHANDIGARH
ORD003848,CUST02835,DRV0311, BluSmart,04/05/2025,0.33,43.56,0.0,2.0,SUV,Cash,Delhi
ORD002879,CUST02009,DRV0165,uber,2024/07/09,8.58,128.12,,1.0,SEDAN,card,Lucknow
ORD001527,CUST02820,DRV0263,  Ola  ,06-17-2024,14.99,248.31,50.33,1.0,Auto,Wallet,indore
ORD003461,cust00456,DRV0268, Uber,,4.06,80.34,0.0,1.0,PRIME,cash,  Jaipur  
ORD000925,CUST01293,DRV0291,Rapido,17/06/2024,7.41,169.71,,3.0,MINI,Cash,faridabad
ORD002548,CUST01200,DRV0377,rapido,30/06/2024,12.81,261.17,65.7,1.0,SEDAN,Wallet,Kolkata
ORD000095,CUST00693,DRV0085,  InDrive  ,21-05-2024,5.18,104.41,43.47,2.0,Pool,Card,delhi
ORD004226,CUST00869,DRV0261,Rapido,28-04-2024,6.24,132.51,0.0,2.0,Auto,Card,FARIDABAD
ORD002262,CUST00274,DRV0279, Jugnoo,00-00-0000,9.07,182.09,0.0,2.0,Mini,NET BANKING,Pune
ORD004457,CUST02985,DRV0231,Rapido,2023/10/31,9.57,171.92,,2.0,pool,Card,pune
ORD002963,CUST00343,DRV0109,meru,23-09-2025,3.64,102.46,0.0,1.0,Bike,Cash,pune
ORD002533,CUST00001,DRV0283,Uber,2024/10/12,0.85,47.92,0.0,5.0,Bike,card, Bhopal
ORD002379,CUST00594,DRV0494,Rapido,09-28-2023,6.65,110.22,0.0,4.0,Prime,  Net Banking  ,Ahmedabad
ORD000702,CUST00091,DRV0162,Ola,05-07-2023,14.24,288.05,,3.0,SUV,Card, Pune
ORD002318,CUST00516,DRV0168,meru,03-30-2024,2.16,74.97,92.56,2.0,,  Net Banking  ,Jaipur
ORD004371,CUST02724,DRV0074,namma yatri,12 Jul 2025,11.5,145.44,0.0,2.0,Prime,Cash,Chandigarh
ORD004754,CUST00775,DRV0138,uber,23 Jun 2025,12.41,208.05,63.86,5.0,Prime, Card,CHANDIGARH
ORD004920,CUST00556,DRV0393,RAPIDO,00-00-0000,10.46,162.51,34.83,2.0,  Bike  ,CASH,LUCKNOW
ORD000604,CUST01326,DRV0238,Namma Yatri,,14.51,206.65,,1.0,suv,net banking,Ahmedabad
ORD003777,CUST01275,DRV0171,indrive,12/09/2023,10.53,191.48,,2.0,BIKE, Cash,hyderabad
ORD000274,CUST02693,DRV0198,Rapido,23-04-2023,7.96,170.93,0.0,,Pool,card,Bhopal
ORD003332,CUST01747,DRV0132,Rapido,04-13-2023,7.94,112.21,,5.0,Prime,Card,Pune
ORD004345,CUST01451,DRV0400,Jugnoo,12 Dec 2025,15.75,298.15,0.0,1.0,  Mini  ,NET BANKING, Kolkata
ORD002607,CUST00888,DRV0413,namma yatri,09-15-2024,7.32,104.3,,2.0,  Pool  ,Wallet,mumbai
ORD003639,CUST00100,DRV0438,Meru,09-18-2025,0.61,46.95,0.0,1.0,Auto, Wallet,Indore
ORD003853,CUST00161,DRV0312,InDrive,2023/02/05,2.46,70.19,,1.0,Bike,,jaipur
ORD004084,CUST02510,DRV0261,meru,,3.2,80.99,,5.0,prime,Cash,AHMEDABAD
ORD001225,CUST00009,DRV0468,Jugnoo,10/09/2023,7.42,120.48,,4.0,sedan,  UPI  ,Chennai
ORD004325,CUST02940,DRV0054,  Uber  ,11/02/2025,6.99,145.64,,1.0,Bike,Cash,hyderabad
ORD001587,CUST01465,DRV0374,namma yatri,07-12-2024,3.08,70.83,0.0,1.0, Auto,Cash,LUCKNOW
ORD002789,CUST00202,DRV0335,Namma Yatri,08/02/2023,9.39,123.21,0.0,4.0,,UPI, Ahmedabad
ORD003360,CUST00401,DRV0352, Rapido,00-00-0000,8.87,178.83,0.0,5.0, XL,UPI,  Ahmedabad  
ORD004034,CUST01198,DRV0287,NAMMA YATRI,06/10/2024,5.09,101.12,59.95,3.0,SUV,Wallet,Delhi
ORD002773,CUST01310,DRV0022,UBER,2024/11/07,5.76,,,,SEDAN,upi,Noida
ORD001421,CUST02618,DRV0395,Jugnoo,08/03/2025,4.76,110.03,0.0,1.0,Sedan,NET BANKING, Mumbai
ORD003333,CUST02797,DRV0051,Namma Yatri,21/09/2024,7.18,162.12,19.15,4.0,MINI,  UPI  ,Faridabad
ORD000117,CUST01864,DRV0293,jugnoo,30 Dec 2025,4.05,95.99,,1.0,auto,,Bhopal
ORD001126,CUST02463,DRV0078,NAMMA YATRI,,2.23,65.5,46.9,5.0,SUV,  UPI  ,AHMEDABAD
ORD000669,CUST02635,DRV0144,jugnoo,25/05/2025,0.43,46.72,,5.0,Prime,CARD,Chandigarh
ORD003888,CUST00015,DRV0022,Jugnoo,01 Sep 2023,4.04,109.45,0.0,1.0,XL,Card,Bangalore
ORD004006,CUST00665,DRV0069,jugnoo,23-07-2023,16.56,192.22,,4.0,PRIME,  Wallet  ,LUCKNOW
ORD002694,CUST00100,DRV0415,  Ola  ,06-29-2023,14.87,254.84,,1.0,Sedan,upi,Chennai
ORD001230,CUST02013,DRV0037,Ola,18-10-2025,2.53,75.14,,1.0,pool,Cash,Jaipur
ORD001375,CUST02093,DRV0098,UBER,2024/08/02,13.49,149.66,,5.0,XL,Card,CHANDIGARH
ORD003457,CUST02452,,Rapido,18-03-2024,11.95,217.5,0.0,5.0,BIKE,  Card  ,Ahmedabad
ORD004253,CUST00775,DRV0465,UBER,13-03-2023,2.41,67.06,,3.0,,CASH,ahmedabad
ORD001681,CUST01535,DRV0020,Namma Yatri,20/07/2023,13.2,210.38,0.0,2.0,Bike,  Card  ,Mumbai
ORD002210,CUST00322,DRV0371,InDrive,21-01-2025,8.93,124.53,20.15,3.0,XL,NET BANKING,Lucknow
ORD004611,CUST01565,DRV0450,Jugnoo,04-09-2025,11.03,166.04,99.56,3.0,  XL  ,upi,  Lucknow  
ORD003799,CUST00420,DRV0200,INDRIVE,2023/04/30,12.11,205.1,0.0,1.0,Mini,Card, Chennai
ORD003729,CUST00849,DRV0089,Ola,2024/12/07,4.13,100.5,84.78,1.0,SUV,Cash,Indore
ORD000113,CUST02691,DRV0040,Ola,10/07/2023,3.42,76.5,0.0,5.0,prime,NET BANKING,Kolkata
ORD003707,CUST02757,DRV0360,Uber,23/07/2024,7.88,126.05,,2.0,  SUV  ,UPI,  Delhi  
ORD002537,CUST02377,DRV0233,INDRIVE,27-04-2025,8.46,170.52,,1.0,  Bike  ,Cash,Hyderabad
ORD004456,CUST02435,DRV0306,Ola,,5.86,91.32,,4.0,Mini,card,Lucknow
ORD004194,CUST00383,DRV0285,NAMMA YATRI,2023/10/07,20.81,311.54,,5.0,Bike,NET BANKING,noida
ORD004036,CUST02549,DRV0048, InDrive,06-25-2025,14.89,178.88,0.0,2.0,Prime,UPI,faridabad
ORD000487,CUST02922,DRV0226,BluSmart,18-05-2024,8.7,168.84,0.0,3.0,Sedan,Net Banking,Bhopal
ORD004501,CUST01878,DRV0333,Rapido,04-24-2023,13.11,-234.64,,4.0,pool,,Noida
ORD000877,CUST02240,DRV0084,Uber,11-05-2023,5.23,105.13,,3.0,mini,Cash,Hyderabad
ORD001980,CUST00563,DRV0138,Uber,11/07/2025,,,13.13,4.0,Auto,CARD,Chandigarh
ORD002350,CUST02995,DRV0404,BluSmart,25/04/2023,12.92,205.0,0.0,5.0,Mini, Card,Hyderabad
ORD004837,CUST02395,DRV0233,RAPIDO,03/12/2025,13.26,177.77,,5.0,SUV,  UPI  ,KOLKATA
ORD003560,CUST02843,DRV0159,OLA,20-01-2025,0.84,51.63,,5.0,PRIME,Card,Mumbai
ORD000304,CUST02438,DRV0168,UBER,24/04/2023,10.85,,62.42,4.0,SUV,Net Banking,CHENNAI
ORD003953,CUST00149,DRV0132,Rapido,2024/09/30,13.22,276.95,,4.0,Auto,UPI,  Chandigarh  
ORD001095,CUST00857,DRV0036,  BluSmart  ,16-12-2023,6.84,170395.16,0.0,3.0,XL,NET BANKING,Noida
ORD004574,CUST00225,DRV0344,Meru,,11.0,217.17,0.0,2.0,XL,Wallet,Mumbai
ORD000812,CUST02170,DRV0222,JUGNOO,29/04/2023,18.27,223.4,0.0,5.0,  Bike  ,UPI,Jaipur
ORD000414,CUST01940,DRV0001,Uber,2025/08/12,9.83,208.42,0.0,3.0,Auto,  UPI  ,Noida
ORD001177,CUST02119,DRV0464,indrive,06-02-2023,,,0.0,4.0,pool,  Card  ,JAIPUR
ORD000681,CUST01843,DRV0183,Jugnoo,25-08-2023,0.6,49.13,0.0,4.0,Auto,  Cash  ,Mumbai
ORD001732,CUST00904,DRV0423,  Ola  ,04-17-2023,11.36,209.12,0.0,4.0,SUV, Cash,Lucknow
ORD003885,CUST00290,DRV0150,BluSmart,17/11/2025,3.72,88.83,,4.0,Pool,CASH,KOLKATA
ORD002799,CUST01540,DRV0413,Meru,2025/12/30,11.77,173.61,0.0,2.0,auto,UPI,  Mumbai  
ORD003858,CUST00549,DRV0162,InDrive,12/10/2023,5.46,114.12,0.0,5.0,Auto,Wallet,CHENNAI
ORD004140,cust02750,DRV0015,BluSmart,05-06-2025,1.82,66.44,0.0,3.0,Mini,card,ahmedabad
ORD000282,CUST02019,DRV0058,Rapido,2025/10/13,1.45,63.87,,3.0, Prime,Net Banking,Jaipur
ORD002054,CUST01172,DRV0175,BLUSMART,2025/05/31,1.57,57.99,,5.0, SUV,UPI,CHANDIGARH
ORD001913,CUST02612,DRV0424,Jugnoo,,11.35,205.89,0.0,4.0,,Wallet,  Indore  
ORD004735,CUST01686,DRV0291,Jugnoo,01 Jul 2024,8.17,128.64,,4.0,Sedan,wallet,Chandigarh
ORD003263,CUST00659,DRV0169,Uber,2025/06/12,6.33,113.8,,4.0,Bike,UPI,pune
ORD001728,CUST00862,DRV0086,uber,15-03-2024,,,0.0,5.0,  Prime  ,WALLET,  Faridabad  
ORD004638,CUST01988,DRV0246,Ola,14-02-2023,1.2,60.49,0.0,5.0, XL,,  Kolkata  
ORD003022,CUST01966,DRV0079,Jugnoo,21 Jan 2024,16.84,322.85,0.0,1.0, Prime, Card,Chandigarh
ORD004994,CUST00793,DRV0283,namma yatri,2025/12/28,14.79,262.0,0.0,5.0,auto,CARD,faridabad
ORD001174,CUST00710,DRV0131,Jugnoo,09 Oct 2024,4.71,101.34,,3.0,Auto,  Net Banking  ,LUCKNOW
ORD002064,CUST00126,DRV0286,Rapido,2023/12/01,12.57,165.71,23.91,4.0,XL,Cash,  Delhi  
ORD000510,CUST00813,DRV0106,RAPIDO,07-07-2024,-6.15,30,86.61,2.0, Bike,,Ahmedabad
ORD004549,CUST02160,DRV0352,blusmart,15/12/2025,7.33,123.02,0.0,2.0,XL,  Wallet  ,Chennai
ORD002582,CUST00822,DRV0328,  InDrive  ,20 May 2024,2.75,0,0.0,2.0,Auto,Net Banking,GURUGRAM
ORD000905,CUST00884,DRV0255,InDrive,04-01-2025,4.86,101.49,,1.0,mini,Cash,Noida
ORD004706,CUST02032,DRV0032,Namma Yatri,17-11-2023,8.13,116.49,,2.0,  Mini  ,Net Banking,gurugram
ORD003261,CUST01465,DRV0001,Ola,10-01-2025,6.07,115.37,0.0,5.0,suv, Card,delhi
ORD000962,CUST00884,DRV0431,  Meru  ,,10.51,211.85,36.33,3.0,SUV, UPI,  Kolkata  
ORD001892,CUST00036,DRV0298,  Meru  ,2024/07/05,3.96,87.92,46.02,5.0,  Bike  ,Wallet,Chandigarh
ORD001844,CUST02717,DRV0399, Rapido,14-04-2024,9.07,194.62,,5.0,Auto,CASH,JAIPUR
ORD002055,CUST00966,DRV0475,Rapido,22-08-2024,10.3,225.0,0.0,, Pool, UPI,Ahmedabad
ORD003825,CUST00932,DRV0164,Ola,12 Jan 2025,8.91,123.96,0.0,5.0,suv,WALLET,  Delhi  
ORD002499,CUST02482,,Meru,00-00-0000,9.36,173.55,,,Bike,NET BANKING, Bangalore
ORD000389,CUST02376,DRV0239,  Jugnoo  ,,2.19,60.8,11.39,5.0,Sedan,Card,Noida
ORD004841,CUST02246,DRV0023, Meru,2023/02/27,8.76,138.63,0.0,3.0,XL,Card,  Lucknow  
ORD002246,,DRV0141,InDrive,12-12-2025,8.75,168.02,5.0,4.0,AUTO,Net Banking,Chennai
ORD001408,CUST01165,DRV0293,InDrive,22-04-2023,4.12,107.0,,5.0,XL,Wallet,  Jaipur  
ORD000329,CUST02550,DRV0280,Jugnoo,05-02-2025,5.47,103.56,0.0,1.0,Bike,Wallet,Kolkata
ORD000161,CUST01821,DRV0428,Rapido,09-03-2025,1.35,54.63,75.48,3.0,Auto,Card,Noida
ORD001848,CUST01343,DRV0085,Rapido,00-00-0000,0.95,49.24,,3.0,SUV,,Bangalore
ORD000983,CUST00636,DRV0012,JUGNOO,00-00-0000,3.91,91.51,,,SUV,  Card  ,KOLKATA
ORD003980,CUST00886,DRV0007,Meru,24/11/2024,11.92,241.4,,1.0,XL,Card,Noida
ORD001548,CUST01421,DRV0213,InDrive,11-23-2023,2.12,77.84,,4.0,SUV,UPI,NOIDA
ORD002371,CUST00265,DRV0338, Ola,07-01-2025,0.51,46.74,0.0,2.0,Pool,Card,Bhopal
ORD003567,CUST00723,DRV0437,Meru,2023/08/21,2.96,90.57,0.0,4.0,XL,UPI,  Kolkata  
ORD004309,CUST00250,DRV0380,Uber,2023/09/24,13.85,182.59,0.0,1.0,Auto,Net Banking,KOLKATA
ORD000811,CUST00924,DRV0138, Uber,16/02/2024,0.7,49.91,,3.0,Sedan,UPI,  Delhi  
ORD001313,CUST01693,DRV0160,Jugnoo,02-01-2024,10.12,181.26,0.0,4.0,Prime,Cash,Chandigarh
ORD000851,CUST00242,DRV0221, InDrive,28 Aug 2025,6.26,,,5.0,,  Net Banking  ,Chennai
ORD001042,CUST01936,DRV0068,jugnoo,08-10-2023,9.23,158.89,0.0,3.0,XL,card,hyderabad
ORD000939,CUST00145,DRV0405,blusmart,26-04-2025,2.25,79.57,0.0,4.0,Prime,Cash,
ORD001239,CUST02452,DRV0166,uber,20 Sep 2023,-8.89,30,0.0,1.0,Pool,UPI,BANGALORE
ORD004253,CUST00775,DRV0465,UBER,13-03-2023,2.41,67.06,,3.0,,CASH,ahmedabad
ORD004022,CUST01237,DRV0091,  Jugnoo  ,24 Aug 2024,4.53,113.8,0.0,5.0, Sedan,UPI,Kolkata
ORD004694,CUST00372,DRV0255,Uber,2025/03/10,12.0,162.14,,2.0,Auto,  Card  ,Ahmedabad
ORD000324,CUST00771,DRV0429,Jugnoo,2023/03/14,13.36,154.9,0.0,2.0,PRIME,wallet,  Indore  
ORD003077,CUST01233,DRV0200,Jugnoo,2024/10/01,2.13,74.37,,2.0, Sedan,CARD,Bangalore
ORD004125,CUST02303,DRV0495,InDrive,04-07-2024,7.63,113.22,0.0,1.0,pool,WALLET,bhopal
ORD003150,CUST00257,DRV0112,InDrive,2025/02/16,8.75,187.34,,2.0,Sedan,wallet, Bangalore
ORD001066,CUST00234,DRV0151,MERU,06-01-2023,18.6,259.61,,,,  Card  ,FARIDABAD
ORD001662,CUST01999,DRV0246,Meru,21/03/2023,4.93,100.4,46.91,,Sedan,Wallet,Gurugram
ORD000796,CUST01739,DRV0352,  Uber  ,,13.76,283.0,,1.0,SEDAN,UPI,KOLKATA
ORD004107,CUST01412,DRV0121,NAMMA YATRI,02-26-2024,2.44,70.93,0.0,5.0, XL,net banking,INDORE
ORD001304,CUST02935,DRV0028,  Ola  ,02 Oct 2024,8.68,113.94,,,Mini,CASH,
ORD001507,CUST02548,DRV0144,BLUSMART,08-05-2025,6.62,142.45,,2.0,Mini,Net Banking,Lucknow
ORD002108,CUST00021,DRV0034,Ola,01 Dec 2024,5.14,115.84,95.37,2.0,SUV,Cash,Delhi
ORD002965,CUST01822,DRV0330,  BluSmart  ,06 Aug 2025,9.2,153.55,,3.0,Pool,Wallet,Chandigarh
ORD004130,CUST01585,DRV0258,ola,2023/05/18,17.89,229.93,0.0,2.0,Pool,  Cash  ,Bhopal
ORD002999,CUST02882,DRV0300,MERU,07-04-2025,9.72,201.45,0.0,2.0,Prime,  Cash  ,  Bhopal  
ORD000255,CUST00364,DRV0239,JUGNOO,07-22-2024,11.33,207.93,0.0,4.0,MINI,Card,Kolkata
ORD003346,CUST00046,DRV0171,  Rapido  ,03 Apr 2025,5.55,98.18,0.0,2.0,SUV,wallet,Bhopal
ORD001624,CUST00590,DRV0486,  Jugnoo  ,25-04-2023,1.12,58.49,0.0,0.0, SUV,NET BANKING,Delhi
ORD003831,CUST01287,DRV0443,BluSmart,08/10/2023,20.12,329.12,,2.0,Mini,  Cash  ,chennai
ORD000042,CUST01363,DRV0115,Namma Yatri,2024/07/16,8.94,126.7,,1.0,Prime, Cash,  Lucknow  
ORD003925,CUST02104,DRV0290,Ola,19-06-2025,,,54.16,5.0,Prime, Card,  Faridabad  
ORD002531,CUST00386,DRV0128,InDrive,08-31-2023,1.72,60.95,,5.0,XL,upi,Ahmedabad
ORD004755,CUST02351,DRV0184,blusmart,02/11/2025,11.68,215.9,,4.0,sedan,  Net Banking  ,chandigarh
ORD002124,CUST02399,DRV0228,Uber,2024/01/29,,,,3.0, XL, Cash,Pune
ORD003536,CUST00192,DRV0233,BluSmart,2025/01/28,13.53,200.21,0.0,1.0,Sedan,Cash,CHENNAI
ORD002463,CUST01392,DRV0166,,09-08-2023,12.06,,,5.0,Mini,WALLET,Lucknow
ORD003348,CUST00412,DRV0267,INDRIVE,05-09-2023,1.36,51.72,67.93,3.0,Mini,Net Banking, Noida
ORD001057,CUST00609,DRV0081,BluSmart,19-04-2025,5.89,,,4.0,PRIME,,Delhi
ORD003223,CUST01950,DRV0013,Namma Yatri,2025/03/06,13.22,271.3,0.0,5.0,SUV,CARD,HYDERABAD
ORD003256,CUST02080,DRV0112,Meru,11-07-2023,3.41,99.96,0.0,1.0,Mini,Card,hyderabad
ORD000720,CUST02368,DRV0145,Ola,25-10-2025,12.75,166.18,0.0,,SUV,Cash,Chandigarh
ORD004000,CUST01762,DRV0040,  BluSmart  ,05-28-2024,7.55,102.47,18.15,4.0,  Prime  ,Cash,JAIPUR
ORD003929,CUST02605,DRV0194,InDrive,02-16-2025,5.77,97.11,,2.0,Bike,  Net Banking  ,Jaipur
ORD000719,CUST01319,DRV0049,ola,2023/03/13,4.18,114.47,0.0,1.0,Bike,Wallet,lucknow
ORD002498,CUST02994,DRV0015,BluSmart,2025/03/03,15.2,162.86,0.0,4.0,Mini,upi,BANGALORE
ORD002039,CUST02188,DRV0048,,00-00-0000,16.42,199.29,0.0,4.0,  Pool  ,Net Banking,Bhopal
ORD004081,CUST02959,DRV0286,Meru,2024/04/25,1.07,53.36,52.2,2.0,  XL  ,  Net Banking  ,LUCKNOW
ORD001763,CUST00001,DRV0307,meru,19-04-2024,16.29,173.86,65.27,2.0,MINI,Wallet,Mumbai
ORD004576,CUST02966,DRV0061,Ola,28/12/2024,1.89,,0.0,4.0,SUV,NET BANKING,chennai
ORD003770,CUST00457,,Namma Yatri,00-00-0000,,,,4.0,Auto,Cash,Delhi
ORD002774,CUST02703,DRV0471,,23 Nov 2024,0.67,-48.34,0.0,1.0,Auto,UPI,Faridabad
ORD002439,CUST02402,DRV0264,Meru,2024/03/04,10.32,194.78,0.0,,prime,Cash,Mumbai
ORD001120,CUST02931,DRV0339,Rapido,,20.72,294.99,0.0,4.0, Mini,wallet,hyderabad
ORD001471,CUST00380,DRV0456,INDRIVE,,11.2,187.02,0.0,3.0,Sedan,net banking,noida
ORD001282,CUST02113,DRV0293,OLA,14-02-2024,0.58,48.85,,2.0, Auto,Card,Chennai
ORD002511,CUST02206,DRV0236,Jugnoo,2024/05/07,5.74,99.68,0.0,3.0, SUV,CASH,Kolkata
ORD001278,CUST01535,DRV0088,Rapido,19-02-2025,0.4,44.5,44.1,3.0,  Auto  ,net banking,Indore
ORD004736,CUST01029,DRV0322,  Meru  ,2023/11/06,0.66,51.66,0.0,3.0,mini,Card,Chandigarh
ORD001405,CUST00004,DRV0356, Rapido,2023/03/19,14.84,212.02,0.0,5.0,xl, Cash, Chandigarh
ORD002083,CUST00484,DRV0424,Meru,15 Aug 2023,1.73,65.13,,5.0,Prime,CARD,Gurugram
ORD002815,CUST01378,DRV0107,indrive,2024/03/18,16.44,297.87,,5.0,Sedan,WALLET,Ahmedabad
ORD002236,CUST00999,DRV0219, Namma Yatri,2024/01/01,,,,2.0,Sedan,net banking,Gurugram
ORD001628,CUST01086,DRV0055,JUGNOO,24 Nov 2025,0.41,46.81,0.0,5.0,MINI,Card,Chandigarh
ORD002400,CUST00298,DRV0095,InDrive,05-27-2023,4.84,98.09,,2.0,  Sedan  ,Wallet,bhopal
ORD001467,CUST00696,DRV0488,  Jugnoo  ,02/02/2024,0.86,49.76,0.0,1.0,XL,Card,bangalore
ORD002189,CUST02527,DRV0340,Ola,2025/01/03,1.74,58.98,,4.0,suv,CARD,Faridabad
ORD004810,CUST01382,DRV0203,OLA,03-04-2025,11.86,192.18,0.0,5.0,Pool,CARD, Jaipur
ORD001872,CUST00756,DRV0337, Meru,26-10-2025,5.6,115.06,49.55,1.0,Mini,cash,Bangalore
ORD002904,CUST01454,DRV0045, InDrive,10-02-2024,14.85,259.13,,4.0,Auto,  Card  ,MUMBAI
ORD000176,CUST01320,DRV0176, InDrive,02-23-2025,7.25,100.67,,3.0,BIKE,net banking,  Lucknow  
ORD004850,CUST02723,DRV0411,  Meru  ,15-06-2024,6.43,147.69,0.0,1.0,Sedan,Net Banking,Indore
ORD000496,CUST00198,DRV0328,ola,2023/10/09,11.1,225.02,,5.0, Pool,UPI,HYDERABAD
ORD004391,CUST01182,DRV0373,Ola,2025/08/22,3.65,96.47,26.38,,BIKE,Cash,Chandigarh
ORD004543,CUST00116,DRV0042,Ola,00-00-0000,0.44,43.72,50.31,2.0,Pool,net banking,
ORD003519,CUST00990,DRV0155,blusmart,22-03-2024,14.84,282.23,0.0,2.0,  Mini  ,WALLET,Bangalore
ORD000319,CUST02276,DRV0235,BluSmart,24-08-2025,3.65,70.35,0.0,5.0,  Bike  ,UPI,Gurugram
ORD003668,CUST02470,DRV0199,InDrive,,4.35,89.77,0.0,4.0,Bike, UPI,INDORE
ORD000993,CUST01236,DRV0058,jugnoo,04-04-2023,5.47,124.2,,1.0,SUV,UPI,Ahmedabad
ORD002665,CUST02206,DRV0227,blusmart,08/01/2023,4.73,105.49,62.04,4.0,POOL,UPI,Ahmedabad
ORD003251,CUST00002,DRV0096,Namma Yatri,11-01-2023,4.99,93.57,95.29,,XL,CARD,Chennai
ORD000009,CUST00573,DRV0365,Ola,10-10-2023,10.01,158.16,43.73,2.0,  Prime  ,UPI,Gurugram
ORD000072,CUST02043,DRV0473,Jugnoo,10-13-2023,1.06,50.1,,9.0,Bike,  UPI  ,Chandigarh
ORD003118,CUST00380,DRV0460,  Uber  ,2025/01/27,,,,2.0, Bike, Cash,Kolkata
ORD000638,CUST00404,DRV0012,Meru,01-12-2024,16.91,181.86,42.47,4.0,Pool,UPI,Gurugram
ORD001462,CUST00253,DRV0425,RAPIDO,00-00-0000,6.48,120.47,0.0,3.0,mini,Cash,PUNE
ORD004568,CUST02121,DRV0382,BluSmart,17/11/2025,10.83,,,5.0, Mini,Cash,  Kolkata  
ORD001547,CUST00760,, Jugnoo,07-02-2025,6.12,117.42,0.0,2.0,Sedan,upi,faridabad
ORD003291,CUST02247,DRV0178,INDRIVE,05-01-2025,9.05,128.59,0.0,1.0,SUV, Card,  Hyderabad  
ORD000229,CUST00427,DRV0324,Jugnoo,25-01-2023,5.4,93.03,,5.0,Sedan,card,Hyderabad
ORD002946,CUST00233,DRV0215,JUGNOO,08-02-2025,0.06,40.94,67.51,2.0,XL,wallet,NOIDA
ORD000802,CUST02568,DRV0343,Rapido,2023/05/15,10.07,172.22,62.8,,Prime,Wallet,HYDERABAD
ORD004572,CUST02877,DRV0303,,00-00-0000,17.16,314.12,,,Mini, Cash,Lucknow
ORD002563,CUST01706,DRV0296,jugnoo,08-28-2025,,,,5.0,Pool, Card,Delhi
ORD001542,CUST00458,DRV0274,Rapido,22-01-2023,8.03,163.36,0.0,5.0,Prime,CASH,Pune
ORD000141,CUST02345,DRV0069,namma yatri,19-02-2024,13.69,152.82,,1.0,POOL,UPI,  Faridabad  
ORD004828,CUST00125,DRV0454,  Rapido  ,2024/11/16,5.98,143.39,0.0,3.0,Sedan,UPI,noida
ORD003063,CUST01390,DRV0173,Namma Yatri,20-08-2023,10.66,144.57,0.0,5.0,XL,Wallet,indore
ORD003185,CUST01787,DRV0037,Jugnoo,01-25-2023,10.33,184.94,0.0,5.0,Mini,Wallet,chandigarh
ORD003634,CUST00794,DRV0419,  Ola  ,28-09-2023,11.69,211.84,,5.0,Bike,Cash,Pune
ORD001523,CUST02734,DRV0437,BluSmart,2023/03/05,2.17,78.69,0.0,1.0,Mini,Cash,GURUGRAM
ORD000537,CUST02928,DRV0412, BluSmart,27-02-2023,13.47,216.15,,3.0,sedan,Wallet,  Lucknow  
ORD000410,CUST02005,DRV0225,blusmart,15/11/2023,5.32,132.03,0.0,5.0,xl,Card,Kolkata
ORD003740,CUST01796,DRV0291,BluSmart,18-05-2025,13.73,154.69,0.0,4.0,Auto,UPI,CHANDIGARH
ORD002004,CUST00370,DRV0403,rapido,22 Jun 2023,19.73,225.79,36.8,5.0,xl,Cash, Mumbai
ORD004359,CUST02696,DRV0239,Meru,28/02/2024,9.47,179.86,0.0,3.0,Sedan,  UPI  ,  Lucknow  
ORD004532,CUST02591,DRV0132,namma yatri,02-09-2025,-2.91,30,0.0,4.0,Pool, Net Banking,Hyderabad
ORD004660,CUST01721,DRV0148,INDRIVE,25-09-2025,6.29,97.64,,5.0,Prime,Wallet,Noida
ORD002679,CUST00971,DRV0283,MERU,06-12-2023,16.87,308.91,0.0,3.0,XL,  Wallet  ,Noida
ORD003164,CUST02675,DRV0333,InDrive,2023/07/19,14.17,242.41,68.7,1.0,Prime,Card,faridabad
ORD001531,CUST01892,DRV0391,ola,03-14-2025,14.59,200.72,,3.0,auto,UPI,NOIDA
ORD004782,CUST00392,DRV0342,  Namma Yatri  ,12-04-2024,13.26,243.85,0.0,2.0,Bike,Net Banking,Mumbai
ORD001880,CUST02060,DRV0434,  Jugnoo  ,08/10/2024,0.57,47.38,,2.0,SEDAN,Wallet,bhopal
ORD003469,CUST02239,DRV0134,Namma Yatri,09-18-2023,2.54,64.38,,3.0,AUTO,net banking,Kolkata
ORD003835,CUST01906,DRV0496,namma yatri,20-09-2025,8.11,116.71,,3.0,Sedan,UPI,Bangalore
ORD001135,CUST01595,DRV0169,Rapido,26/01/2023,13.49,248.08,89.28,1.0,xl,Wallet,Mumbai
ORD000836,CUST02752,DRV0413,UBER,05/07/2023,3.76,102.75,,1.0,SUV,Card,DELHI
ORD000564,CUST02121,DRV0402,  Uber  ,16-08-2023,19.96,320.75,,2.0,Auto,Cash,mumbai
ORD004162,CUST00303,DRV0104,Namma Yatri,08-05-2025,8.49,146.15,,5.0,XL,net banking,  Pune  
ORD002640,CUST02482,DRV0192,UBER,13 Jan 2025,0.33,44.19,0.0,5.0,SUV,WALLET,Bhopal
ORD002630,CUST02658,DRV0433, Namma Yatri,2024/02/18,-13.11,30,0.0,5.0,XL,Card,faridabad
ORD002394,CUST02419,DRV0005,Rapido,2025/09/26,15.09,228.72,,3.0,pool,Wallet,Faridabad
ORD004533,CUST01734,DRV0209,Namma Yatri,2024/07/03,-5.28,30,,4.0,Sedan,card,chandigarh
ORD004103,CUST01704,DRV0003,JUGNOO,22/10/2024,,,,3.0,  Sedan  ,UPI,chandigarh
ORD004637,CUST02013,DRV0125,  Rapido  ,14-05-2025,8.35,134.05,0.0,2.0,Auto,  Net Banking  ,Noida
ORD003659,CUST02103,DRV0033,Ola,21/06/2025,3.94,74.17,,4.0,BIKE,Wallet,gurugram
ORD003170,CUST01051,DRV0490,Meru,00-00-0000,4.85,113.34,0.0,2.0,  Bike  ,Card,BHOPAL
ORD004518,CUST00485,DRV0412, BluSmart,04-09-2023,9.38,125.15,0.0,4.0,Mini,Net Banking,LUCKNOW
ORD002768,CUST00575,DRV0264,InDrive,11-30-2024,1.6,54.03,8.39,1.0,Auto,Cash,Bhopal
ORD000442,CUST02048,DRV0317,indrive,08-04-2025,4.67,89.68,0.0,3.0,  Bike  ,wallet,chennai
ORD000265,CUST01225,DRV0473,  Rapido  ,09-27-2024,8.14,170.14,83.63,2.0,XL,  Wallet  ,
ORD002361,CUST01450,DRV0019,jugnoo,00-00-0000,7.19,153.56,0.0,5.0,XL,CARD,Hyderabad
ORD004067,CUST01001,DRV0491,JUGNOO,20-01-2025,5.46,127.52,89.37,1.0,Pool,CASH,FARIDABAD
ORD002996,CUST01808,DRV0215,InDrive,,16.78,-239.3,0.0,2.0,SUV,Net Banking,BHOPAL
ORD004826,CUST00057,DRV0163, Ola,2023/06/22,5.18,92.21,0.0,4.0, Prime,  UPI  ,Noida
ORD000063,CUST00653,DRV0149,Uber,,5.02,124.34,35.63,2.0,prime,NET BANKING,delhi
ORD002403,CUST00923,DRV0276,NAMMA YATRI,24/10/2024,2.93,84.97,0.0,4.0,Pool,CARD,  Chennai  
ORD002076,CUST00002,DRV0223,,2024/07/04,15.29,236.63,0.0,5.0,Auto,WALLET,Bhopal
ORD000871,CUST02037,DRV0135,InDrive,2025/11/13,8.24,119.01,,5.0,Bike,Card,Ahmedabad
ORD003407,CUST02665,DRV0323,jugnoo,,14.05,232.36,,1.0,auto,Wallet, Delhi
ORD000717,CUST02546,DRV0201,meru,11-06-2023,,,0.0,5.0,  Pool  , Net Banking,Chandigarh
ORD000725,CUST02894,DRV0093,BluSmart,21-12-2023,-4.19,,0.0,5.0,Prime,  Net Banking  ,Hyderabad
ORD003750,CUST02062,DRV0030,jugnoo,16-05-2023,5.8,127.57,30.55,2.0,Auto,  Card  ,Lucknow
ORD004301,CUST02025,DRV0212,Rapido,14/02/2024,2.95,80.27,,4.0,mini,Wallet,GURUGRAM
ORD003372,CUST01254,DRV0369,Namma Yatri,15-06-2023,10.26,223.46,5.25,3.0,bike,WALLET,Chennai
ORD004228,CUST02607,DRV0489,  Namma Yatri  ,2024/03/22,10.32,184.23,68.49,,SUV,net banking,Kolkata
ORD004650,CUST02650,DRV0425,JUGNOO,13-03-2025,5.64,120.87,27.14,3.0,SEDAN, Card,Lucknow
ORD003608,CUST01876,DRV0103,JUGNOO,2024/02/23,5.15,112.74,0.0,5.0,Mini,Card,Noida
ORD001260,CUST00743,DRV0211,InDrive,03-05-2024,15.29,236.08,77.29,1.0,,Net Banking,Indore
ORD001570,CUST00995,DRV0498,  Ola  ,25-10-2024,13.75,246.89,,3.0,Auto,CARD,  Delhi  
ORD000909,CUST00845,DRV0077,NAMMA YATRI,06-01-2024,2.05,68.99,,2.0,suv,upi,CHENNAI
ORD003850,CUST01178,DRV0168,Rapido,2023/06/06,8.53,128.6,,2.0,SUV,,chennai
ORD001965,CUST02407,DRV0020,BluSmart,08-04-2025,3.93,96.53,0.0,4.0,pool, Cash,Gurugram
ORD004026,CUST01375,DRV0149,namma yatri,06-19-2024,8.41,124.55,,3.0,Pool,UPI,Delhi
ORD002822,CUST01050,DRV0115, Namma Yatri,2024/02/18,7.53,,65.22,3.0, Pool,cash, Lucknow
ORD000750,CUST00021,DRV0346,JUGNOO,28-04-2025,8.48,155.33,,2.0, Prime,  UPI  ,Hyderabad
ORD000315,CUST01905,DRV0293,Rapido,2023/04/01,5.42,135.4,0.0,1.0,Bike, Cash,Ahmedabad
ORD000626,CUST00534,DRV0109,Jugnoo,09-08-2025,4.49,119.35,,4.0,SUV,Wallet,Ahmedabad
ORD003658,CUST02061,DRV0410,meru,2023/09/17,15.5,204.74,0.0,5.0,POOL,WALLET,Mumbai
ORD003273,cust00567,DRV0448,Uber,09-12-2024,20.32,309.62,,4.0,XL,UPI,noida
ORD003041,CUST00007,DRV0415,Ola,21/05/2025,5.32,106.19,0.0,3.0,  Mini  ,net banking,Hyderabad
ORD003561,CUST02783,DRV0282,OLA,2023/12/25,7.37,164.72,,2.0,Pool,Card,hyderabad
ORD004511,CUST00444,DRV0442,  Namma Yatri  ,12-02-2023,11.71,165.02,0.0,2.0,sedan,UPI,Bhopal
ORD001977,CUST01296,DRV0102,Namma Yatri,30 Jun 2025,15.8,170.47,0.0,3.0,  SUV  ,Card,AHMEDABAD
ORD002335,CUST00704,DRV0232,NAMMA YATRI,2024/06/08,2.49,67.85,0.0,1.0,SUV,Cash,mumbai
ORD003001,CUST02315,DRV0307,JUGNOO,25-08-2024,6.05,101.4,0.0,2.0,Mini,Card,Mumbai
ORD000135,CUST02767,DRV0077,INDRIVE,12-09-2023,15.53,213.64,0.0,2.0,prime,Net Banking,Noida
ORD004483,CUST00939,DRV0457,uber,24/10/2024,3.09,76.22,0.0,4.0,Auto,Cash,Kolkata
ORD002974,CUST01881,DRV0149,indrive,15-02-2025,19.08,271.45,,4.0,MINI,Cash,  Bangalore  
ORD000244,CUST02559,DRV0361,ola,23-03-2023,21.72,359.47,,4.0,MINI,Card,noida
ORD004740,CUST00681,DRV0255,jugnoo,15-06-2025,11.25,178.69,,4.0,suv,Net Banking,HYDERABAD
ORD003446,CUST02054,DRV0296,RAPIDO,2024/04/30,11.44,156.1,,4.0,sedan,UPI,delhi
ORD001051,CUST01423,,Rapido,11-02-2024,9.31,177.27,,4.0,prime,UPI,faridabad
ORD001949,CUST01976,DRV0336,Rapido,12 Feb 2024,2.16,65.28,0.0,4.0,XL,upi,lucknow
ORD003610,CUST00005,DRV0218,Ola,02-16-2023,3.93,93.69,0.0,2.0,SUV,Cash,
ORD001887,CUST00763,DRV0153,rapido,10 Jan 2025,7.42,117.3,0.0,3.0,SUV,CARD,noida
ORD001143,CUST02526,DRV0484,namma yatri,2024/05/24,6.81,147.18,0.0,2.0,  Prime  ,Cash,FARIDABAD
ORD001128,CUST00261,DRV0142,Ola,20/08/2023,12.7,194.37,78.41,4.0,bike,UPI,Indore
ORD002476,CUST01225,DRV0009,Namma Yatri,12-02-2024,11.04,137.12,14.6,3.0,MINI,wallet,kolkata
ORD000124,CUST01284,DRV0448,RAPIDO,,8.06,175.88,,2.0,Bike,WALLET,Ahmedabad
ORD003314,CUST00743,DRV0452,Jugnoo,04-10-2025,,,,1.0, Auto,UPI,CHENNAI
ORD002742,CUST01660,DRV0086,Namma Yatri,17-08-2024,9.64,128.3,,1.0, Mini,Net Banking, Indore
ORD000408,CUST01107,DRV0185,jugnoo,10-06-2023,2.15,76.19,,4.0,Pool,wallet,Indore
ORD000881,CUST00372,DRV0364,InDrive,07-21-2024,15.59,195.27,0.0,1.0,SUV,Wallet,faridabad
ORD003472,CUST01728,DRV0200,JUGNOO,2024/07/28,0.57,46.88,0.0,3.0, SUV, Wallet,Chandigarh
ORD003704,CUST02762,DRV0181,BluSmart,04/02/2024,3.75,92.72,,1.0,Bike,Cash,jaipur
ORD000203,CUST00975,DRV0389,  Ola  ,20-12-2024,11.29,133.97,0.0,1.0,suv,Card,Bangalore
ORD000029,CUST01163,DRV0411,Ola,2025/11/01,1.64,59.96,,,Prime,WALLET,  Mumbai  
ORD001219,CUST00731,DRV0203,Uber,25/07/2025,12.25,156.72,,5.0,SUV,  Net Banking  ,FARIDABAD
ORD001767,CUST00909,,Ola,04/05/2024,6.49,134.71,0.0,1.0,Auto, Cash,  Hyderabad  
ORD003349,CUST02287,DRV0295, BluSmart,09 Oct 2023,0.95,56.61,,2.0,SUV,  Cash  ,
ORD001603,CUST01938,DRV0345, InDrive,01-11-2025,,,,5.0,Mini,UPI,BHOPAL
ORD001198,CUST00121,DRV0075, Namma Yatri,19-07-2023,11.7,165.4,,4.0,Bike,upi,
ORD002460,CUST02127,DRV0466,Jugnoo,2025/03/06,3.84,101.76,26.39,4.0,Sedan,Card,mumbai
ORD002602,CUST02484,DRV0016,Namma Yatri,00-00-0000,11.97,247.12,68.17,9.0,SUV,Card,MUMBAI
ORD004343,CUST01882,DRV0396,Uber,29 Aug 2023,15.4,293.24,0.0,4.0,Sedan,net banking,Chennai
ORD004847,CUST02963,,Rapido,2023/08/15,7.46,128.61,0.0,3.0,Pool,Wallet,DELHI
ORD000912,CUST02298,DRV0355,BLUSMART,2025/08/22,6.89,103.67,0.0,1.0,prime,Cash,Ahmedabad
ORD004699,CUST02678,DRV0312, Uber,2024/02/29,1.48,0,,5.0,AUTO,CASH,Jaipur
ORD002396,CUST01793,DRV0079,Ola,06/02/2024,,,,4.0,AUTO,card,jaipur
ORD003269,CUST01577,DRV0008,BluSmart,00-00-0000,5.43,116.56,92.36,2.0,SUV,Wallet,  Indore  
ORD003101,CUST02392,DRV0102,Ola,,8.58,120.17,42.71,1.0,mini,Wallet, Bangalore
ORD004852,CUST00750,DRV0463,Jugnoo,,9.13,132.53,31.69,3.0,Mini,wallet,Chennai
ORD001091,CUST00366,DRV0183,Rapido,00-00-0000,7.08,112.38,0.0,4.0,Pool,Wallet,  Chennai  
ORD002801,CUST00034,DRV0286,Rapido,,8.07,126.29,0.0,3.0,Prime,Wallet,  Faridabad  
ORD004912,CUST02399,DRV0215,blusmart,21-07-2025,,,44.37,1.0,Sedan,Card,CHENNAI
ORD003650,CUST01167,DRV0436,Ola,2024/01/09,10.1,186.04,0.0,4.0,PRIME,  Wallet  ,Ahmedabad
ORD000965,CUST01731,DRV0147,Ola,06-07-2025,5.2,97.47,0.0,5.0,Mini,card, Noida
ORD000543,CUST02775,DRV0312,Rapido,00-00-0000,6.68,151.81,66.82,3.0,auto,wallet, Pune
ORD003512,CUST02293,DRV0478,JUGNOO,07-20-2023,10.47,208.79,,3.0,MINI,Cash,DELHI
ORD000915,CUST01968,DRV0307,BluSmart,10/01/2024,21.53,341.44,0.0,1.0,Auto,WALLET, Lucknow
ORD002291,CUST00663,DRV0465,BluSmart,20-11-2023,2.99,92.35,,3.0,bike,Card, Delhi
ORD003790,CUST02528,DRV0182,Uber,12/06/2025,6.18,124.78,,1.0,SUV,wallet,Chennai
ORD002277,CUST01125,DRV0272,  InDrive  ,13/12/2025,10.87,143.92,0.0,4.0,Prime,Card,Pune
ORD001387,CUST02417,DRV0272,Meru,18/11/2025,4.29,107.45,,4.0,auto,upi,Mumbai
ORD000459,CUST02575,DRV0242,Rapido,06-03-2023,6.19,123.25,,1.0,SUV,  UPI  ,BANGALORE
ORD001800,CUST01512,DRV0365,Namma Yatri,17-11-2025,19.49,330.99,49.54,2.0,,Cash,FARIDABAD
ORD004383,CUST01115,DRV0482,Ola,,21.35,324.88,0.0,4.0,Sedan,wallet,Indore
ORD004197,CUST02157,DRV0107,InDrive,22-07-2024,8.74,113.05,0.0,4.0,Prime,CARD,Kolkata
ORD003553,CUST01818,DRV0200,Meru,2023/04/16,3.21,80.1,,2.0,  XL  ,CARD,hyderabad
ORD004788,CUST02592,DRV0437,Namma Yatri,23-11-2025,0.81,46.83,0.0,1.0,  Sedan  ,net banking,Chennai
ORD002381,CUST00845,DRV0215,Jugnoo,19-06-2023,3.81,107.22,,4.0,MINI,,hyderabad
ORD004593,CUST00448,DRV0088,NAMMA YATRI,26-06-2024,5.15,102.83,,2.0,Bike,Cash,Noida
ORD004164,CUST00590,DRV0232,uber,05-07-2024,592.68,6302.66,0.0,4.0,  Pool  ,Net Banking,Delhi
ORD002148,CUST01203,DRV0252,Jugnoo,00-00-0000,8.09,152.5,89.05,1.0,MINI,Cash,bangalore
ORD003539,CUST00693,DRV0265,Jugnoo,25/05/2023,3.94,74.27,0.0,3.0,Pool,NET BANKING,Kolkata
ORD002649,CUST02733,DRV0105,Namma Yatri,12-16-2023,11.66,146.82,0.0,5.0,Pool,Wallet,HYDERABAD
ORD003015,CUST01976,DRV0269,BluSmart,2025/04/11,3.19,83.19,0.0,2.0,sedan, Net Banking,Kolkata
ORD002120,CUST01736,DRV0167,ola,14 Mar 2025,0.52,44.56,,3.0,BIKE,  Wallet  ,Chandigarh
ORD003057,CUST01669,DRV0097,JUGNOO,21-04-2025,8.21,163.99,0.0,3.0,Mini,Net Banking,Kolkata
ORD002590,CUST02606,DRV0345,InDrive,03-20-2023,0.8,53.66,0.0,4.0,Auto,  Wallet  ,AHMEDABAD
ORD002387,CUST01447,,Rapido,2025/03/27,6.94,146.54,99.34,3.0,Sedan,Net Banking,Chennai
ORD003462,CUST02994,DRV0142,ola,2023/10/07,10.61,160.18,57.64,4.0,BIKE,Card,Faridabad
ORD004404,CUST01773,DRV0204,Jugnoo,2024/06/17,13.55,227.05,,2.0,Mini,card,GURUGRAM
ORD002960,CUST01212,DRV0286,Meru,04-28-2024,6.32,132.73,0.0,3.0,Prime,UPI,Jaipur
ORD002518,CUST00253,DRV0252,BluSmart,28-02-2024,5.41,99.85,,3.0,Mini,Card,Bangalore
ORD004065,cust00901,DRV0215,uber,00-00-0000,7.8,106.55,77.84,5.0,AUTO,  Card  ,Jaipur
ORD003991,CUST02105,DRV0158,BluSmart,,2.27,71.98,79.5,5.0, Pool,Wallet,Lucknow
ORD001350,CUST01118,,Rapido,00-00-0000,5.82,127.4,0.0,2.0, Prime,Card,chandigarh
ORD003131,CUST02494,DRV0363,Rapido,,3.51,99.37,,1.0,Bike,Cash,  Bangalore  
ORD004818,CUST02197,DRV0459,Uber,,6.0,102.38,0.0,3.0,Prime,NET BANKING,INDORE
ORD001680,CUST00055,DRV0433,Rapido,18-12-2024,5.53,114.94,35.83,2.0,Mini,  Net Banking  ,Indore
ORD001725,CUST02750,DRV0459,Rapido,03/07/2025,4.75,115.71,56.37,5.0,Pool,Net Banking,Bhopal
ORD002092,CUST01669,DRV0424,namma yatri,2023/04/12,22.11,281.24,,4.0,suv,UPI,Noida
ORD002675,CUST01509,DRV0088,Ola,2025/09/01,5.36,109.21,,1.0,AUTO,Cash,Noida
ORD000279,CUST02937,DRV0145,Uber,00-00-0000,8.53,Rs 109.57,,1.0,SEDAN,Cash,  Gurugram  
ORD000672,,DRV0207,ola,00-00-0000,1.48,58.41,38.55,5.0,auto,Card,Bhopal
ORD002118,CUST02653,DRV0372,Meru,25/04/2023,1.68,60.09,,,XL, Card,Chennai
ORD000693,CUST02742,DRV0225,Uber,18-01-2024,10.68,145.74,,2.0,Sedan, Card,Lucknow
ORD001366,CUST01056,DRV0383,uber,07-01-2025,-8.68,30,0.0,2.0,XL,Cash,hyderabad
ORD001170,CUST00263,DRV0296,BluSmart,2025/07/06,4.97,87.57,0.0,4.0,Prime,Card,HYDERABAD
ORD004527,CUST00903,DRV0468,InDrive,15/11/2025,6.8,116.04,85.72,3.0,Auto,  Net Banking  ,pune
ORD001939,CUST00262,DRV0386,Rapido,16-11-2024,3.37,87.81,31.29,3.0,Bike,cash,jaipur
ORD001374,CUST00903,DRV0421, Namma Yatri,09 Jun 2024,20.54,252.48,0.0,5.0,Pool,UPI,faridabad
ORD002194,CUST02086,DRV0255,Uber,15-06-2025,0.57,48.28,,5.0,Auto, UPI,BANGALORE
ORD002122,CUST02931,DRV0347, Namma Yatri,20-08-2025,8.82,171.44,0.0,2.0, Sedan,CARD,  Noida  
ORD001623,CUST01381,DRV0289,Ola,28-10-2023,2.34,65.28,,5.0, XL,WALLET,GURUGRAM
ORD001301,CUST02775,DRV0290,  Rapido  ,2025/02/20,0.07,40.6,57.86,1.0,bike,  Card  ,Pune
ORD002353,CUST00395,DRV0371,JUGNOO,00-00-0000,7.9,136.52,,3.0, Mini,net banking, Delhi
ORD004566,CUST00144,DRV0111, Namma Yatri,06 Jun 2023,,,0.0,3.0,XL,CASH,Jaipur
ORD003161,CUST00899,DRV0368,Namma Yatri,2024/10/08,0.64,46.77,0.0,3.0,auto,Cash,Indore
ORD003508,,DRV0486, Rapido,21/05/2025,4.34,116.65,0.0,2.0,Pool,  Net Banking  ,chandigarh
ORD001822,CUST02532,DRV0337,meru,00-00-0000,8.07,108.56,,3.0,mini,Cash,Indore
ORD003507,CUST02248,,,10-03-2023,5.25,128.7,,4.0,Pool,Cash,CHANDIGARH
ORD002877,CUST00859,DRV0122,BluSmart,18-12-2024,10.03,129.87,0.0,,sedan,NET BANKING,Pune
ORD004076,CUST00734,DRV0116,InDrive,2025/04/23,13.34,235.41,0.0,2.0,  XL  ,Card,Chandigarh
ORD002825,CUST00412,DRV0300,Ola,02-11-2025,8.31,173.35,,3.0,XL,Cash,Bhopal
ORD002621,CUST02797,,Ola,2024/01/04,18.19,325.99,,3.0,pool,Net Banking,Bhopal
ORD004219,CUST02630,DRV0481,BluSmart,10-13-2025,11.22,144.11,93.9,2.0,PRIME,NET BANKING, Indore
ORD002010,CUST00542,DRV0199,indrive,2025/06/26,4.96,83.74,,3.0,Prime,Cash,Jaipur
ORD000479,CUST02867,DRV0429,jugnoo,12-25-2024,1.71,65.16,0.0,2.0,Sedan, Cash,Faridabad
ORD004785,CUST01186,DRV0163,BluSmart,26-04-2025,9.95,144.52,,1.0,Sedan,upi,Jaipur
ORD002504,CUST00307,DRV0193,BLUSMART,15-03-2025,9.35,161.13,,1.0,,  Card  ,Jaipur
ORD003597,CUST02128,DRV0431,Jugnoo,2025/03/11,1.68,67.52,0.0,4.0,Pool,Card,Bhopal
ORD001947,CUST02379,DRV0152,uber,00-00-0000,14.54,261.09,,1.0, Prime,UPI,Pune
ORD004365,CUST01544,DRV0152,BluSmart,2025/04/16,9.52,178.88,0.0,5.0,Auto,Net Banking,NOIDA
ORD002228,CUST02088,DRV0247,BluSmart,19-04-2025,4.63,121.83,,5.0,pool,Cash,Hyderabad
ORD001006,CUST02194,DRV0374,  Jugnoo  ,2023/12/04,1.72,,8.33,4.0,Mini,UPI,  Ahmedabad  
ORD002360,CUST00506,DRV0304,uber,16/09/2024,8.28,178.13,75.09,3.0,Bike,UPI,Chennai
ORD002903,CUST01340,DRV0025, Meru,2024/11/11,15.48,226.68,,0.0,Mini,upi,Lucknow
ORD000393,CUST01946,DRV0412,Uber,2023/05/08,16.12,212.99,,3.0,Sedan,NET BANKING,faridabad
ORD000318,CUST02056,DRV0122,Namma Yatri,2023/04/05,4.96,112.5,0.0,2.0,  Sedan  ,upi, Jaipur
ORD001802,CUST02717,DRV0027,BluSmart,2024/05/27,4.77,98.98,18.9,,pool,Wallet,Pune
ORD004688,CUST00562,DRV0206, InDrive,05-11-2025,11.6,210.73,99.07,5.0,Sedan, Net Banking,Mumbai
ORD003134,CUST01501,DRV0055,JUGNOO,2025/06/20,5.25,126.83,86.23,3.0,SUV, Card,Gurugram
ORD001365,CUST01612,DRV0125,Ola,,6.12,100.96,0.0,4.0,Bike,  Card  ,ahmedabad
ORD002087,CUST01454,DRV0225,BluSmart,04-10-2025,11.46,155.63,0.0,7.0,Auto,card,bangalore
ORD001994,CUST02155,DRV0121,indrive,11-05-2023,12.38,213.59,0.0,4.0, Prime,Cash,Bhopal
ORD002947,CUST02270,DRV0377,NAMMA YATRI,31-03-2025,9.94,137.94,74.6,5.0,Auto,UPI,  Hyderabad  
ORD002589,CUST02110,DRV0184,MERU,11-12-2025,12.34,209.74,,1.0,Pool,Wallet, Faridabad
ORD004057,CUST00462,DRV0184,blusmart,06-23-2024,9.22,154.59,0.0,3.0,Pool,Card,Hyderabad
ORD003481,CUST02220,DRV0069,  Meru  ,27 Aug 2024,1.63,55.83,,5.0,bike,Cash,Delhi
ORD003600,CUST00727,DRV0346,JUGNOO,2023/06/07,4.97,,12.55,4.0,Auto,UPI,Mumbai
ORD001855,CUST02325,DRV0216,namma yatri,14-09-2025,0.52,47.62,,2.0,mini,net banking,Noida
ORD000150,CUST00834,DRV0218,,01-31-2025,14.07,274.18,,3.0,auto,upi,Indore
ORD002874,cust02945,DRV0291,meru,2025/11/18,23.66,415.67,,3.0,bike,  Cash  , Hyderabad
ORD002287,CUST01575,DRV0056,blusmart,05-01-2024,13.46,219.44,0.0,0.0,Auto,Card,bangalore
ORD002265,CUST02731,DRV0493,INDRIVE,25-05-2023,5.65,111.01,,1.0,prime,UPI,Indore
ORD003699,CUST01906,DRV0015,INDRIVE,02-07-2025,15.1,262.44,,5.0,Mini,Net Banking,Chandigarh
ORD003915,CUST02085,DRV0302,,,0.06,Rs 41.04,,4.0,AUTO,Card,hyderabad
ORD002813,CUST02570,DRV0439,  Namma Yatri  ,,10.01,218.23,0.0,1.0, Bike,UPI,  Faridabad  
ORD002997,CUST02321,DRV0313,Namma Yatri,17/01/2023,11.48,,,5.0,Auto,UPI,faridabad
ORD003829,CUST01915,DRV0088,rapido,22-10-2023,1.17,59.39,0.0,2.0,mini,UPI,BHOPAL
ORD004239,CUST02678,DRV0298,MERU,2025/12/28,13.22,227.83,0.0,5.0,Auto,Net Banking,bangalore
ORD001080,CUST00836,DRV0265,BluSmart,24-06-2024,10.34,200.15,34.83,3.0,XL, Net Banking,mumbai
ORD002776,CUST01415,DRV0144,RAPIDO,29/08/2025,16.78,187.51,0.0,4.0,  Bike  ,Card,faridabad
ORD002213,CUST00655,DRV0294,Uber,2025/11/02,10.66,126.53,,2.0,XL,Card,Jaipur
ORD003073,CUST01807,DRV0265,  Rapido  ,01-07-2023,5.15,103.74,,1.0,XL,  Wallet  ,noida
ORD001919,CUST02862,DRV0010,UBER,28 Dec 2023,7.6,176.24,,3.0,Auto,,Noida
ORD000732,CUST01079,DRV0265,jugnoo,2023/06/10,7.41,116.72,,3.0,Prime,Net Banking,KOLKATA
ORD003011,CUST02265,DRV0245, Meru,2025/06/03,-3.09,30,0.0,3.0,  Mini  ,CASH,  Mumbai  
ORD002626,CUST00152,DRV0160,jugnoo,2025/07/12,13.61,283.08,,5.0,SUV,Cash,hyderabad
ORD001048,CUST02983,DRV0309,Uber,2023/08/22,3.61,88.12,0.0,2.0,Pool,Net Banking,Noida
ORD001371,CUST00713,DRV0419,,20-02-2025,14.12,175.6,89.29,2.0,XL,Net Banking,Mumbai
ORD003997,CUST00949,DRV0155,ola,2025/07/20,9.97,197.48,,1.0,XL,  Card  , Bhopal
ORD002962,CUST01524,DRV0070,indrive,06-09-2023,14.38,167.28,0.0,4.0,Sedan,wallet,hyderabad
ORD001133,CUST00020,DRV0206,Uber,2024/06/19,11.99,208.75,,5.0,PRIME,Wallet,  Bhopal  
ORD000060,CUST01399,DRV0057,MERU,08 Mar 2023,17.3,285.91,0.0,3.0,Bike,UPI,CHENNAI
ORD003855,CUST00118,DRV0101,indrive,12-14-2024,11.65,,31.45,2.0,  XL  ,WALLET,PUNE
ORD001795,CUST01908,DRV0225,namma yatri,29/05/2023,0.86,Rs 53.91,0.0,2.0,Sedan,Wallet,Pune
ORD002073,CUST00341,DRV0063,Uber,10/07/2024,4.96,125.93,81.58,1.0,Pool,CASH,HYDERABAD
ORD001544,CUST01959,DRV0434,jugnoo,2023/12/06,9.48,128.58,,4.0,,Card,bangalore
ORD000371,CUST01942,DRV0412, Uber,08-01-2023,11.21,167.71,,2.0,Auto,  Card  ,Chennai
ORD000405,CUST02658,DRV0100,Meru,2024/04/23,5.72,,90.8,4.0,Prime,card,bangalore
ORD001242,CUST00169,DRV0483,InDrive,10-21-2024,7.6,164.85,,1.0,SEDAN,CARD, Bangalore
ORD003903,CUST02005,DRV0109,Namma Yatri,2024/07/22,7.95,173.34,,2.0,SUV,Net Banking,Hyderabad
ORD003566,CUST02656,DRV0051,InDrive,00-00-0000,1.7,57.59,0.0,2.0,PRIME,  Wallet  ,Delhi
ORD002473,CUST00097,DRV0014,  Uber  ,12-24-2025,7.39,115.86,0.0,2.0,POOL,wallet, Gurugram
ORD001426,CUST01088,DRV0206,Meru,04-04-2023,7.19,151.05,0.0,2.0,Sedan, Net Banking,Delhi
ORD003154,CUST00449,DRV0239,Jugnoo,25-10-2023,3.06,71.95,95.89,2.0,auto,Cash,Hyderabad
ORD004682,CUST02842,DRV0209,jugnoo,2024/08/12,8.47,117.47,41.33,3.0,bike,CARD,Hyderabad
ORD002373,CUST00994,DRV0160,InDrive,04-07-2023,16.68,251.81,0.0,2.0,Auto, Cash,Indore
ORD004595,CUST02777,DRV0021,InDrive,01-19-2024,16.4,242.43,0.0,1.0,xl,UPI,Delhi
ORD002426,CUST01305,DRV0229,Uber,19-08-2023,18.4,,0.0,1.0,  Bike  ,Cash,Delhi
ORD003862,CUST02426,DRV0269,Namma Yatri,2023/12/19,,,0.0,,Pool,UPI,HYDERABAD
ORD003388,CUST02621,DRV0009,Rapido,24-12-2023,11.88,215.94,37.39,5.0, Bike,NET BANKING,
ORD003048,CUST02368,DRV0256,Jugnoo,28/12/2024,3.71,82.72,0.0,3.0,xl,wallet,JAIPUR
ORD004806,CUST02333,DRV0079,,29-04-2023,26.25,368.28,42.1,1.0,SUV,CARD, Lucknow
ORD004263,CUST00788,DRV0112,Meru,2025/06/25,19.2,221.36,0.0,1.0,Prime,Net Banking,Delhi
ORD001618,CUST02010,DRV0169,Namma Yatri,2023/09/19,17.35,245.56,0.0,3.0,Pool,Net Banking,GURUGRAM
ORD000598,CUST01332,, Jugnoo,06-09-2023,2.36,62.61,,1.0,SUV,UPI,Delhi
ORD004447,CUST00513,DRV0358,Rapido,12-06-2025,5.82,98.62,,4.0, Prime,Cash,  Jaipur  
ORD004648,CUST00082,DRV0133,Meru,02-17-2024,0.87,53.45,42.88,5.0,Prime,Wallet,BHOPAL
ORD000465,CUST01728,DRV0201,MERU,2023/07/08,24.05,457.73,,1.0,XL,Wallet, Delhi
ORD004725,CUST01126,DRV0191,Namma Yatri,31/05/2025,5.97,129.34,85.84,3.0, Bike,Card,Chandigarh
ORD001483,CUST00421,DRV0467,RAPIDO,24-07-2023,20.15,Rs 220.89,,5.0, Auto,Card, Noida
ORD002013,CUST00293,DRV0086,Jugnoo,,24.45,296.8,0.0,5.0,pool,net banking,CHANDIGARH
ORD004645,CUST00965,DRV0220,Uber,10-02-2023,1.41,54.65,0.0,2.0,  Sedan  ,Card,noida
ORD002288,CUST02847,DRV0180,jugnoo,2025/04/02,4.71,91.63,74.33,4.0,Prime,Card,Ahmedabad
ORD004303,CUST02045,DRV0306,Uber,2024/10/04,6.81,161.11,,5.0,Pool,CASH,  Bhopal  
ORD004171,CUST00772,DRV0354,  Rapido  ,21/02/2024,0.94,52.5,0.0,5.0,SUV,Cash,
ORD001743,CUST01511,DRV0047,Namma Yatri,30 Mar 2024,14.67,-164.41,26.04,1.0,Mini,Cash,CHANDIGARH
ORD003653,CUST02784,DRV0086, InDrive,2023/11/27,11.28,173.63,0.0,3.0,Mini,Wallet,  Noida  
ORD003772,CUST01447,DRV0017,OLA,01-06-2023,10.73,174.96,0.0,3.0, Mini,UPI,KOLKATA
ORD003268,CUST02395,DRV0175,rapido,2025/02/26,14.0,262.45,0.0,2.0,XL,Wallet,Bhopal
ORD002295,CUST01220,DRV0218,BluSmart,2024/10/07,3.29,72.91,0.0,5.0,auto,  Net Banking  ,noida
ORD000001,CUST00664,DRV0110,Namma Yatri,2024/09/17,3.22,90.43,28.47,4.0, Pool,Cash,Chandigarh
ORD002259,CUST00893,DRV0201, Rapido,05-01-2025,9.09,197.96,,4.0,SUV,Card,Chennai
ORD004510,CUST00854,DRV0219,Rapido,2023/07/02,8.7,119.12,0.0,3.0,SUV,cash,kolkata
ORD002022,CUST00278,DRV0273,  Namma Yatri  ,06-30-2025,9.2,190.38,0.0,5.0,  XL  ,  Wallet  ,FARIDABAD
ORD001154,CUST01521,DRV0222,UBER,05-12-2023,6.57,111.68,,3.0,SUV,Net Banking,kolkata
ORD003058,CUST01721,DRV0359,BLUSMART,01-21-2025,5.57,98.76,,5.0,Auto,net banking,  Bhopal  
ORD003437,CUST01986,DRV0171,ola,29/10/2024,13.34,224.05,0.0,1.0,SUV,,Jaipur
ORD002618,CUST02558,DRV0033, Meru,05/07/2023,9.1,130.37,0.0,3.0,Sedan,Card,Jaipur
ORD002814,CUST02653,DRV0423,BluSmart,2024/09/11,9.68,145.12,0.0,2.0, Sedan,card,Delhi
ORD004534,CUST01887,,Rapido,2025/05/16,6.08,114.5,0.0,0.0,Sedan,UPI,Chennai
ORD004204,CUST02084,DRV0094, InDrive,10-04-2024,10.56,216.4,0.0,1.0,mini,UPI,chandigarh
ORD002853,CUST01108,DRV0346,Ola,2023/07/31,4.3,106.38,0.0,2.0,  SUV  ,Card,Hyderabad
ORD002317,CUST00174,DRV0081,OLA,07-09-2024,2.94,92.66,52.63,3.0,Sedan,Cash,BHOPAL
ORD003548,CUST01420,DRV0258,Rapido,15 Jun 2023,12.77,175.22,0.0,3.0, XL,Card,Pune
ORD003124,CUST01446,DRV0191,BluSmart,16-12-2025,8.15,124.99,0.0,1.0,XL,UPI,FARIDABAD
ORD000903,CUST01658,DRV0402,namma yatri,30-12-2025,4.44,106.93,,4.0,Auto,cash,Mumbai
ORD001334,CUST01085,DRV0179,BluSmart,2023/03/23,9.22,167.1,,,Prime,UPI,  Ahmedabad  
ORD004946,CUST02038,DRV0161,Meru,2023/05/19,0.99,50.77,27.38,2.0,SEDAN,Cash,indore
ORD004756,CUST01144,DRV0345,InDrive,2025/10/17,14.45,208.21,,3.0,prime,Cash,BHOPAL
ORD000992,CUST01410,DRV0396,  Meru  ,14 May 2023,10.36,149.88,51.27,5.0,POOL, Card,Faridabad
ORD003796,CUST00140,DRV0332,Rapido,02-05-2023,10.74,,0.0,2.0,xl,Wallet,Bangalore
ORD004817,CUST01370,DRV0168,ola,28-10-2023,1.97,61.56,,3.0,POOL,  Wallet  ,jaipur
ORD003852,CUST01288,DRV0049, InDrive,26 Sep 2023,6.95,113.04,,2.0,sedan,Cash, Chandigarh
ORD001625,CUST02403,DRV0065,OLA,07-12-2023,4.38,115.76,0.0,2.0,BIKE,NET BANKING,Hyderabad
ORD001862,CUST02532,DRV0074,blusmart,11-12-2025,2.8,66.55,59.02,2.0,BIKE,Card, Hyderabad
ORD003181,CUST00434,DRV0233,INDRIVE,10-03-2024,5.05,115.58,,4.0,MINI,CASH,Bangalore
ORD004523,CUST02036,DRV0492,BluSmart,09-26-2023,17.25,311.14,0.0,5.0,  Bike  ,net banking, Bangalore
ORD001630,CUST02226,DRV0180,Ola,08/02/2023,11.55,165.11,,5.0,Mini,upi,AHMEDABAD
ORD003490,CUST00993,DRV0117,  Jugnoo  ,08-27-2025,10.81,186.46,,4.0,  Mini  , UPI,ahmedabad
ORD002442,CUST00591,DRV0420,INDRIVE,07/12/2025,8.27,177.97,29.25,4.0,sedan,UPI, Jaipur
ORD002219,CUST01539,DRV0154,Meru,18-10-2024,1.54,56.83,,2.0,Mini, Card,Jaipur
ORD004886,CUST01034,DRV0057,Jugnoo,,6.9,118.05,0.0,4.0,XL,Wallet,mumbai
ORD001245,CUST02647,DRV0087,,07-05-2025,,,98.49,5.0, Pool,upi,faridabad
ORD000712,CUST02701,DRV0046,InDrive,07/05/2025,11.24,195.36,0.0,2.0,mini,Cash,Kolkata
ORD000372,CUST00918,DRV0151,namma yatri,2024/02/25,21.4,344.13,0.0,2.0,Pool,Card,GURUGRAM
ORD001454,CUST00238,DRV0305,INDRIVE,18-03-2025,0.05,40.48,,3.0,xl,Cash,  Bhopal  
ORD004357,CUST02637,DRV0087,meru,00-00-0000,5.3,131.49,,3.0,XL,Cash,Mumbai
ORD002136,CUST02649,DRV0016,ola,2023/07/12,13.52,154.33,0.0,2.0,PRIME, Card,FARIDABAD
ORD001564,CUST01976,DRV0243,jugnoo,09-01-2025,8.33,154.3,,2.0,Prime,UPI,Lucknow
ORD001093,,DRV0309,Jugnoo,2023/01/20,3.64,87.62,,2.0, XL,cash,chandigarh
ORD003284,CUST02702,DRV0003,Uber,28/12/2023,,,,1.0,  Bike  ,Card,  Hyderabad  
ORD003550,CUST00804,DRV0171,BluSmart,23-04-2023,10.8,163.93,87.41,4.0,Sedan,Card,Kolkata
ORD002609,CUST01683,DRV0176,  Rapido  ,2025/08/02,4.2,84.7,0.0,2.0,Auto,Wallet, Lucknow
ORD001137,CUST00546,DRV0326, Jugnoo,2024/04/03,13.04,232.97,0.0,3.0,Pool,NET BANKING, Kolkata
ORD003092,CUST00980,DRV0266,Namma Yatri,14/03/2023,2.78,83.74,0.0,2.0,Auto,Wallet, Noida
ORD000123,CUST01228,DRV0278,blusmart,2024/07/03,2.32,63.31,,1.0,Auto,  Card  ,JAIPUR
ORD001657,CUST01116,DRV0360,BluSmart,09-05-2025,6.97,122.4,,3.0,  SUV  ,Cash, Lucknow
ORD004165,CUST00981,DRV0220,Jugnoo,05/11/2023,13.05,273.48,45.5,5.0,  Sedan  ,card,  Pune  
ORD000026,CUST00156,DRV0473, Jugnoo,2023/10/07,18.37,366.04,0.0,2.0, Pool,UPI,  Noida  
ORD004412,CUST01415,DRV0100,uber,2024/10/11,5.02,126.61,0.0,1.0,Pool,Card,NOIDA
ORD001352,CUST02509,DRV0016,ola,08-07-2023,7.3,157.31,,3.0,mini,WALLET,  Chennai  
ORD001058,CUST00445,DRV0490,Namma Yatri,27-08-2024,4.42,111.44,0.0,3.0,  Auto  ,UPI,Gurugram
ORD000974,CUST00976,DRV0452,BluSmart,13-02-2024,10.22,194.54,0.0,4.0,sedan,Net Banking,HYDERABAD
ORD001615,CUST01870,DRV0304,Rapido,15-02-2023,14.5,212.24,0.0,4.0,SUV,UPI,lucknow
ORD003337,CUST02511,DRV0347, Rapido,2023/05/11,9.82,161.41,66.12,2.0,  Pool  ,  UPI  ,lucknow
ORD003810,CUST00530,DRV0351,,,13.82,249.24,,1.0,Auto,CARD,Delhi
ORD001212,CUST01963,DRV0225,Ola,08/08/2023,6.24,91.79,,1.0, Pool,Net Banking,Delhi
ORD001546,CUST02899,DRV0469,Rapido,15-10-2023,13.33,226.97,72.44,1.0,AUTO,net banking,Bhopal
ORD001084,CUST01178,DRV0247,  Ola  ,,9.26,194.25,,5.0,mini,net banking,faridabad
ORD004702,CUST00084,DRV0246, Uber,,10.95,134.89,0.0,,Bike,Card,Ahmedabad
ORD003795,CUST02657,DRV0239,InDrive,00-00-0000,1.59,67.54,,1.0,XL,UPI,Mumbai
ORD002239,CUST00528,DRV0402,Jugnoo,2023/08/08,6.55,130.69,0.0,4.0,XL,WALLET,Noida
ORD002544,CUST02560,DRV0097,Uber,00-00-0000,6.95,135.56,,2.0,XL,UPI,ahmedabad
ORD000872,CUST00967,DRV0095,UBER,00-00-0000,8.39,136.09,,5.0,Auto,Wallet,Bangalore
ORD000806,CUST01727,DRV0255, Meru,10-05-2023,1.18,55.59,0.0,3.0,Sedan,  UPI  ,Hyderabad
ORD002550,CUST00645,DRV0453,,2024/04/20,5.75,86.59,,5.0,Sedan,cash,jaipur
ORD004822,CUST01325,DRV0173,Rapido,08 Dec 2024,2.78,72.72,90.49,1.0,auto,wallet,Hyderabad
ORD004540,CUST00873,DRV0171,Namma Yatri,05-22-2025,3.03,84.65,0.0,4.0,SUV,Card,mumbai
ORD001490,CUST01681,DRV0228, Meru,03-11-2024,15.08,266.62,,5.0,Mini,UPI, Faridabad
ORD001380,CUST00312,DRV0301,BluSmart,07 Nov 2025,14.15,160.99,,2.0,POOL,  Card  ,Delhi
ORD002480,CUST01975,DRV0426,BluSmart,2023/03/23,15.77,262.5,,3.0,XL,CARD,mumbai
ORD002435,CUST02135,DRV0090,Namma Yatri,07-10-2025,6.8,129.76,0.0,5.0,Bike,CASH,BANGALORE
ORD004147,CUST01710,DRV0397,MERU,17-07-2025,2.2,58.34,,2.0, Mini,  Card  ,Chennai
ORD000358,CUST00891,DRV0037,Meru,05-02-2024,4.78,123.36,,4.0,Mini,cash,GURUGRAM
ORD000423,CUST01026,DRV0192,Rapido,06-26-2024,17.59,275.51,0.0,3.0,Mini, Cash,Jaipur
ORD000251,CUST01932,DRV0298,Namma Yatri,05-17-2025,14.18,275.2,0.0,2.0,Sedan,Card,Jaipur
ORD001456,CUST01383,DRV0022,Rapido,2024/09/16,1.55,61.3,,3.0,Prime,Wallet,NOIDA
ORD002992,cust01415,DRV0265,Uber,05-09-2024,3.95,0,0.0,4.0,Mini,UPI,Jaipur
ORD001116,CUST01632,DRV0342,Ola,11-23-2023,8.54,160.08,0.0,1.0, Auto,Wallet,Jaipur
ORD003849,CUST02234,DRV0039, Namma Yatri,01 Aug 2025,9.32,189.66,,3.0, Sedan,cash,Noida
ORD002829,CUST02084,DRV0243,Jugnoo,12/11/2023,6.43,121.86,,4.0,Prime,Card,Indore
ORD003240,CUST00638,DRV0286,Ola,2023/08/06,3.05,64.82,0.0,4.0,MINI, Cash,
ORD001032,CUST02911,DRV0025,,01-06-2024,11.13,220.76,54.88,3.0, Bike,Cash,  Mumbai  
ORD004262,CUST02526,DRV0181,Rapido,29/04/2024,24.04,232.37,10.91,4.0,XL,Card,Gurugram
ORD002388,CUST02206,DRV0396,MERU,24/10/2025,9.74,209.06,0.0,1.0,XL,UPI,KOLKATA
ORD004845,CUST00974,DRV0429,Uber,15/05/2025,14.64,280.59,0.0,1.0,MINI,UPI, Jaipur
ORD002891,cust02474,DRV0280, InDrive,2025/08/22,17.49,194.72,0.0,,,CARD,Chennai
ORD002420,CUST02437,DRV0471,MERU,04-02-2023,5.39,87.97,0.0,4.0,Sedan, Card,Chennai
ORD004335,CUST01560,DRV0198,InDrive,12 Apr 2023,2.35,65.36,0.0,2.0,XL,cash,Delhi
ORD001966,CUST01526,DRV0242,blusmart,2023/05/27,7.89,114.44,,5.0,Prime,Net Banking,lucknow
ORD000070,CUST00267,,meru,2025/05/26,17.82,302.06,97.63,3.0,  Prime  ,UPI,  Gurugram  
ORD000463,CUST02635,DRV0493,Uber,27-06-2025,4.52,85.99,,4.0,PRIME,Wallet,Pune
ORD003749,CUST02081,DRV0403,blusmart,11-17-2024,13.99,213.53,,2.0,auto,Cash,Chandigarh
ORD000288,CUST01066,DRV0487,BLUSMART,,0.76,50.32,0.0,3.0,Sedan,UPI,Indore
ORD004940,CUST01930,DRV0099,Uber,17/03/2024,1.73,64.12,13.59,1.0,  Pool  ,Card,MUMBAI
ORD001421,CUST02618,DRV0395,Jugnoo,08/03/2025,4.76,110.03,0.0,1.0,Sedan,NET BANKING, Mumbai
ORD000977,CUST00253,DRV0211,rapido,2024/10/21,,,0.0,1.0,mini,Net Banking,Lucknow
ORD001021,CUST02640,DRV0282, Uber,31-12-2025,7.68,120.64,,5.0,  Auto  ,wallet,Noida
ORD000216,CUST02002,DRV0128,ola,09-11-2025,2.91,77.96,,4.0,XL,Net Banking,lucknow
ORD001090,CUST02390,DRV0041,Uber,,5.85,97.13,0.0,2.0,pool,net banking,lucknow
ORD001753,CUST02438,DRV0393,BluSmart,09-10-2025,16.34,323.68,99.7,2.0, Sedan,NET BANKING,DELHI
ORD002455,CUST02962,DRV0484,  Namma Yatri  ,2024/07/09,3.58,87.34,0.0,5.0, SUV,  Cash  ,Bhopal
ORD004898,CUST02845,DRV0372,NAMMA YATRI,2025/06/20,6.02,,74.29,1.0,Bike,Wallet,Chandigarh
ORD001315,CUST00390,DRV0075,Uber,08-07-2025,1.09,55.05,,3.0,  Bike  ,card,Kolkata
ORD004679,CUST00904,DRV0031,namma yatri,2025/06/12,15.52,307.36,,3.0,Sedan, Card,Mumbai
ORD003544,CUST02010,DRV0350,JUGNOO,30/08/2024,5.82,88.59,,2.0,Pool,Cash,LUCKNOW
ORD004275,CUST02987,DRV0270,INDRIVE,2024/10/11,13.8,0,46.77,,Pool,Cash,  Chandigarh  
ORD001556,CUST01004,DRV0004, InDrive,,4.29,100.38,29.41,2.0, Bike,card,Noida
ORD002725,CUST02910,DRV0416,Ola,08-12-2023,11.34,210.23,,1.0,MINI,card,
ORD001433,CUST01745,DRV0383, BluSmart,27-06-2023,7.46,151.13,0.0,5.0,auto,  UPI  ,Kolkata
ORD004156,CUST00788,DRV0433,Jugnoo,27-12-2025,15.07,211.15,,1.0,sedan,Wallet,Ahmedabad
ORD003808,CUST02968,DRV0466,BluSmart,01-09-2025,6.61,126.66,,1.0,Pool,Cash, Hyderabad
ORD002181,CUST00064,DRV0313,,2025/09/26,15.36,301.53,,3.0,Prime,Card,  Chandigarh  
ORD003084,CUST01848,DRV0247,UBER,15-11-2025,3.77,94.31,,2.0, Pool,Card,Hyderabad
ORD002662,CUST02064,,Meru,08-29-2023,14.6,298.93,,3.0,Sedan,Cash,Ahmedabad
ORD002356,CUST00959,DRV0239,Jugnoo,,9.47,121.48,,3.0,Sedan,Cash,Gurugram
ORD001879,CUST00158,DRV0154,  Meru  ,31-07-2025,13.25,151.98,,3.0,XL,card,Jaipur
ORD000511,CUST02358,DRV0206,blusmart,01-04-2024,7.74,133.71,-15.55,1.0,xl,Net Banking,ahmedabad
ORD002100,CUST00087,DRV0339,BluSmart,16-06-2025,16.38,330.81,0.0,,XL,UPI, Delhi
ORD003818,CUST02197,DRV0310,Meru,01-11-2024,11.64,183.23,0.0,2.0,Sedan,wallet, Lucknow
ORD000954,CUST02528,DRV0007,meru,2024/10/03,6.05,143.84,0.0,2.0,bike,net banking,Bangalore
ORD003423,CUST01250,DRV0107,Uber,15/11/2024,8.36,172.18,,4.0,SUV,net banking,jaipur
ORD003569,CUST02856,DRV0089,meru,2024/03/05,12.79,224.73,22.31,5.0, XL,Net Banking,JAIPUR
ORD003649,CUST01871,DRV0246,  Meru  ,00-00-0000,12.71,182.6,,1.0,  Sedan  ,UPI, Jaipur
ORD000896,CUST02727,DRV0119,Namma Yatri,05-07-2025,4.73,104.02,,5.0,Sedan,NET BANKING,Gurugram
ORD003827,CUST00782,DRV0250,Ola,30-12-2025,8.53,167.52,0.0,3.0,  SUV  ,net banking,Bhopal
ORD002242,CUST01193,DRV0450,Meru,2023/07/22,11.32,,23.27,5.0,BIKE,Wallet,Bhopal
ORD003957,CUST00728,DRV0295,  Jugnoo  ,2024/08/18,0.43,46.76,0.0,2.0,BIKE,UPI,HYDERABAD
ORD002456,CUST01786,DRV0106,Rapido,04-19-2023,-0.26,37.12,,4.0,Pool,upi,delhi
ORD004661,CUST01240,DRV0215,Namma Yatri,2025/03/29,4.6,115.28,0.0,5.0,  Auto  ,WALLET,Jaipur
ORD000878,CUST01353,DRV0004,Meru,19/11/2024,7.98,141.56,0.0,1.0,SUV,WALLET,  Delhi  
ORD003187,CUST02069,DRV0373,MERU,20/07/2023,3.8,,0.0,4.0,Mini,Card,bangalore
ORD001385,CUST02866,DRV0470, Meru,01-30-2024,10.58,148.38,0.0,1.0,Mini,UPI,Mumbai
ORD000659,CUST00333,DRV0453,INDRIVE,01-09-2024,6.8,,0.0,3.0,POOL,Wallet, Indore
ORD003026,CUST01193,DRV0237, BluSmart,,1.82,56.87,8.78,4.0,Sedan,Wallet,NOIDA
ORD000829,CUST00116,DRV0415,Rapido,02-07-2025,11.05,185.14,,4.0,POOL,Card,Hyderabad
ORD001167,CUST00324,DRV0424,RAPIDO,11/06/2023,8.57,125.84,0.0,2.0,Mini,UPI,noida
ORD004965,CUST01082,DRV0319,Meru,04-03-2025,0.68,51.01,0.0,5.0, SUV,  Wallet  ,Delhi
ORD001652,CUST00931,DRV0285,INDRIVE,11-08-2023,12.61,211.81,,5.0,Sedan,,Indore
ORD000145,CUST01616,DRV0336,Namma Yatri,2024/07/15,6.36,112.62,0.0,1.0,  XL  ,Card,lucknow
ORD003978,CUST02919,DRV0038,Uber,01-14-2025,18.87,363.52,98.26,3.0,Prime,Card,Indore
ORD004373,CUST01238,DRV0163,RAPIDO,2025/01/27,5.44,90.91,,,suv,net banking,GURUGRAM
ORD001835,CUST02537,DRV0147,  BluSmart  ,05/07/2024,15.16,232.29,0.0,4.0,SUV,cash,  Noida  
ORD002251,CUST01903,DRV0313,Uber,2023/05/26,6.71,151.4,0.0,1.0,  Pool  ,cash,Hyderabad
ORD003276,CUST02299,DRV0207,Rapido,05-07-2023,13.01,269.85,0.0,5.0,Sedan,Net Banking,Jaipur
ORD000207,,DRV0202,Ola,00-00-0000,10.88,195.25,0.0,5.0,auto,cash, Faridabad
ORD000449,CUST00092,DRV0148,BluSmart,09-06-2023,14.72,208.32,54.21,5.0,auto,Net Banking,Lucknow
ORD004957,CUST01573,DRV0207,BLUSMART,30-10-2025,17.34,297.18,,2.0,bike,  Card  ,Noida
ORD001620,CUST00933,DRV0003,Namma Yatri,,1.83,55.62,96.52,1.0, Prime,cash,Bhopal
ORD002260,CUST00672,DRV0228,InDrive,2025/01/25,12.93,151.35,,1.0,Mini, Wallet,Bangalore
ORD001705,CUST00814,DRV0308,indrive,22 May 2025,3.94,72.79,0.0,3.0,Auto,NET BANKING,Bangalore
ORD002376,CUST00698,DRV0358,JUGNOO,16 Aug 2024,5.51,92.33,0.0,1.0,Pool,Card,Faridabad
ORD003647,CUST00852,DRV0150,Uber,2023/12/07,15.41,181.37,0.0,5.0,  XL  ,Wallet,Pune
ORD001122,CUST00060,DRV0178,Meru,16-02-2025,12.74,251.7,27.75,4.0,Auto,wallet,Bangalore
ORD000641,CUST02288,DRV0451,UBER,26-11-2023,11.93,145.57,,1.0,Pool,card,ahmedabad
ORD000331,CUST00020,DRV0183,  Rapido  ,09 Jul 2024,3.89,89.12,58.87,4.0,SUV, Cash,LUCKNOW
ORD004796,CUST00596,DRV0154,uber,06-23-2023,3.69,85.54,,4.0,Sedan,CARD,Bhopal
ORD000186,CUST00519,DRV0256,Ola,10-20-2023,7.93,110.66,,5.0,XL,cash,Hyderabad
ORD003585,CUST02191,DRV0016,meru,09-09-2023,16.79,175.69,10.38,5.0,Sedan,net banking,PUNE
ORD002698,CUST00668,DRV0468,blusmart,01/01/2024,16.92,329.75,55.22,2.0,Mini,Wallet,Indore
ORD002629,CUST00201,DRV0064,Namma Yatri,18-07-2025,2.43,78.24,,2.0, SUV,UPI,INDORE
ORD001534,CUST01808,DRV0079, Ola,2023/10/02,9.15,179.33,0.0,3.0,SUV, Net Banking,Delhi
ORD003786,CUST00391,DRV0376,  Jugnoo  ,2025/10/06,13.79,250.76,,3.0, XL,UPI,MUMBAI
ORD001922,CUST00533,DRV0025,Ola,10-03-2023,4.42,110.37,0.0,2.0,XL,Net Banking,Jaipur
ORD003675,CUST00418,DRV0478,Meru,2025/04/08,5.31,114.1,47.15,2.0,XL,CARD,chennai
ORD000644,CUST02341,DRV0362,  Ola  ,2024/11/23,7.37,102.32,0.0,3.0,XL, Net Banking,Hyderabad
ORD000071,CUST02923,DRV0393,indrive,2023/12/06,4.63,96.72,58.17,3.0,XL,Net Banking,Lucknow
ORD003422,CUST02391,DRV0231,indrive,29-05-2024,3.81,102.66,,3.0,SUV,Wallet,Chandigarh
ORD000187,CUST02352,DRV0320,InDrive,21/05/2023,11.29,240.58,0.0,3.0,  Mini  ,wallet,Delhi
ORD004486,CUST02957,DRV0062,BluSmart,16-06-2023,7.95,170.26,0.0,2.0,PRIME,  Wallet  ,Ahmedabad
ORD004045,CUST00728,DRV0007, Rapido,03 Oct 2023,9.39,156.92,,1.0,mini, Cash,Pune
ORD001935,CUST01457,DRV0413,,04-06-2024,15.01,170.14,,5.0,  Prime  ,UPI,Jaipur
ORD004769,CUST02788,DRV0377,InDrive,30/11/2024,,,0.0,3.0,SUV, Wallet,Lucknow
ORD003211,CUST01278,DRV0413,Uber,14 Aug 2025,16.65,314.47,0.0,1.0, Pool,Wallet,Noida
ORD004195,CUST02461,DRV0033, Meru,,0.71,45.92,0.0,5.0,  Bike  ,WALLET,Noida
ORD000628,CUST00632,DRV0499,Ola,11-30-2023,15.22,251.49,,3.0,  Pool  ,Wallet,Pune
ORD002494,CUST02226,DRV0177, Rapido,,12.06,250.25,0.0,4.0,Auto,Cash,
ORD002411,CUST02243,DRV0200, InDrive,18-10-2024,6.7,142.55,32.01,4.0,  SUV  ,UPI,Pune
ORD000624,CUST00501,DRV0303,ola,2025/02/07,7.04,106.38,,5.0,SUV,  Card  ,bhopal
ORD004339,CUST00815,DRV0479,uber,2023/11/02,8.29,179.65,92.01,1.0,sedan,UPI,bangalore
ORD004336,CUST01507,DRV0336,  Rapido  ,,9.21,-187.77,0.0,5.0,Bike,Net Banking,  Mumbai  
ORD004152,CUST02155,DRV0426,Namma Yatri,2025/10/19,10.69,197.87,0.0,4.0,Pool,Cash,Delhi
ORD002367,CUST00406,DRV0090,indrive,28-03-2024,6.99,125.06,,3.0,Bike,  Card  ,Mumbai
ORD003350,CUST01898,DRV0056,meru,2024/10/20,0.3,,36.24,5.0,Bike,WALLET,Indore
ORD002153,CUST00057,DRV0084,uber,22 Mar 2024,11.26,199.39,0.0,4.0,Bike,CARD,bhopal
ORD002248,CUST02853,DRV0132,  BluSmart  ,11/04/2023,5.31,122.65,0.0,3.0,  Bike  ,Net Banking,  Lucknow  
ORD001679,CUST02902,DRV0085,OLA,19-02-2025,9.79,190.93,0.0,4.0,SUV,UPI,  Noida  
ORD001036,CUST00262,DRV0346,Namma Yatri,20/01/2023,2.84,74.79,0.0,5.0, Mini,WALLET, Bangalore
ORD004011,CUST01899,DRV0415,OLA,02-01-2024,5.88,92.56,,3.0, XL,Net Banking,Mumbai
ORD003135,CUST02851,DRV0276, Ola,09-12-2023,9.95,192.73,0.0,3.0,BIKE,Card, Bangalore
ORD004857,CUST01549,DRV0029,Namma Yatri,2024/09/02,3.33,75.25,0.0,5.0,PRIME,Cash,pune
ORD002134,CUST00011,DRV0384,BluSmart,12-02-2024,,,85.66,,SUV,UPI,bangalore
ORD002502,CUST00222,DRV0179,Namma Yatri,11-07-2023,3.12,74.78,0.0,2.0,SUV,Net Banking,NOIDA
ORD003568,CUST00953,DRV0075,  BluSmart  ,06 Sep 2025,22.6,431.99,-24.38,1.0,  XL  ,Cash,Pune
ORD000566,CUST00659,DRV0123,Uber,17-01-2025,17.24,279.04,0.0,1.0,XL,Wallet,Kolkata
ORD002116,CUST00515,DRV0123,Uber,00-00-0000,4.03,80.46,0.0,2.0,Pool, Cash,AHMEDABAD
ORD001290,CUST02695,DRV0256,  Namma Yatri  ,,7.0,107.76,,5.0,Auto,Cash,Chandigarh
ORD001682,CUST01578,DRV0479,Rapido,21/05/2025,14.25,206.07,,1.0, Sedan,cash,Lucknow
ORD000731,CUST02162,DRV0423,uber,17/05/2025,6.61,124.41,0.0,5.0,SUV,Net Banking,Kolkata
ORD003286,CUST00528,DRV0482,  InDrive  ,2025/02/25,5.87,,,1.0,Mini,Net Banking,Indore
ORD004381,CUST02313,DRV0080,Jugnoo,10/03/2024,0.97,51.51,,,AUTO,Wallet,Bhopal
ORD000500,CUST01209,DRV0223, Rapido,25 May 2024,14.45,197.94,0.0,1.0,Pool,,Faridabad
ORD002833,CUST02147,DRV0392,blusmart,2025/12/08,12.22,255.82,0.0,3.0,Prime,cash,Gurugram
ORD000943,CUST02185,DRV0159,ola,15-02-2024,17.38,325.81,,2.0,Mini,Net Banking,Jaipur
ORD004154,CUST02681,DRV0060, Ola,15-08-2025,12.37,176.19,34.36,3.0,  SUV  ,Card,
ORD001391,CUST02735,DRV0361,InDrive,28-12-2025,14.77,282.04,,4.0,SUV,Wallet,Bhopal
ORD000164,,DRV0211,blusmart,2024/04/08,4.09,87.15,93.82,3.0,Bike,Net Banking,Noida
ORD001638,CUST00350,DRV0206,Rapido,25-03-2024,13.42,189.6,0.0,5.0,auto,upi,
ORD002887,CUST00815,DRV0290,uber,27-06-2025,1.49,58.72,0.0,4.0, Mini,Net Banking,Noida
ORD000122,CUST02154,DRV0207,  Uber  ,2025/10/10,1.09,,,,Pool,CARD, Mumbai
ORD004378,CUST02826,DRV0090,,30-09-2023,6.28,122.41,0.0,1.0,SUV,UPI,  Chandigarh  
ORD000858,CUST02596,DRV0054,Jugnoo,2024/07/17,5.73,136.33,,3.0,Bike,WALLET,Lucknow
ORD002441,CUST01915,DRV0093,Uber,22-02-2024,7.58,121.66,0.0,1.0,Bike,CARD,KOLKATA
ORD003043,CUST02664,DRV0303, Uber,19 Jul 2025,8.17,112.19,0.0,5.0,Bike,CARD,pune
ORD000155,cust02816,DRV0116,Uber,24 Apr 2024,15.45,252.87,0.0,1.0,POOL,wallet,Hyderabad
ORD001262,CUST01989,DRV0034,  Namma Yatri  ,08-12-2024,6.52,95.11,0.0,3.0,Prime,CARD,Jaipur
ORD004010,CUST01341,DRV0038,Meru,24/02/2023,1.39,52.76,0.0,3.0,BIKE,CARD,JAIPUR
ORD000035,CUST02710,DRV0185,Meru,2025/09/27,5.33,85.98,10.99,2.0,BIKE,Cash,Bangalore
ORD000476,CUST02091,DRV0334,  Meru  ,02-22-2025,16.37,295.89,,1.0, Mini,UPI,Jaipur
ORD002203,CUST02763,DRV0080,,00-00-0000,20.43,248.64,40.41,4.0,Pool,Cash,  Kolkata  
ORD002404,CUST02767,DRV0150,Ola,,9.7,144.73,0.0,4.0, Auto,Card,INDORE
ORD002245,CUST00574,DRV0101,Rapido,30-09-2025,7.34,147.55,36.85,2.0,Auto,Cash,MUMBAI
ORD003198,CUST00320,DRV0167, Uber,07-08-2023,15.0,162.83,0.0,2.0,Mini, Cash, Jaipur
ORD000786,CUST02534,DRV0202,Uber,2024/09/07,7.93,140.16,,2.0,Auto,net banking,Bangalore
ORD000062,CUST01584,DRV0249, Namma Yatri,2024/06/22,15.76,216.63,0.0,5.0,  Auto  ,Wallet,Pune
ORD000466,CUST00571,DRV0434,Ola,10/11/2024,2.58,,0.0,2.0,PRIME,Net Banking,Kolkata
ORD000751,CUST00931,DRV0316,OLA,03-11-2023,4.82,79.75,69.73,2.0,SEDAN,Card,INDORE
ORD004271,CUST00030,DRV0226,Ola,,1.07,51.51,,2.0,SUV,Net Banking,Indore
ORD002430,CUST00436,DRV0251, Meru,12/08/2024,9.87,196.76,0.0,3.0,Sedan,CARD,Noida
ORD002258,CUST02922,DRV0289,Ola,01-09-2025,2.7,67.98,0.0,1.0,Sedan,Cash,Hyderabad
ORD004807,CUST01139,DRV0085, Meru,11-30-2025,6.43,117.55,,2.0, Auto,Cash,Hyderabad
ORD001217,CUST00105,DRV0077,INDRIVE,,4.43,103.72,,5.0, SUV,Card,ahmedabad
ORD002831,CUST02676,DRV0149,  BluSmart  ,27 Nov 2024,8.6,151.98,72.94,3.0,SEDAN,Card,Bangalore
ORD002506,CUST00896,DRV0345,Uber,2023/06/29,11.74,198.73,0.0,4.0,mini,  Card  ,Hyderabad
ORD004064,CUST01856,DRV0033,meru,27/02/2023,13.51,251.7,97.71,4.0,Bike, Wallet,Gurugram
ORD000184,CUST01355,DRV0170,Ola,,6.54,131.49,0.0,5.0,XL,Wallet,Gurugram
ORD000696,CUST01775,DRV0478,blusmart,23/06/2024,0.66,46.48,,3.0,Auto,Cash,GURUGRAM
ORD001963,CUST01655,,  Jugnoo  ,2024/11/21,5.29,86.72,0.0,4.0,  Bike  ,UPI,Jaipur
ORD001136,CUST00011,DRV0377,Namma Yatri,12-10-2025,6.87,136.12,,4.0,Auto,  Net Banking  ,
ORD002226,CUST00347,DRV0205,Uber,,8.53,174.17,0.0,2.0,SUV,UPI,Jaipur
ORD002668,CUST02910,DRV0125,INDRIVE,28/07/2025,15.34,246.0,,1.0,Auto,UPI,BANGALORE
ORD003733,CUST01838,DRV0122,,2023/06/29,9.85,161.45,,3.0,Prime,Card,Jaipur
ORD002315,CUST00071,DRV0297,  Namma Yatri  ,10/09/2024,14.84,291.27,,4.0, SUV,Net Banking, Hyderabad
ORD004095,CUST01733,,Uber,12-05-2025,6.96,143.07,0.0,2.0,Sedan,,Indore
ORD003502,CUST02631,DRV0106,JUGNOO,2025/05/05,7.25,159.96,96.0,4.0,  Prime  ,Net Banking,  Lucknow  
ORD004900,CUST01776,DRV0480, Namma Yatri,03/05/2025,11.37,154.57,0.0,1.0,Sedan,  Card  ,Faridabad
ORD004496,CUST00162,DRV0412,Jugnoo,22-09-2023,7.4,147.18,,4.0,Pool,UPI,bangalore
ORD002981,CUST00661,DRV0063,BluSmart,01-01-2023,4.15,76.57,0.0,3.0,Bike,upi,Jaipur
ORD003967,cust01692,DRV0430, InDrive,2025/03/22,10.79,149.08,0.0,4.0,pool,Cash,hyderabad
ORD002847,CUST01519,DRV0495,InDrive,28/09/2024,12.75,170.08,0.0,3.0,SUV, Card,Lucknow
ORD003559,CUST01101,DRV0472,RAPIDO,2025/01/18,0.5,46.38,,4.0,Pool,UPI,Indore
ORD004351,CUST00761,DRV0186,Rapido,21-02-2024,11.28,145.14,84.76,3.0,XL,Card,Noida
ORD001576,CUST01199,DRV0443,Uber,2025/02/10,5.67,94.08,,2.0,AUTO,NET BANKING,Bangalore
ORD004974,CUST02501,DRV0487,indrive,,7.29,127.91,15.2,1.0,Prime,CASH,Delhi
ORD003806,CUST00746,DRV0083,Namma Yatri,19/04/2023,11.59,177.69,0.0,1.0,SUV,Cash,lucknow
ORD000633,CUST00914,DRV0493,BluSmart,2023/02/11,6.09,107.28,6.08,1.0,SUV,  UPI  ,delhi
ORD000538,CUST02607,DRV0123,Namma Yatri,21-12-2024,3.73,93.89,0.0,2.0, Pool,  Card  ,Faridabad
ORD004651,CUST00715,DRV0372,  BluSmart  ,15/04/2023,8.48,115.54,99.36,5.0,Sedan,UPI,Pune
ORD001049,CUST01328,DRV0113,NAMMA YATRI,06/08/2023,21.8,337.62,0.0,2.0,SUV,Net Banking,Indore
ORD001294,CUST00027,DRV0484,blusmart,2023/07/29,19.97,309.39,,3.0,  Auto  ,upi,Chandigarh
ORD004293,CUST01919,DRV0315,Namma Yatri,17-07-2025,10.96,202.09,,4.0,XL,Card,BHOPAL
ORD000121,CUST01029,DRV0411,Ola,2024/03/09,4.28,95.54,,3.0,auto,CARD,Ahmedabad
ORD004830,CUST02713,DRV0442,  Rapido  ,2023/09/16,1.6,66.61,0.0,3.0,XL,CASH,  Hyderabad  
ORD003059,CUST00419,DRV0280,UBER,2023/03/10,4.5,,0.0,4.0,bike,  Net Banking  ,Faridabad
ORD000404,CUST00122,DRV0251,Uber,,11.75,138.51,,1.0, Sedan,  Card  , Kolkata
ORD000182,CUST00773,DRV0145,Namma Yatri,04-09-2024,14.31,293.15,59.07,,  Prime  ,WALLET,CHENNAI
ORD004680,CUST00988,DRV0404,Ola,2023/02/12,10.8,174.32,81.34,1.0,XL,Card, Gurugram
ORD003352,CUST00680,DRV0043,  InDrive  ,04-04-2023,5.69,132.59,0.0,4.0,Sedan, Net Banking,  Hyderabad  
ORD001054,CUST00790,DRV0409,Ola,12-07-2025,12.48,149.74,0.0,3.0,Mini,Card,Kolkata
ORD001015,CUST00910,DRV0356,NAMMA YATRI,,11.27,185.49,,4.0,mini, Wallet, Chandigarh
ORD001028,CUST00157,DRV0025,Jugnoo,03/05/2025,4.03,82.82,0.0,5.0,XL,Cash,INDORE
ORD004302,CUST01013,DRV0034,Uber,17-09-2024,3.08,68.99,,,XL,cash,KOLKATA
ORD001557,CUST02482,DRV0072,Namma Yatri,09 May 2023,7.18,165.45,99.46,4.0,suv,  Card  ,BANGALORE
ORD000270,CUST02376,DRV0425,OLA,2023/06/26,7.25,105.41,,2.0,sedan,  Cash  ,Mumbai
ORD002606,CUST02527,DRV0389, BluSmart,00-00-0000,6.71,96.29,,5.0,Auto, Wallet,BANGALORE
ORD002766,CUST00975,DRV0182,RAPIDO,22/08/2023,5.62,113.29,,1.0,,Net Banking,Ahmedabad
ORD003453,CUST00209,DRV0304,Namma Yatri,19/09/2025,1.1,48.96,45.03,2.0,SUV,Wallet,Chennai
ORD003660,CUST02427,DRV0057,Jugnoo,2024/06/17,,,0.0,2.0, XL,UPI,kolkata
ORD002892,CUST02088,DRV0230, Meru,14/04/2023,9.79,141.71,25.4,5.0,XL,Wallet,Ahmedabad
ORD000217,CUST00490,DRV0021,InDrive,22/01/2024,4.6,96.26,,2.0, Auto,CARD,hyderabad
ORD003901,CUST02708,DRV0475,InDrive,05/07/2023,12.05,213.15,0.0,5.0, SUV,UPI, Mumbai
ORD004025,CUST02463,DRV0398,InDrive,30-10-2025,25.92,356.15,21.3,1.0,XL,Wallet,Faridabad
ORD000294,CUST02297,DRV0407,Rapido,29-05-2025,12.48,189.08,41.17,3.0,Prime,UPI,  Kolkata  
ORD003645,CUST00589,DRV0441,  Meru  ,2024/08/05,7.42,110.06,0.0,3.0,BIKE,cash,Bangalore
ORD004809,CUST00701,DRV0003,UBER,2025/05/08,9.47,172.49,0.0,4.0,SUV,WALLET,Pune
ORD000149,CUST02605,DRV0338,Ola,18-06-2023,3.8,Rs 106.56,0.0,5.0,  Prime  ,Card, Chennai
ORD001585,CUST00670,DRV0463,JUGNOO,04-11-2025,19.12,275.38,,2.0,Prime,upi,Bhopal
ORD002299,CUST02044,DRV0418,Ola,05-31-2025,13.53,188.47,0.0,3.0,Prime,UPI,Delhi
ORD004544,CUST02526,DRV0232,NAMMA YATRI,30-11-2024,14.68,259.52,10.35,4.0,XL,,Kolkata
ORD002562,CUST01835,DRV0002,BluSmart,,13.02,245.44,0.0,2.0,mini,CARD,Hyderabad
ORD000584,CUST01314,DRV0359,Meru,2024/09/20,18.14,315.49,,4.0,SUV,UPI,Ahmedabad
ORD001112,CUST01693,DRV0027,Uber,00-00-0000,1.94,66.08,,1.0,Auto,WALLET,Pune
ORD001840,CUST00079,DRV0178,jugnoo,25-04-2024,10.06,0,28.67,4.0,  Pool  , UPI,Bhopal
ORD002385,CUST00674,DRV0196,Rapido,21-06-2024,12.13,241.9,91.03,1.0,BIKE,Card,Ahmedabad
ORD004087,CUST01278,DRV0099, Jugnoo,11-22-2024,4.21,113.99,,1.0,Pool,Wallet,INDORE
ORD004225,CUST01303,DRV0273, Meru,00-00-0000,11.79,170.52,28.21,4.0,,WALLET,Ahmedabad
ORD004874,CUST02857,DRV0207,Meru,01-30-2024,0.64,45.77,17.6,5.0,Mini,UPI,mumbai
ORD004388,CUST02227,DRV0359,Ola,,5.17,126.14,0.0,5.0,XL,  Cash  ,Bangalore
ORD004091,CUST01064,DRV0402,Uber,2023/03/18,6.32,108.64,78.95,1.0,Sedan,card,HYDERABAD
ORD004113,CUST02977,DRV0083,uber,05-09-2024,0.9,50.71,0.0,5.0,Bike,  Wallet  ,CHENNAI
ORD002741,,DRV0248,meru,21-04-2024,9.62,167.59,77.6,1.0,bike,UPI,NOIDA
ORD004254,CUST00657,DRV0185,InDrive,22/04/2023,4.43,117.61,0.0,3.0,  Mini  , UPI,Faridabad
ORD003624,cust02204,,Ola,2025/11/30,6.7,139.0,46.64,1.0,  SUV  ,cash,Ahmedabad
ORD001114,CUST02289,DRV0318,namma yatri,09-29-2023,8.41,172.15,0.0,,POOL,Cash,Delhi
ORD002644,CUST02343,DRV0024,Namma Yatri,11-13-2025,14.33,258.05,0.0,2.0,Sedan,CASH,  Lucknow  
ORD001979,CUST02025,DRV0315,BluSmart,2025/12/02,0.9,49.42,0.0,3.0,Bike,net banking,Delhi
ORD000151,CUST01691,DRV0255, Uber,05-12-2023,1.85,67.28,0.0,5.0,Pool,UPI,ahmedabad
ORD001344,CUST00472,DRV0306,INDRIVE,03-26-2024,-7.66,30,0.0,4.0,Bike,UPI,kolkata
ORD001770,CUST01936,DRV0135,uber,27-06-2023,0.41,43.41,,1.0,auto, Wallet,HYDERABAD
ORD001132,CUST00280,DRV0096,indrive,05-10-2023,1.82,64.79,0.0,5.0,XL,,Pune
ORD002803,CUST00935,DRV0481,blusmart,,11.21,215.83,86.9,2.0,AUTO, Wallet,Hyderabad
ORD002238,CUST00976,DRV0148,BluSmart,18-02-2024,13.1,184.34,0.0,1.0,POOL,  Wallet  , Noida
ORD000299,cust01324,DRV0251,NAMMA YATRI,06-07-2023,3.6,91.76,17.94,5.0,Pool,Cash,HYDERABAD
ORD003496,CUST02783,DRV0228,Rapido,22-05-2024,10.36,157.04,,1.0,prime,Cash,Ahmedabad
ORD004950,CUST01143,DRV0492,Meru,26 Sep 2024,12.91,178.13,0.0,4.0,Pool,net banking,  Faridabad  
ORD003412,CUST02427,DRV0117,meru,29 Aug 2025,11.31,183.32,,5.0,auto,CASH,lucknow
ORD002466,CUST01956,DRV0099,Namma Yatri,02-03-2025,19.57,223.85,,1.0,xl,Cash,CHENNAI
ORD000492,CUST02879,DRV0309,indrive,05-05-2023,1.32,-55.84,,2.0,Auto,Net Banking,Chandigarh
ORD004406,CUST00530,DRV0389,UBER,00-00-0000,9.77,139.06,0.0,5.0, XL,UPI,Jaipur
ORD003255,CUST00212,DRV0392,  BluSmart  ,29-06-2024,14.61,158.24,0.0,1.0,Sedan,Card,Bhopal
ORD000169,CUST01238,DRV0402,jugnoo,2024/12/04,-5.29,30,30.06,1.0,Bike,Card,BANGALORE
ORD003787,CUST01395,DRV0411,  BluSmart  ,17-05-2023,13.2,Rs 167.29,71.92,5.0, Bike,Net Banking,HYDERABAD
ORD000550,CUST00072,DRV0244,BluSmart,2023/02/10,0.8,51.74,,2.0,  XL  ,  UPI  ,Lucknow
ORD003778,,DRV0061,MERU,12-08-2024,6.36,122.12,0.0,5.0,SUV,Net Banking,Kolkata
ORD000222,CUST01601,DRV0083,Meru,2025/10/10,10.71,206.06,,, Prime,UPI,Noida
ORD000165,CUST00144,DRV0211,Namma Yatri,29-11-2025,13.43,278.68,98.01,2.0,Sedan,  Cash  ,Kolkata
ORD004980,CUST02235,DRV0169, Rapido,04-12-2025,9.06,200.04,,5.0,SEDAN,  Net Banking  ,  Mumbai  
ORD002052,CUST00857,DRV0091,InDrive,2024/09/05,6.17,126.04,0.0,4.0,bike,Net Banking, Ahmedabad
ORD001611,CUST01179,DRV0428,Jugnoo,09-08-2025,7.69,142.78,36.82,5.0,Auto,net banking,Chennai
ORD003309,CUST02192,DRV0014, Meru,,5.87,134.34,0.0,1.0,Auto,CASH,Jaipur
ORD004982,CUST02121,DRV0076,InDrive,01-09-2025,7.13,121.62,0.0,2.0,XL,Wallet,Mumbai
ORD000245,CUST02977,DRV0042,RAPIDO,04-05-2023,9.73,153.47,43.46,4.0,XL,Net Banking,LUCKNOW
ORD000707,CUST01877,DRV0237,RAPIDO,27-04-2025,1.5,,0.0,3.0,Prime,wallet,Bhopal
ORD002890,CUST02225,DRV0075,UBER,2023/03/01,2.49,81.43,,4.0,sedan,UPI,gurugram
ORD000357,CUST00204,DRV0476,  Jugnoo  ,07-10-2025,6.16,135.98,28.55,5.0,  XL  ,Card,Mumbai
ORD002056,CUST00272,DRV0485,Meru,18/04/2024,,,0.0,1.0,Bike,Wallet,
ORD004134,CUST02155,DRV0368, InDrive,03-05-2024,,,0.0,4.0,XL,UPI,Lucknow
ORD002517,CUST02609,DRV0189, Namma Yatri,27-09-2023,12.63,186.83,0.0,3.0,Mini,Wallet,Hyderabad
ORD001442,CUST01984,DRV0135,Namma Yatri,26 Mar 2024,6.31,130.0,,5.0,SUV,Wallet,pune
ORD000512,CUST02954,DRV0168,blusmart,2023/02/23,7.13,156.35,0.0,2.0,AUTO, UPI, Mumbai
ORD003219,CUST02947,DRV0499,RAPIDO,01-06-2023,9.31,168.33,60.72,1.0,XL,Cash,ahmedabad
ORD003797,cust01236,DRV0313,jugnoo,15/06/2024,7.19,104.79,0.0,4.0, SUV,  Card  ,Gurugram
ORD004724,CUST00031,DRV0093, Namma Yatri,22/11/2024,10.67,145.48,,4.0,  Prime  ,net banking,  Chandigarh  
ORD003713,CUST00333,DRV0144,Jugnoo,14 Nov 2025,4.36,94.42,,1.0, Pool,,Chandigarh
ORD003275,CUST00469,DRV0096,uber,2023/04/24,6.46,149.96,18.47,,Prime,upi,Bangalore
ORD004290,CUST02427,DRV0464,rapido,21/12/2024,7.88,142.49,,2.0, SUV,Wallet,Gurugram
ORD001252,CUST00802,DRV0412,  Namma Yatri  ,01 Oct 2023,20.62,323.65,0.0,1.0,Auto,Card,bangalore
ORD001274,CUST02842,DRV0456,Meru,27-01-2023,7.08,166.36,0.0,1.0,Pool,Net Banking,Bhopal
ORD003044,CUST01294,DRV0301,Jugnoo,2025/11/09,6.24,120.96,18.31,1.0,Prime,Card,  Delhi  
ORD003527,CUST00120,DRV0456,,16-09-2024,8.58,156.02,,4.0,MINI,Net Banking,GURUGRAM
ORD000536,CUST00480,DRV0237, Jugnoo,01-04-2025,4.92,125.2,0.0,2.0,XL,WALLET,Lucknow
ORD000651,CUST02774,DRV0096,NAMMA YATRI,20-04-2023,10.55,225.77,,5.0, Bike,Cash,noida
ORD001721,CUST01250,DRV0336,BLUSMART,03-26-2025,4.61,106.62,,5.0,SUV,UPI,Jaipur
ORD002812,CUST02989,DRV0080,BLUSMART,01-31-2025,8.07,107.35,0.0,1.0,xl,Cash,MUMBAI
ORD000533,CUST02789,DRV0133,namma yatri,27/12/2023,4.18,96.72,0.0,5.0,XL,UPI,Kolkata
ORD001393,CUST00692,DRV0299,Namma Yatri,05-15-2023,4.18,79.55,,2.0,SUV,Cash,Kolkata
ORD001750,CUST00039,DRV0343,Namma Yatri,08-09-2024,15.9,234.72,65.22,2.0,Bike, Wallet, Kolkata
ORD001422,CUST02997,DRV0196,Meru,31-08-2023,11.96,246.75,0.0,1.0,SUV,UPI,Faridabad
ORD003618,CUST02012,DRV0356,Uber,02-13-2023,3.27,96.58,,4.0,  Mini  ,Card,  Mumbai  
ORD001131,CUST01472,DRV0320,Meru,2023/04/05,7.59,124.82,,3.0,AUTO,UPI,Noida
ORD000031,CUST02039,DRV0173,InDrive,,4.2,99.71,,1.0,Sedan,WALLET,Mumbai
ORD000390,CUST02243,DRV0238,Uber,01/10/2023,23.2,295.18,0.0,4.0,AUTO,UPI,Kolkata
ORD001014,CUST02838,DRV0134,ola,30/10/2025,0.55,45.55,14.08,4.0,Sedan,Cash,jaipur
ORD004889,CUST00416,DRV0490, Ola,09-06-2023,0.28,44.74,,5.0,  XL  ,Cash,Mumbai
ORD003033,CUST00554,DRV0433,BluSmart,10-22-2023,12.83,147.14,0.0,3.0,AUTO,  UPI  ,Faridabad
ORD004304,,DRV0213,namma yatri,18-06-2023,5.28,135.04,0.0,5.0,Prime,UPI,Chennai
ORD002959,CUST01946,DRV0404,BLUSMART,00-00-0000,16.82,274.8,77.76,2.0,  SUV  ,Card,Jaipur
ORD001976,CUST02330,DRV0429,Rapido,00-00-0000,6.42,,0.0,3.0, Sedan,WALLET,chennai
ORD003007,CUST02294,DRV0185,UBER,2023/08/13,15.17,,34.3,5.0,PRIME,Card,Kolkata
ORD001502,CUST00138,DRV0075,Namma Yatri,20-07-2024,16.79,270.36,,2.0,Sedan,wallet,  Kolkata  
ORD001291,CUST01739,DRV0159,Jugnoo,08/03/2023,8.61,123.54,31.59,4.0,Mini,Wallet,  Pune  
ORD003690,CUST01835,DRV0113,Jugnoo,19/08/2023,6.32,102.15,,4.0,AUTO,Wallet,  Ahmedabad  
ORD001602,CUST00390,DRV0121,RAPIDO,19-11-2023,7.54,143.92,39.03,2.0,sedan,Wallet,NOIDA
ORD004202,CUST02193,DRV0415,InDrive,04-24-2023,6.27,146.54,50.6,1.0,Prime,Cash,Indore
ORD004323,CUST02945,DRV0240,rapido,08-01-2024,2.3,71.31,0.0,4.0,Auto,Card,Noida
ORD002427,CUST00013,DRV0131,Meru,04-22-2023,6.33,123.89,,3.0,  Bike  ,UPI,HYDERABAD
ORD004599,CUST00012,DRV0209,  BluSmart  ,15-06-2024,5.93,140.12,,5.0,Pool,Net Banking,ahmedabad
ORD002471,CUST01804,DRV0020,BluSmart,00-00-0000,6.26,142.16,0.0,5.0,Prime,Wallet,bhopal
ORD003157,,DRV0175,Uber,01-25-2023,6.83,158.08,,2.0,  Auto  ,wallet,BHOPAL
ORD003127,CUST01727,DRV0215,  Uber  ,06-22-2023,6.71,121.01,,3.0,XL,, Noida
ORD004883,CUST01298,DRV0343,UBER,00-00-0000,,,0.0,,MINI,CARD, Mumbai
ORD004799,CUST01215,DRV0052, Namma Yatri,2025/04/02,16.46,215.26,0.0,5.0, Bike,Cash,delhi
ORD001085,CUST02880,DRV0197,Ola,22/03/2023,5.57,84.68,,5.0,XL,CASH,Gurugram
ORD002779,CUST00209,DRV0276,Meru,00-00-0000,8.49,192.47,,1.0,BIKE,net banking,Gurugram
ORD001733,CUST02121,DRV0242,Ola,11-26-2023,22.65,295.35,,2.0,Auto,,Faridabad
ORD001517,CUST01792,DRV0044,MERU,00-00-0000,12.73,224.11,,5.0,Pool,upi,Chennai
ORD004305,CUST00488,DRV0180,BluSmart,15-08-2023,2.68,83.27,0.0,5.0,sedan,Net Banking,delhi
ORD002041,CUST00854,DRV0027,Uber,00-00-0000,12.96,172.25,,1.0,SUV,Wallet,Chennai
ORD003803,CUST00157,DRV0029,BluSmart,05-10-2023,22.81,280.31,0.0,2.0,SEDAN,WALLET,Faridabad
ORD002873,CUST01214,DRV0262,Jugnoo,01-02-2023,1.23,55.24,68.49,2.0,  Prime  ,Wallet,Delhi
ORD001475,CUST00157,DRV0021,ola,00-00-0000,10.96,172.53,,1.0,AUTO,UPI,Mumbai
ORD000516,CUST00113,DRV0165,InDrive,29-07-2024,13.55,268.93,,4.0,Bike,Card,Pune
ORD003272,CUST01547,,BluSmart,13-11-2024,9.0,115.51,,1.0,Sedan,  Cash  ,mumbai
ORD002409,CUST01110,DRV0429,blusmart,14/12/2024,9.74,,,5.0, Prime,net banking, Kolkata
ORD002217,CUST00305,DRV0199,Jugnoo,15/01/2025,1.21,53.96,,1.0,Bike,,  Chennai  
ORD001329,CUST02650,DRV0413,rapido,06/06/2024,5.36,110.79,,4.0,Sedan,upi,HYDERABAD
ORD000616,CUST02004,DRV0204,Rapido,2025/03/01,1.17,58.37,27.31,5.0,SUV,Wallet,Ahmedabad
ORD003820,CUST00142,DRV0005,UBER,2023/12/09,17.16,228.78,,1.0,XL,, Delhi
ORD002500,CUST02285,DRV0479, Rapido,2024/07/27,16.85,200.19,0.0,1.0,prime,Net Banking,Kolkata
ORD000863,CUST02909,DRV0429,uber,2024/05/31,8.52,191.64,,5.0,XL,UPI,gurugram
ORD001011,CUST00884,DRV0008,indrive,2023/09/26,9.68,211.69,,4.0,XL,UPI,bangalore
ORD004369,CUST02699,DRV0078, BluSmart,2024/06/20,1.06,51.65,63.09,2.0,Bike,Net Banking,Noida
ORD000322,CUST00102,DRV0307,Rapido,04-11-2023,9.43,133.56,,1.0,Prime, UPI,KOLKATA
ORD003603,CUST02516,DRV0225, Ola,07-19-2024,9.14,123.98,,2.0,pool,UPI,jaipur
ORD000195,CUST02731,DRV0182,  Uber  ,23-04-2025,0.45,44.64,0.0,1.0,sedan,Cash,Noida
ORD002808,CUST00225,DRV0369,  BluSmart  ,2025/04/27,20.3,280.49,,5.0,Prime,CASH,Pune
ORD001440,CUST00786,DRV0485,,17/11/2023,6.11,143.05,,2.0,Prime,Cash,mumbai
ORD000211,CUST01732,DRV0240,Meru,06/08/2024,5.8,97.03,,4.0,Sedan,wallet,Hyderabad
ORD002336,CUST01060,DRV0187,NAMMA YATRI,07/09/2024,13.49,0,,2.0,Pool,CASH, Pune
ORD003414,CUST00143,DRV0025,  BluSmart  ,12-28-2023,5.13,86.78,,2.0,  Mini  ,Cash,GURUGRAM
ORD004854,CUST00196,DRV0014,Meru,,6.27,130.99,,5.0, Sedan,NET BANKING,bangalore
ORD001616,CUST02138,DRV0219,meru,00-00-0000,13.22,211.34,,3.0,  Auto  , UPI,Jaipur
ORD000235,cust00798,DRV0323,Uber,18 Jan 2025,6.34,120.86,0.0,1.0,SUV,Card,pune
ORD000547,CUST02585,DRV0176,BLUSMART,26-04-2023,11.08,220.5,39.27,4.0,Auto,Wallet,HYDERABAD
ORD003359,CUST01769,DRV0312,NAMMA YATRI,2025/04/30,8.3,,-46.93,2.0,Auto,Card,FARIDABAD
ORD004832,CUST02072,DRV0227,Meru,08-04-2024,,,,4.0,Bike,UPI,Chennai
ORD002253,CUST00177,DRV0405,  Meru  ,03 Mar 2024,9.45,207.46,0.0,5.0,SUV,Card,Hyderabad
ORD002216,CUST02938,DRV0478,Namma Yatri,2023/02/08,9.69,123.04,31.25,,Pool,,indore
ORD004167,CUST00222,DRV0293,InDrive,10-06-2025,8.41,184.67,0.0,,SUV,Wallet,Gurugram
ORD002453,CUST02318,DRV0449,indrive,04 Aug 2024,5.66,115.77,,3.0,XL,Card,Bhopal
ORD000127,CUST01144,DRV0287,  Rapido  ,09-25-2023,5.87,120.16,0.0,4.0,prime,Cash,Delhi
ORD004606,CUST00016,DRV0031,Ola,27 Aug 2023,6.27,109.2,,3.0,Prime,Wallet,Mumbai
ORD003763,CUST02000,DRV0042,Jugnoo,2024/08/15,1.16,54.78,,2.0,XL,Cash,FARIDABAD
ORD001512,CUST01366,DRV0174,Namma Yatri,11-08-2023,3.85,80.48,24.32,5.0,Bike,UPI,LUCKNOW
ORD004384,CUST01452,DRV0271,InDrive,08-06-2024,5.44,118.18,9.48,4.0,Auto,Wallet,FARIDABAD
ORD003575,CUST02655,DRV0475,Jugnoo,05-16-2025,9.47,140.63,,1.0,XL,Card,hyderabad
ORD002673,CUST01943,DRV0264,Namma Yatri,02-05-2024,18.23,290.22,0.0,5.0,Bike,UPI,GURUGRAM
ORD003119,CUST02699,DRV0096,  Uber  ,26/12/2023,7.38,144.78,0.0,5.0,POOL,Card,hyderabad
ORD003622,CUST02173,DRV0092, Namma Yatri,15-02-2023,2.53,78.88,,5.0,Auto,cash,Chennai
ORD002787,CUST00978,DRV0241,  Namma Yatri  ,2024/09/05,8.96,196.25,0.0,2.0,prime,CASH,gurugram
ORD000868,cust01502,DRV0319,BluSmart,2025/03/24,6.2,149.84,,4.0,MINI,Net Banking,Bangalore
ORD000761,CUST00422,DRV0037,MERU,21/09/2025,1.28,,,,MINI,,AHMEDABAD
ORD000789,CUST02883,DRV0412,Jugnoo,2024/07/05,7.35,113.21,40.07,5.0,Bike,UPI,DELHI
ORD002639,CUST02935,DRV0138,  Uber  ,2025/07/09,22.53,412.23,,2.0, Pool,,Gurugram
ORD000467,CUST02292,DRV0384,OLA,08/09/2023,1.27,61.69,,3.0,PRIME,UPI,  Chennai  
ORD000841,CUST00907,DRV0456,blusmart,11-30-2023,1.11,54.72,,2.0,Auto,upi,mumbai
ORD001755,CUST02595,DRV0280,  Uber  ,2023/01/22,3.63,101.83,0.0,3.0,Sedan,Net Banking,  Gurugram  
ORD000456,CUST02328,DRV0261,Ola,00-00-0000,1.71,55.7,0.0,2.0, Auto,Net Banking,JAIPUR
ORD000990,CUST02803,DRV0375,Jugnoo,2024/09/18,1.83,60.9,0.0,4.0,Sedan,,bangalore
ORD004575,CUST00086,DRV0363,UBER,2024/06/02,12.51,207.87,82.36,4.0,Sedan,upi,kolkata
ORD004952,CUST00178,DRV0196,Rapido,22-11-2024,11.45,177.3,0.0,5.0,Auto,Net Banking,  Bhopal  
ORD003385,CUST01156,DRV0140,  Namma Yatri  ,00-00-0000,6.32,,,5.0,  Prime  ,  Cash  ,delhi
ORD001460,CUST01158,DRV0200,BLUSMART,25/04/2025,4.21,100.65,0.0,2.0,mini,  Net Banking  ,Bangalore
ORD001730,CUST00472,DRV0047,Namma Yatri,31-03-2025,0.02,40.17,,1.0,Sedan,CARD,PUNE
ORD000711,CUST02480,DRV0229,blusmart,2025/12/06,0.98,47.89,,5.0,XL,Net Banking,Noida
ORD000271,CUST00709,DRV0093,InDrive,08/06/2025,19.23,231.3,80.36,3.0, XL,Card,HYDERABAD
ORD003819,CUST02118,DRV0127,Uber,2023/07/13,7.76,,,4.0,  SUV  ,WALLET,Kolkata
ORD001883,CUST01075,DRV0414,InDrive,07/03/2024,2.9,,,2.0,Sedan,upi,Indore
ORD003034,CUST00965,DRV0325, Uber,23/09/2025,11.01,166.8,89.51,2.0,auto, Cash,Ahmedabad
ORD001089,CUST01911,DRV0194,  Rapido  ,2025/05/22,10.72,184.79,33.28,3.0,Prime, Card,Hyderabad
ORD004760,CUST00577,DRV0135,MERU,2024/11/16,5.22,120.84,0.0,5.0,Pool,Card,  Noida  
ORD000198,CUST00381,DRV0234,Namma Yatri,27-06-2023,6.62,135.77,,5.0,Auto,net banking,Kolkata
ORD001244,CUST02794,DRV0348, BluSmart,,2.86,76.66,0.0,1.0,SUV,Wallet,  Ahmedabad  
ORD002103,CUST01475,DRV0012,meru,04-07-2023,0.03,,,1.0,  Sedan  ,card, Gurugram
ORD002107,CUST00675,DRV0487,Ola,2024/03/20,8.68,149.79,0.0,1.0,Sedan,Net Banking,hyderabad
ORD001168,CUST01974,DRV0175,INDRIVE,29-07-2025,20.12,360.12,0.0,4.0,Pool,Wallet, Pune
ORD000482,CUST02357,DRV0075,InDrive,2024/07/17,4.4,91.79,,,Auto,CARD,
ORD002703,CUST00565,DRV0026,OLA,07/01/2025,6.81,132.44,,3.0,XL,Net Banking,GURUGRAM
ORD004094,CUST00406,DRV0060,MERU,2025/11/20,9.32,174.17,8.23,4.0,Sedan,net banking,Lucknow
ORD000594,CUST00323,DRV0092,Rapido,08-02-2023,9.14,117.81,0.0,2.0,SUV,Wallet, Bhopal
ORD000769,CUST02768,DRV0190,Namma Yatri,03-21-2023,9.54,157.21,,, Prime,Wallet,Mumbai
ORD004632,CUST00615,DRV0020,rapido,26-06-2023,11.15,0,,4.0,  SUV  ,UPI, Mumbai
ORD001494,CUST02433,DRV0024,UBER,2024/10/09,9.42,170.9,,3.0,prime,Net Banking,Pune
ORD004471,CUST00800,DRV0167, Uber,05-02-2025,13.51,261.13,0.0,2.0, XL,wallet,Lucknow
ORD002088,CUST02400,DRV0081,Jugnoo,20-01-2024,13.85,276.46,0.0,4.0,Pool, Wallet,LUCKNOW
ORD001342,CUST00688,DRV0054,Uber,12/10/2024,3.42,94.17,0.0,4.0,Pool,Wallet,Pune
ORD002522,CUST00836,DRV0393,Namma Yatri,2024/09/24,7.02,145.28,,5.0,XL,NET BANKING,AHMEDABAD
ORD003466,CUST02716,DRV0432,Meru,06 Jul 2024,,,0.0,,Sedan,Net Banking,Indore
ORD002009,CUST01361,DRV0117,Namma Yatri,2024/08/04,5.0,81.78,,5.0,Auto, Net Banking,Chandigarh
ORD002434,CUST01050,DRV0283, InDrive,16 Sep 2024,16.36,286.48,20.59,2.0,Sedan, Card,Noida
ORD001413,CUST00549,DRV0130,Ola,13/06/2024,8.57,132.96,-31.7,1.0, Prime,cash,GURUGRAM
ORD004910,CUST01252,DRV0239,Uber,2023/08/30,10.68,174.37,0.0,3.0,Bike,cash,mumbai
ORD000886,CUST02508,DRV0272,OLA,25-11-2025,12.54,193.38,,1.0,  Pool  ,Cash,Jaipur
ORD002800,CUST00033,DRV0104,Jugnoo,06-12-2023,,,0.0,1.0,XL,UPI,  Delhi  
ORD000991,CUST01792,DRV0074,BluSmart,09/12/2023,17.96,201.3,23.14,2.0,Sedan,CARD,Mumbai
ORD004243,CUST01704,DRV0006,Uber,2025/05/17,8.4,158.49,0.0,2.0,Mini,Wallet,Kolkata
ORD003879,CUST02113,DRV0154,Ola,2025/09/18,7.04,112.07,,3.0, Auto, Card,Indore
ORD004934,CUST01660,DRV0039,Meru,20-10-2023,16.58,268.88,0.0,2.0,SUV,NET BANKING,GURUGRAM
ORD001404,CUST00622,DRV0497,Uber,10-11-2024,3.94,76.27,0.0,3.0,  XL  ,Card,LUCKNOW
ORD000563,CUST00322,DRV0268, Uber,18-10-2023,9.68,204.51,,3.0,MINI,  Cash  ,Faridabad
ORD000267,CUST01807,DRV0370,InDrive,,10.93,168.91,0.0,4.0,Pool,WALLET,AHMEDABAD
ORD000178,CUST00344,DRV0064,RAPIDO,2023/07/29,12.01,167.98,0.0,3.0,Bike,wallet, Kolkata
ORD004631,CUST02362,DRV0116,Rapido,26-01-2024,12.05,158.15,,2.0, Sedan,  UPI  ,Delhi
ORD002646,CUST00640,DRV0213,Ola,02-14-2025,1.98,60.9,44.9,2.0, XL,UPI, Noida
ORD001370,CUST00685,DRV0002,OLA,19/10/2024,12.0,218.61,0.0,3.0,Mini,Card,Pune
ORD003311,CUST01156,DRV0241,UBER,25/04/2023,20.35,227.16,93.96,3.0,mini,  Cash  , Kolkata
ORD001691,CUST02942,DRV0065,  Ola  ,01-23-2024,2.53,72.33,0.0,3.0,Auto,net banking,CHANDIGARH
ORD001390,CUST02588,DRV0471,OLA,,8.78,174.62,,2.0,suv,Cash,MUMBAI
ORD000077,,DRV0302,JUGNOO,26 Dec 2025,7.4,168.99,0.0,5.0,POOL,Wallet,Indore
ORD003368,CUST01816,DRV0185,RAPIDO,00-00-0000,0.41,44.39,35.92,4.0,prime,Card,Indore
ORD000684,CUST00329,DRV0466,BluSmart,22 Aug 2025,8.96,146.39,,3.0,Sedan,Net Banking,Lucknow
ORD003434,CUST01292,,Jugnoo,26-05-2023,2.85,74.73,13.19,4.0,mini,Net Banking,indore
ORD002902,CUST01690,DRV0421,  Meru  ,01 Oct 2024,12.68,0,,3.0,POOL,Cash,chandigarh
ORD000676,CUST01099,DRV0470,rapido,28-02-2024,12.77,210.24,0.0,4.0,Auto,wallet,kolkata
ORD001999,CUST02275,DRV0199,InDrive,00-00-0000,8.25,Rs 184.45,97.09,1.0,Auto,Cash,Hyderabad
ORD001827,CUST01332,DRV0239,namma yatri,28/03/2025,8.15,163.91,16.09,3.0,Auto,CARD,pune
ORD004513,CUST02520,DRV0094,,30-11-2023,,,0.0,3.0,  XL  , Wallet,Gurugram
ORD003522,CUST02647,DRV0288,BluSmart,28-08-2024,14.1,275.15,0.0,1.0,bike,UPI,  Bangalore  
ORD001002,CUST00656,DRV0091,Meru,00-00-0000,10.03,212.35,0.0,5.0,pool,Card,Noida
ORD000028,CUST01495,DRV0064,,2025/02/25,5.46,105.73,77.39,3.0,  SUV  ,NET BANKING,delhi
ORD003121,CUST01731,DRV0128,Namma Yatri,28 Apr 2024,15.05,271.7,0.0,5.0,MINI,Card, Pune
ORD002398,CUST00560,DRV0472,InDrive,05-19-2024,1.78,60.77,0.0,5.0,pool,Net Banking,Faridabad
ORD004684,CUST01798,DRV0300,BluSmart,00-00-0000,15.58,204.45,0.0,5.0,BIKE, Cash,Kolkata
ORD000518,CUST00881,DRV0402,OLA,00-00-0000,8.81,118.7,,4.0,Sedan,UPI,  Mumbai  
ORD000301,CUST02037,DRV0254,BLUSMART,21/07/2025,3.27,,62.48,3.0,SEDAN,Net Banking, Pune
ORD002919,CUST00421,DRV0086,Rapido,12-06-2024,1.04,52.69,0.0,5.0,SUV,NET BANKING,
ORD000403,CUST01031,DRV0446,  Uber  ,16-07-2025,0.16,42.57,,5.0,  Auto  ,Net Banking,Pune
ORD001842,CUST00602,DRV0110,Uber,27-06-2024,9.85,203.15,0.0,2.0, Bike,Card, Faridabad
ORD000655,CUST02896,DRV0103,BluSmart,25 Jan 2024,12.4,191.06,0.0,4.0,SEDAN,  Cash  ,  Lucknow  
ORD004276,CUST00774,DRV0324,  Jugnoo  ,12-04-2025,9.12,120.75,0.0,2.0, Auto,Wallet,Bangalore
ORD001191,CUST02245,DRV0065,UBER,2024/04/01,13.74,254.6,,2.0,pool,Net Banking,Chandigarh
ORD004979,CUST02656,DRV0202, BluSmart,19-04-2023,16.27,237.35,,1.0,pool,CARD,Hyderabad
ORD001823,CUST00566,DRV0342,,23-06-2024,10.6,134.33,,1.0,SUV,UPI,MUMBAI
ORD002685,CUST00967,DRV0074, Meru,01-14-2024,5.65,138.29,0.0,2.0, Bike,Card,lucknow
ORD003525,CUST02902,DRV0241,Ola,2023/02/02,13.01,234.23,,,Sedan,Wallet,Kolkata
ORD003922,CUST02049,DRV0112,Ola,00-00-0000,4.48,120.12,,5.0,Mini,wallet, Mumbai
ORD001325,CUST00827,DRV0152,Uber,25/07/2024,15.21,,0.0,4.0,XL, Net Banking,Chennai
ORD004790,CUST01803,DRV0473,Rapido,02 Mar 2023,8.35,124.44,0.0,3.0,Mini,NET BANKING,jaipur
ORD000046,CUST02436,DRV0169,ola,07-25-2025,4.15,100.28,35.76,3.0,  Mini  ,cash,Pune
ORD001788,CUST01939,DRV0103,RAPIDO,07-04-2025,13.71,274.96,,,suv,Net Banking,Noida
ORD004234,CUST02592,DRV0002,Jugnoo,19-06-2025,10.26,126.84,0.0,3.0,XL,card,Noida
ORD002074,,DRV0414,Namma Yatri,2024/08/06,0.71,48.55,0.0,5.0,Pool,card,Faridabad
ORD003334,CUST01107,DRV0165,Meru,19-07-2023,8.31,173.63,0.0,5.0,Bike,Wallet,Chandigarh
ORD001744,CUST00106,DRV0092,Rapido,,6.76,119.17,9.14,2.0,Auto,CARD,Kolkata
ORD004015,,DRV0385, InDrive,09-12-2024,1.83,56.28,90.17,5.0,Bike,Cash,Kolkata
ORD000098,CUST01994,DRV0405,Namma Yatri,19/10/2023,8.25,163.44,0.0,2.0,Pool,Wallet,  Kolkata  
ORD001496,CUST00566,DRV0241,Rapido,12-12-2023,6.62,103.8,0.0,3.0,SUV,Cash,GURUGRAM
ORD003345,CUST01328,DRV0156,BluSmart,21/11/2024,9.25,135.96,0.0,2.0,Mini,Wallet,Chandigarh
ORD001537,CUST02638,DRV0307,Namma Yatri,2025/11/11,0.75,53.5,0.0,3.0, Bike,UPI,Jaipur
ORD003889,CUST02182,DRV0169,Ola,2024/06/02,13.99,234.96,0.0,3.0,Bike,net banking,pune
ORD001727,CUST01039,DRV0463,Namma Yatri,25-07-2023,1.64,69.44,82.03,,Pool,  Net Banking  ,Kolkata
ORD004348,CUST01646,DRV0360,Namma Yatri,2025/10/09,10.39,189.75,0.0,1.0,XL,upi,hyderabad
ORD001053,CUST01398,DRV0265,JUGNOO,,14.45,281.02,78.85,2.0, Bike, Net Banking,BANGALORE
ORD001945,CUST02712,DRV0154,indrive,2023/02/10,10.32,214.45,0.0,3.0,Auto, Wallet,Bangalore
ORD002578,cust01579,DRV0392,BluSmart,06-18-2025,12.68,218.25,,4.0,xl,Wallet,lucknow
ORD000094,CUST02580,DRV0049,OLA,00-00-0000,7.98,182.66,10.71,3.0,PRIME,wallet,CHANDIGARH
ORD003834,CUST01304,DRV0311,Jugnoo,02/02/2025,2.74,82.78,,1.0,XL,Wallet,
ORD003946,CUST01482,DRV0056,blusmart,,9.09,165.01,0.0,5.0,SUV,UPI,Bhopal
ORD004418,CUST02699,DRV0381,Uber,03-10-2024,1.71,60.04,,5.0,auto,UPI,Ahmedabad
ORD004551,CUST01027,DRV0328,Namma Yatri,,0.38,43.77,83.68,2.0,Pool,UPI,Faridabad
ORD001707,CUST00194,DRV0037,Uber,06-19-2024,3.52,86.42,17.11,3.0,Auto,Card,Chandigarh
ORD001165,CUST00980,DRV0424,Jugnoo,2025/04/05,15.55,189.36,0.0,2.0,Auto,UPI,Delhi
ORD000399,CUST00312,DRV0151,Jugnoo,10-07-2024,3.81,82.66,0.0,5.0,pool, Cash,Lucknow
ORD000223,CUST00013,DRV0492,Uber,2025/03/01,8.56,136.67,90.79,3.0,Prime, Cash,Chandigarh
ORD000303,CUST01082,DRV0257, BluSmart,00-00-0000,0.41,43.6,,4.0,Auto,Cash,Ahmedabad
ORD000088,CUST00095,DRV0164,Ola,,8.11,175.1,,2.0,Pool,Card,Kolkata
ORD001009,CUST02127,DRV0114,  Namma Yatri  ,,4.39,83.75,,5.0,XL,Card,Bangalore
ORD001372,CUST01454,DRV0032,Rapido,21-08-2023,11.11,194.84,,3.0,XL,  Cash  ,  Chandigarh  
ORD004683,CUST01677,DRV0132,namma yatri,2024/01/29,11.65,231.76,0.0,3.0,Pool,Cash,Chennai
ORD000589,CUST02647,DRV0090,  Rapido  ,12-03-2025,13.08,201.81,,2.0,,NET BANKING,Chennai
ORD004089,CUST02678,DRV0240,Ola,10-02-2023,4.53,96.99,,2.0,SUV,Cash,Kolkata
ORD003824,CUST01914,DRV0130,Meru,07-09-2024,0.36,45.48,0.0,1.0,SUV,UPI,Indore
ORD002144,CUST02141,DRV0200, Namma Yatri,28/03/2023,8.99,128.51,0.0,2.0,Prime,cash,  Delhi  
ORD001359,CUST02878,DRV0399,  Ola  ,00-00-0000,3.31,93.16,0.0,5.0,Auto,UPI,Ahmedabad
ORD003019,CUST02124,DRV0009,InDrive,22-12-2023,12.72,178.72,,1.0,Prime,UPI,BHOPAL
ORD004188,cust00208,DRV0085,MERU,,11.61,226.44,0.0,4.0, XL,net banking,Mumbai
ORD002943,CUST02607,DRV0261,Namma Yatri,,10.84,129.15,0.0,1.0, Pool,UPI, Gurugram
ORD001711,CUST01610,DRV0121,BluSmart,24/03/2025,9.56,188.48,58.93,2.0,Auto,Net Banking, Chennai
ORD003635,CUST02298,DRV0382,UBER,,5.45,125.81,,2.0,xl,card,  Noida  
ORD002079,CUST01601,DRV0331, InDrive,2023/05/21,9.73,205.37,,2.0,Pool,UPI, Gurugram
ORD001110,CUST00299,DRV0216,blusmart,06-09-2025,8.95,149.51,,1.0, Auto,Cash,bangalore
ORD001376,CUST00405,DRV0115,Namma Yatri,02-20-2023,15.62,,19.92,2.0, SUV,Cash,Mumbai
ORD002417,CUST02933,DRV0373,  Uber  ,24/06/2025,14.45,250.09,,4.0, Sedan,net banking,BHOPAL
ORD000588,CUST01557,DRV0401,  Ola  ,04-01-2023,11.36,172.6,0.0,4.0,  Mini  ,wallet,Lucknow
ORD000212,CUST01807,DRV0152,Namma Yatri,00-00-0000,10.92,138.4,,2.0,Auto, Wallet,lucknow
ORD001549,CUST01223,DRV0354,uber,02-01-2024,11.51,230.52,0.0,,Sedan, Wallet,GURUGRAM
ORD001201,CUST01147,DRV0465,blusmart,2024/11/30,3.59,91.93,,5.0,bike,Card,Jaipur
ORD002934,CUST02589,DRV0287,rapido,16/12/2023,12.47,155.45,0.0,5.0,Auto,Card,chennai
ORD001407,CUST02375,DRV0318,Ola,31/05/2023,16.22,253.95,,5.0, Pool,  Wallet  ,ahmedabad
ORD002985,CUST01820,DRV0230,Ola,24-12-2025,6.42,102.37,,2.0,SUV,NET BANKING,BHOPAL
ORD004178,CUST01151,,namma yatri,11/04/2025,6.82,108.22,19.84,4.0, Auto,Cash,Pune
ORD001482,CUST02023,DRV0240,ola,25-04-2024,1291.02,23137.07,,4.0,Mini,UPI,Kolkata
ORD003657,CUST02820,DRV0321,Namma Yatri,,6.3,96.26,52.18,4.0,sedan,Net Banking,Gurugram
ORD004397,CUST00580,DRV0037,Ola,19-02-2025,6.09,93.35,0.0,3.0,Auto,Cash,Noida
ORD001073,CUST01171,DRV0389,Ola,13-11-2025,8.12,142.65,59.71,2.0,Pool,UPI,Lucknow
ORD004765,CUST00320,DRV0481,rapido,01-05-2025,9.46,122.13,0.0,5.0,  Pool  ,Net Banking,BANGALORE
ORD003932,CUST01628,DRV0243, Jugnoo,19-11-2025,14.42,294.13,94.44,1.0,AUTO,Card,  Delhi  
ORD001686,CUST02246,DRV0347,NAMMA YATRI,04-21-2024,16.27,266.01,0.0,2.0,Mini,Wallet,Noida
ORD001444,CUST02164,DRV0100,BluSmart,11-03-2025,2.18,78.28,22.21,3.0,POOL, UPI,Noida
ORD002275,CUST00363,DRV0244,,24 Jan 2024,13.36,221.03,,1.0,Mini,  Card  ,Pune
ORD000266,CUST00307,,OLA,14/06/2025,,,71.99,2.0,BIKE,UPI,  Chennai  
ORD004018,CUST01678,DRV0373,  Jugnoo  ,2025/11/30,16.27,236.63,0.0,5.0, Auto,Wallet,Mumbai
ORD001784,CUST01159,, Namma Yatri,2024/07/20,18.91,327.67,0.0,5.0,SUV,  Wallet  ,Delhi
ORD004048,CUST02793,DRV0283,Ola,25/09/2025,14.28,278.15,17.92,5.0,SUV,WALLET,Kolkata
ORD000629,CUST01597,DRV0348,blusmart,,13.97,233.29,0.0,5.0,MINI,Cash,
ORD004347,CUST00659,DRV0318,NAMMA YATRI,18/07/2025,5.69,90.07,,5.0,  SUV  ,,CHENNAI
ORD004633,CUST02956,DRV0445,Namma Yatri,00-00-0000,10.79,193.44,0.0,1.0,Bike,Card,  Lucknow  
ORD000129,CUST02643,DRV0306,  InDrive  ,04/12/2024,2.63,79.76,0.0,1.0,Mini,wallet,  Indore  
ORD003160,CUST02054,DRV0266,BluSmart,2025/02/21,9.46,203.26,29.42,1.0,AUTO,cash,  Ahmedabad  
ORD001882,CUST00085,DRV0232,NAMMA YATRI,00-00-0000,17.31,270.07,,5.0,Mini,  Net Banking  ,Delhi
ORD000059,CUST00812,DRV0173,Jugnoo,2024/09/01,14.44,187.54,0.0,, Bike,  Net Banking  ,Chandigarh
ORD001466,CUST01912,DRV0328,Jugnoo,01-06-2024,17.02,313.18,,3.0,SUV,CASH,Jaipur
ORD003955,CUST00897,DRV0214,Meru,2024/04/07,13.99,204.94,0.0,5.0,XL,UPI,hyderabad
ORD001671,CUST02793,DRV0134,InDrive,05-12-2025,0.78,46.78,,5.0,Mini,CARD,Kolkata
ORD001876,CUST01161,DRV0499,OLA,25-07-2025,3.33,81.65,17.97,4.0,Prime,wallet,CHENNAI
ORD001196,CUST02956,DRV0324,Rapido,07-15-2025,7.72,155.48,0.0,3.0,Prime,Wallet,Lucknow
ORD003032,CUST00335,DRV0438,Ola,02-02-2023,13.21,224.4,,4.0,Prime,  Net Banking  ,Ahmedabad
ORD001296,CUST02234,DRV0211, BluSmart,03-07-2025,7.97,157.96,0.0,2.0,Mini,UPI,MUMBAI
ORD001152,CUST02108,DRV0465,ola,19-08-2025,1.68,66.15,0.0,4.0,SUV,Wallet,indore
ORD001083,CUST02061,DRV0217,MERU,2023/07/24,,,0.0,3.0,,UPI,Chandigarh
ORD001599,CUST00177,DRV0086,Uber,03-09-2024,13.25,242.65,,2.0,  XL  ,CASH,ahmedabad
ORD003366,CUST02793,DRV0373,BluSmart,2023/10/01,16.76,222.78,,6.0,SEDAN,card,
ORD002459,CUST02425,DRV0051,Ola,17-05-2023,12.23,191.34,,0.0,pool,Card,Jaipur
ORD001253,CUST02276,DRV0112,Ola,10-10-2023,1.93,83527.57,91.94,,Pool,net banking,chandigarh
ORD000415,CUST01055,DRV0252,Ola,05-10-2024,15.73,249.54,6.05,,Pool,Wallet,Kolkata
ORD001704,CUST00839,DRV0340,  Rapido  ,13-11-2023,13.96,252.16,57.2,1.0,XL,UPI,Hyderabad
ORD003361,CUST01224,DRV0331,NAMMA YATRI,00-00-0000,10.85,183.34,0.0,1.0,Auto,card,Jaipur
ORD004506,CUST01060,DRV0342,Meru,06/06/2024,8.62,178.09,0.0,,auto,net banking,kolkata
ORD004098,CUST00305,DRV0147,Jugnoo,19/08/2025,11.5,201.36,0.0,3.0,Pool,Card,BHOPAL
ORD001749,CUST01776,DRV0410,JUGNOO,2025/12/03,10.9,227.78,41.06,3.0,XL,Card,Chandigarh
ORD004267,CUST02569,DRV0397,INDRIVE,07-06-2024,11.29,153.88,0.0,3.0,Auto,Wallet,Mumbai
ORD003720,CUST02024,DRV0055,MERU,09/01/2025,12.65,152.81,0.0,5.0,SEDAN,net banking,Ahmedabad
ORD003216,CUST00673,,meru,24-10-2024,2.49,71.32,0.0,4.0, Auto,net banking,Jaipur
ORD004975,CUST00814,DRV0487,BluSmart,2024/09/24,0.79,53.0,,4.0,  Sedan  ,Wallet,Indore
ORD004230,CUST01284,DRV0059,Jugnoo,07-08-2023,6.71,142.54,10.27,2.0,  Auto  ,Card,KOLKATA
ORD004619,CUST00692,DRV0074,  Uber  ,2023/10/04,9.69,179.23,,1.0,MINI,Cash, Hyderabad
ORD001341,CUST00492,DRV0441,Namma Yatri,30 May 2023,2.79,81.84,0.0,4.0, Pool,  Cash  ,Indore
ORD000892,CUST01630,DRV0205, InDrive,22 Feb 2023,14.53,203.09,83.56,3.0,POOL,Card,Faridabad
ORD001099,CUST00968,DRV0126,Jugnoo,03-07-2024,8.27,164.53,,1.0,  Auto  ,Cash,Ahmedabad
ORD002366,CUST02448,DRV0439,  Uber  ,,8.71,121.45,82.67,1.0,bike,Wallet, Chennai
ORD004327,CUST01226,DRV0311,Meru,12-02-2023,9.84,137.63,0.0,3.0,sedan,UPI,Chandigarh
ORD003357,CUST01372,DRV0384,indrive,14/07/2024,20.24,365.15,,,  Auto  ,wallet,jaipur
ORD003994,CUST02594,DRV0467,indrive,13/11/2025,,,0.0,,SUV, Net Banking,BHOPAL
ORD001777,CUST02984,DRV0119,Meru,00-00-0000,0.04,40.66,0.0,2.0,Pool,Card,BANGALORE
ORD002000,CUST02216,DRV0460,  Jugnoo  ,00-00-0000,1.31,58.51,0.0,4.0,pool,card,
ORD004370,CUST01615,DRV0068,uber,2024/04/27,8.34,137.89,28.18,3.0,Sedan,Card,GURUGRAM
ORD003067,CUST00257,DRV0414,  Namma Yatri  ,14/12/2025,17.67,259.2,,3.0,Mini,UPI,PUNE
ORD003988,CUST02397,DRV0435,MERU,13 Jul 2024,13.79,168.29,,5.0,SUV,net banking,chennai
ORD004690,CUST00090,DRV0017,Rapido,25-11-2024,15.03,272.71,68.07,1.0,Pool,Net Banking,FARIDABAD
ORD004743,CUST01651,DRV0225,Jugnoo,2023/08/05,8.5,177.92,49.46,4.0,Bike,UPI,Kolkata
ORD001062,CUST00157,DRV0276,  InDrive  ,01/03/2024,,,0.0,5.0,SUV,CASH,Indore
ORD002644,CUST02343,DRV0024,Namma Yatri,11-13-2025,14.33,258.05,0.0,2.0,Sedan,CASH,  Lucknow  
ORD003441,CUST01653,DRV0425,Jugnoo,16 Apr 2024,18.81,296.19,0.0,4.0,AUTO,NET BANKING, Pune
ORD002944,CUST02050,DRV0481,  BluSmart  ,,9.22,130.33,19.72,1.0,mini,net banking,GURUGRAM
ORD004721,CUST01283,DRV0284,OLA,28/10/2025,15.69,305.88,89.75,5.0,suv,upi,INDORE
ORD002020,CUST01660,DRV0188,blusmart,08-14-2025,4.53,94.52,,4.0,Mini,card,Ahmedabad
ORD004431,CUST00632,DRV0348,NAMMA YATRI,2023/12/04,0.34,43.85,0.0,3.0,MINI,Cash,Hyderabad
ORD000209,CUST02054,DRV0029,  BluSmart  ,,3.61,85.4,,2.0, Mini,WALLET,Chennai
ORD001166,CUST00588,DRV0017,NAMMA YATRI,00-00-0000,11.88,176.17,48.83,5.0,Pool,Net Banking,Jaipur
ORD001722,CUST01224,DRV0179,,10-10-2023,2.35,59.33,81.96,1.0,SUV,CARD,bhopal
ORD001584,CUST01712,DRV0467,Namma Yatri,2025/11/23,6.82,149.01,0.0,1.0,XL, Wallet,Kolkata
ORD000264,CUST02553,DRV0027,Jugnoo,,10.21,181.15,0.0,1.0,AUTO, Card,  Lucknow  
ORD004071,CUST01778,DRV0327,Uber,00-00-0000,7.01,160.28,0.0,2.0,bike,Wallet, Ahmedabad
ORD004585,CUST02897,DRV0297,jugnoo,,21.05,402.62,0.0,2.0,Prime,net banking,HYDERABAD
ORD004145,CUST01191,DRV0226,Rapido,29 May 2024,11.11,145.19,,7.0,  Mini  ,  Card  ,  Jaipur  
ORD004943,CUST01422,DRV0260,Ola,05-01-2023,3.73,77.91,0.0,4.0,SUV,WALLET,MUMBAI
ORD001171,CUST00307,DRV0426,Meru,30/06/2023,,,,1.0,,Card,Mumbai
ORD002034,CUST00752,DRV0211,Uber,23-06-2025,12.96,252.19,,2.0,prime, Cash,CHENNAI
ORD003914,CUST00958,DRV0234,Ola,20 Mar 2024,3.92,73.55,,1.0,prime,Wallet,chandigarh
ORD001919,CUST02862,DRV0010,UBER,28 Dec 2023,7.6,176.24,,3.0,Auto,,Noida
ORD002699,CUST01717,DRV0303, Jugnoo,2023/11/27,15.32,235.26,,4.0,PRIME,cash,Faridabad
ORD002097,,DRV0254,  Meru  ,31-07-2024,6.55,132.26,0.0,4.0,POOL,Cash,Bangalore
ORD001271,CUST00506,DRV0099,blusmart,29-12-2025,9.52,171.39,,2.0,MINI,NET BANKING,MUMBAI
ORD003071,CUST01578,DRV0084, InDrive,10-06-2023,14.86,247.58,,1.0,  XL  , UPI,ahmedabad
ORD001392,CUST01901,DRV0242,Jugnoo,2023/01/16,0.31,43.48,,3.0,XL,card,Faridabad
ORD004485,CUST01941,DRV0106,INDRIVE,,11.86,200.34,0.0,3.0,  Sedan  ,cash,chennai
ORD004514,CUST01084,DRV0099,Uber,06/03/2025,11.42,244.61,0.0,3.0,XL,NET BANKING,INDORE
ORD000902,CUST00457,DRV0172,  Rapido  ,31-03-2024,6.76,95.46,8.72,5.0,Auto,NET BANKING,Jaipur
ORD002619,CUST02222,DRV0041,Ola,2025/10/22,14.94,170.54,0.0,3.0,Mini,  Card  ,Pune
ORD001162,CUST00243,DRV0381,,04-11-2025,0.13,42.13,,3.0,POOL,Card,Delhi
ORD001484,CUST02672,DRV0238,  Jugnoo  ,08-06-2024,8.23,150.3,,5.0,MINI,Cash,Chandigarh
ORD003463,CUST01011,DRV0403,Jugnoo,26-07-2025,,,,1.0,Sedan,wallet,Chandigarh
ORD004100,CUST01853,DRV0033,Jugnoo,,2.41,60.74,,5.0,Pool,Wallet,  Delhi  
ORD002872,CUST01528,DRV0154,Rapido,00-00-0000,5.9,126.55,49.72,3.0,Pool,UPI,Chennai
ORD002734,CUST00743,DRV0068,Namma Yatri,25-12-2024,5.1,96.96,0.0,5.0,Mini,  Net Banking  ,Hyderabad
ORD001302,CUST01098,DRV0370,Ola,03-04-2025,0.93,52.23,,2.0,Mini,,Hyderabad
ORD000632,CUST00734,DRV0246,indrive,26/08/2024,2.57,76.55,,1.0,  SUV  ,CARD,Chennai
ORD002278,CUST01999,DRV0183,namma yatri,2024/05/24,0.55,48.52,,3.0,SUV,CARD,Hyderabad
ORD001971,CUST02398,DRV0024,Jugnoo,04-10-2024,7.4,159.78,0.0,0.0,sedan,UPI,Lucknow
ORD002324,CUST02777,DRV0323,InDrive,13-11-2023,12.63,149.91,,5.0, Sedan,wallet,bhopal
ORD001410,CUST02690,DRV0251,Meru,30-05-2024,15.0,281.49,0.0,1.0,Pool,  Wallet  ,  Faridabad  
ORD004179,CUST02865,DRV0396,  Namma Yatri  ,03-05-2024,19.32,384.61,0.0,2.0,  XL  ,card,mumbai
ORD001477,CUST00076,DRV0120,BLUSMART,2024/02/09,,,38.16,4.0,,Card,Ahmedabad
ORD003642,CUST01398,DRV0395,MERU,07-04-2023,13.04,193.79,0.0,4.0, Mini,Card, Lucknow
ORD000690,CUST02748,DRV0334,Jugnoo,2025/01/29,5.14,114.02,0.0,4.0,SUV,UPI,Gurugram
ORD001039,CUST00179,DRV0009,JUGNOO,26-07-2023,12.32,192.12,,4.0,SEDAN,Wallet,Chennai
ORD003708,CUST01679,DRV0367,jugnoo,2024/02/05,1.8,56.1,0.0,2.0,Prime,cash,Faridabad
ORD000051,CUST01290,DRV0111,InDrive,02/07/2024,11.28,219.47,0.0,4.0,Mini,UPI, Jaipur
ORD003792,CUST00341,DRV0456,,2025/09/01,10.29,140.07,0.0,0.0,  Auto  ,upi,INDORE
ORD003391,CUST01811,DRV0444,Namma Yatri,20/10/2025,9.13,120.75,0.0,3.0,POOL, Cash,Pune
ORD000374,CUST00102,DRV0400,meru,02 May 2024,12.02,166.82,,2.0,SUV, Net Banking,DELHI
ORD001210,CUST02960,DRV0458,InDrive,15/10/2023,16.61,174.74,0.0,3.0,  XL  , Cash,Indore
ORD000698,CUST01374,DRV0128,  Rapido  ,2025/08/10,9.35,193.2,,1.0,Auto,NET BANKING, Bangalore
ORD003167,CUST00461,DRV0356,BluSmart,03-06-2025,1.25,58.07,0.0,2.0,Prime,UPI,FARIDABAD
ORD000030,CUST00339,DRV0077,  BluSmart  ,2025/10/10,6.37,93.49,42.0,5.0,suv,NET BANKING,indore
ORD003080,CUST00749,DRV0488,  Meru  ,31/12/2025,8.45,167.61,0.0,1.0,Sedan,Net Banking,Chennai
ORD004545,,DRV0084,uber,07/08/2025,6.25,136.86,,1.0,AUTO,Net Banking,Lucknow
ORD004008,CUST00698,DRV0010,BluSmart,2023/05/20,7.5,129.93,,3.0,SUV,CASH,Gurugram
ORD001605,CUST01367,DRV0015,Uber,16/04/2024,8.84,122.99,,4.0,sedan,WALLET,gurugram
ORD003756,CUST00628,DRV0043,uber,28/04/2025,5.16,83.63,,2.0,PRIME,  Net Banking  ,  Faridabad  
ORD003944,CUST00760,DRV0458,  Uber  ,08-13-2024,11.68,224.96,,1.0,Bike,UPI,pune
ORD003329,CUST02160,DRV0450,Rapido,25-09-2023,4.15,101.82,,4.0,SEDAN,  Card  ,Kolkata
ORD002104,CUST01656,DRV0356,namma yatri,05-11-2023,,,,3.0,Sedan,  Card  ,KOLKATA
ORD001986,CUST02163,DRV0456, Rapido,25/04/2024,3.56,93.07,0.0,3.0,sedan,NET BANKING,BHOPAL
ORD003882,CUST00783,DRV0048, Ola,2024/02/07,5.33,102.22,0.0,2.0,  Mini  ,Card,Jaipur
ORD004613,CUST01003,DRV0182,jugnoo,2024/09/12,5.24,125.09,0.0,5.0,  Pool  ,Cash,Ahmedabad
ORD002094,CUST00709,DRV0065,Namma Yatri,00-00-0000,4.86,124.01,6.94,1.0,Pool,cash,ahmedabad
ORD003976,CUST02527,DRV0019,Jugnoo,12-12-2023,7.92,116.72,,4.0, Bike,Wallet,hyderabad
ORD004969,CUST02331,DRV0476,Rapido,04-04-2023,6.48,125.63,0.0,,Pool,,  Hyderabad  
ORD000189,CUST00651,DRV0320,Ola,01-18-2023,3.65,103.18,,4.0,pool,net banking,Bangalore
ORD000694,CUST00597,DRV0064,UBER,01 Jul 2025,11.42,231.16,87.29,1.0,Sedan,  Wallet  ,Hyderabad
ORD003406,CUST01313,DRV0351,NAMMA YATRI,02-03-2024,11.87,164.17,,3.0, Auto,Cash,bhopal
ORD003205,CUST00013,,Uber,08-02-2025,3.64,105.18,,4.0,Auto,Net Banking,PUNE
ORD003400,CUST00667,DRV0479,Rapido,2025/12/21,8.93,122.37,0.0,2.0,  Bike  ,  UPI  ,Delhi
ORD001098,CUST01355,DRV0445,  Namma Yatri  ,2025/06/15,11.48,215.3,31.49,5.0,SUV,Card,BHOPAL
ORD004074,CUST01482,DRV0015,Ola,07 Dec 2024,2.24,78.52,,3.0,XL, Cash,Jaipur
ORD001748,CUST02204,DRV0431,NAMMA YATRI,31-03-2025,13.9,178.22,35.15,5.0,Auto,Cash,CHENNAI
ORD003110,CUST02198,DRV0250,Jugnoo,00-00-0000,7.79,127.97,,4.0,  Pool  ,UPI,hyderabad
ORD002540,CUST02170,DRV0093,,06-26-2025,10.28,137.2,0.0,3.0,Mini, UPI,Jaipur
ORD002561,CUST02779,DRV0317,Ola,00-00-0000,4.15,0,0.0,3.0,Pool,Card,BANGALORE
ORD000494,CUST02572,DRV0211,InDrive,26/07/2024,5.99,134.78,,3.0,suv,  Cash  ,Noida
ORD002489,CUST02150,DRV0415,BluSmart,11-12-2024,15.56,308.39,,4.0,pool,WALLET,FARIDABAD
ORD004425,CUST00420,DRV0168,  Ola  ,02-08-2024,6.92,140.59,95.22,5.0,Bike,net banking,Bhopal
ORD000730,CUST02723,DRV0020,rapido,2023/03/29,3.7,80.3,,3.0,MINI,Card,INDORE
ORD003878,,DRV0196,meru,,18.39,267.7,0.0,5.0,POOL,Net Banking,Noida
ORD000825,CUST01511,DRV0191,Rapido,2023/03/04,0.36,Rs 43.75,,1.0,Mini,card,gurugram
ORD003177,CUST01512,DRV0367,Namma Yatri,00-00-0000,8.66,179.6,0.0,3.0, Pool,WALLET,Ahmedabad
ORD001591,CUST00676,DRV0005,  Ola  ,24/10/2025,12.11,175.17,,5.0,SUV, Net Banking,JAIPUR
ORD003017,CUST00214,DRV0287,  InDrive  ,2025/06/10,3.92,94.37,0.0,1.0,Pool,net banking,Gurugram
ORD000575,CUST02622,DRV0223,ola,19 Nov 2023,20.06,385.54,8.0,1.0,Mini,Net Banking,Jaipur
ORD000715,CUST01316,DRV0213,Namma Yatri,2025/09/02,7.78,154.79,,1.0, XL,  Net Banking  ,bhopal
ORD004697,CUST01574,DRV0091, InDrive,2025/08/25,5.98,109.0,,5.0,SEDAN,  Cash  ,Chandigarh
ORD004291,CUST02850,DRV0457,InDrive,05-11-2025,11.61,194.02,,5.0,SUV,net banking,NOIDA
ORD000759,CUST00336,DRV0241,Uber,24-06-2024,9.73,130.89,0.0,,PRIME,WALLET, Bhopal
ORD003692,CUST01084,DRV0313,  Meru  ,24/03/2023,11.05,217.6,0.0,3.0,Pool,Cash,Ahmedabad
ORD000109,CUST01411,DRV0168,Ola,20-07-2025,12.55,147.59,0.0,1.0,BIKE,Card,MUMBAI
ORD002422,CUST02441,DRV0442,OLA,13/02/2024,8.47,Rs 118.58,0.0,2.0,  XL  ,Wallet,chennai
ORD001096,CUST00933,DRV0151,Ola,2024/11/04,13.47,259.03,0.0,4.0,PRIME,Card,lucknow
ORD003295,CUST02535,DRV0291,Rapido,2024/01/24,6.52,96.52,,4.0,  Sedan  ,UPI,  Chandigarh  
ORD002429,CUST02835,DRV0025, InDrive,2023/10/30,12.6,189.13,,5.0,Pool,Cash,mumbai
ORD004409,CUST02032,DRV0313,Ola,2025/08/16,3.52,90.41,,1.0,Bike,UPI,Pune
ORD001596,CUST01774,DRV0067,Uber,07-06-2023,10.83,196.34,,3.0,Mini,wallet,kolkata
ORD002913,CUST02913,DRV0324,RAPIDO,27/09/2024,5.1,87.85,,2.0,  Bike  ,Wallet,Ahmedabad
ORD003021,CUST00258,DRV0149,rapido,12/10/2023,18.03,245.05,0.0,2.0,MINI,CARD,Bangalore
ORD000884,CUST02335,DRV0102,Ola,21-01-2024,4.76,123.96,,2.0,Bike,Cash,Bangalore
ORD004280,CUST00270,DRV0465,InDrive,2025/10/03,2.1,59.09,0.0,4.0,XL, UPI,FARIDABAD
ORD000710,CUST01342,DRV0372,Uber,03 Mar 2025,12.76,169.82,,2.0,XL,Wallet,BHOPAL
ORD001540,CUST00807,DRV0217,  Namma Yatri  ,00-00-0000,15.12,219.39,0.0,5.0,Bike,cash,BHOPAL
ORD000177,CUST01400,DRV0016,INDRIVE,2023/07/02,7.47,143.7,36.15,5.0,Sedan,Card,Indore
ORD004405,CUST02586,DRV0155,  Rapido  ,,2.25,71.66,0.0,1.0,SUV,net banking,pune
ORD002964,CUST01209,DRV0467,Jugnoo,2023/08/23,11.33,138.96,,1.0,suv,card,bangalore
ORD002851,CUST02002,DRV0403,Jugnoo,2025/08/14,,,0.0,5.0,,Cash,Mumbai
ORD004261,CUST02354,DRV0054,OLA,31-12-2025,0.42,46.44,0.0,3.0, Bike, Cash,  Gurugram  
ORD001106,CUST02968,DRV0166,MERU,30/03/2025,22.54,,,3.0,Pool,  Net Banking  ,CHENNAI
ORD002247,CUST02074,DRV0316,BLUSMART,06-08-2024,13.37,174.88,0.0,2.0,SUV,CASH,Mumbai
ORD004793,CUST02618,DRV0171,Uber,00-00-0000,17.65,238.07,0.0,5.0,Auto,upi,Jaipur
ORD001211,CUST02462,DRV0393,Uber,18-04-2025,4.34,107.44,0.0,5.0,prime,Wallet,Chennai
ORD002290,CUST01746,DRV0060,Namma Yatri,22 Nov 2024,0.8,49.35,0.0,1.0,,Wallet,Mumbai
ORD000506,CUST00810,DRV0494,Rapido,12-05-2024,5.72,138.15,0.0,5.0,Mini,UPI,Gurugram
ORD004727,CUST01145,DRV0180,  BluSmart  ,09-04-2024,3.4,98.41,0.0,4.0,Prime,upi,Noida
ORD000727,CUST02558,DRV0362,Meru,2024/03/09,6.59,97.88,,4.0,Auto,UPI,Chandigarh
ORD004180,CUST00958,DRV0321,  Uber  ,21/08/2023,18.76,354.02,0.0,3.0,  Prime  ,Wallet,  Jaipur  
ORD000631,CUST01901,DRV0191,Meru,2023/03/10,1.13,51.85,,2.0,XL,Wallet,Chandigarh
ORD000749,CUST01787,DRV0438,indrive,08-19-2023,0.31,44.89,0.0,4.0,sedan,wallet, Lucknow
ORD002585,CUST01369,DRV0211,Uber,27-03-2023,0.95,50.98,,5.0,Pool,UPI,Kolkata
ORD000615,CUST00839,DRV0457,BluSmart,04-09-2023,2.34,60.0,83.24,2.0,Prime,Card,DELHI
ORD001326,CUST02170,DRV0056,Namma Yatri,25/06/2024,18.09,354.18,42.77,3.0,  Bike  ,NET BANKING,Chandigarh
ORD002382,CUST02925,DRV0141,meru,09-01-2025,,,77.99,5.0,PRIME,Card,INDORE
ORD004988,CUST02656,DRV0141,MERU,00-00-0000,11.27,146.41,0.0,5.0,auto,NET BANKING,Chandigarh
ORD004283,CUST00456,DRV0195,Uber,,8.93,114.77,,3.0,mini,net banking,Faridabad
ORD004056,CUST00869,DRV0127,Namma Yatri,2025/03/12,,,69.38,4.0, Pool,CARD,Hyderabad
ORD000692,CUST00438,DRV0245,InDrive,26-01-2025,6.06,102.99,,3.0,Pool,  Wallet  ,  Chandigarh  
ORD001884,CUST01090,DRV0350,  Namma Yatri  ,16-02-2025,9.52,184.75,0.0,1.0,AUTO,card, Delhi
ORD000784,CUST02431,DRV0077, BluSmart,11-04-2024,1.43,61.72,,5.0,AUTO,Wallet,HYDERABAD
ORD004646,CUST02773,DRV0296,RAPIDO,07-09-2025,1.38,64.56,0.0,2.0,BIKE,Net Banking, Pune
ORD003096,CUST00328,DRV0092,BLUSMART,27/08/2025,5.11,119.2,,2.0,Bike,UPI,NOIDA
ORD004875,CUST00119,DRV0431,Meru,2025/01/09,11.33,153.52,0.0,5.0,SUV,Net Banking,Indore
ORD000232,CUST01719,DRV0093,Ola,09-28-2023,3.86,91.21,,5.0,Bike,UPI,  Chandigarh  
ORD004720,CUST01468,DRV0377,  Namma Yatri  ,2023/12/24,0.37,43.06,81.32,4.0,  Auto  ,,Jaipur
ORD002641,CUST01037,DRV0042, Namma Yatri,06-24-2023,16.9,284.82,0.0,5.0,mini,UPI,faridabad
ORD003917,CUST00200,DRV0446,Rapido,00-00-0000,0.15,42.63,0.0,1.0,mini,CASH,MUMBAI
ORD002826,CUST00057,DRV0421,namma yatri,21-02-2023,2.34,79.71,0.0,4.0,POOL,Net Banking,Pune
ORD002523,CUST01838,DRV0149,rapido,12-08-2025,6.07,133.93,,5.0,SUV, Cash,Lucknow
ORD003027,CUST00601,DRV0184,InDrive,13-08-2024,8.35,152.88,,2.0,Pool,  Net Banking  ,Kolkata
ORD003706,CUST00747,DRV0336,Rapido,2024/03/30,6.01,122.67,0.0,1.0,sedan,  Card  ,HYDERABAD
ORD003377,CUST01316,DRV0405,Uber,04/08/2024,15.29,168.37,0.0,4.0,SUV,Net Banking,chandigarh
ORD004786,CUST01051,DRV0344, InDrive,04-18-2025,11.38,136.28,0.0,5.0, Mini,net banking,  Chandigarh  
ORD000167,CUST00790,DRV0487,InDrive,20-01-2023,6.01,109.91,19.52,1.0,XL,UPI,Indore
ORD004870,CUST01792,DRV0341,BluSmart,05-22-2024,11.78,218.17,0.0,1.0,Bike,NET BANKING,Pune
ORD002206,CUST00047,DRV0435,  Meru  ,11-14-2023,9.66,141.36,,4.0,Auto,  Net Banking  ,  Lucknow  
ORD004401,CUST00191,DRV0272,Rapido,28-09-2023,11.48,223.49,,5.0,AUTO,,faridabad
ORD000171,CUST02454,,Uber,,14.47,202.75,,4.0,SUV,Net Banking,Chandigarh
ORD002501,CUST02508,DRV0089,,06-04-2024,1.2,53.92,0.0,3.0,Sedan,Cash,Delhi
ORD003614,CUST02168,DRV0324, Ola,00-00-0000,6.22,107.88,0.0,4.0,Pool,Card,  Ahmedabad  
ORD000507,CUST00704,DRV0400, BluSmart,25-10-2025,8.52,161.77,,1.0,Bike,upi,bangalore
ORD001363,CUST02161,DRV0406, Jugnoo,2023/01/19,5.21,107.25,,,XL,cash,Gurugram
ORD002380,CUST01186,DRV0093,RAPIDO,19 Nov 2024,4.11,100.29,,5.0,pool,Net Banking,Chandigarh
ORD002657,CUST00814,DRV0146,Uber,00-00-0000,8.95,200.81,,5.0,prime,card,  Faridabad  
ORD000333,CUST00072,DRV0367,Uber,00-00-0000,25.19,283.33,0.0,4.0,Sedan,Cash,Noida
ORD004588,CUST00335,DRV0320,BluSmart,05-02-2025,17.66,277.04,,, Mini,Card,Bangalore
ORD002046,CUST01950,DRV0358,Meru,10-08-2024,5.11,98.96,,3.0,,  Wallet  ,NOIDA
ORD001493,,DRV0313,RAPIDO,01-16-2025,8.33,165.84,0.0,3.0,Pool,UPI,Faridabad
ORD000621,CUST01661,DRV0443,Ola,2025/10/06,8.57,144.77,,2.0,POOL,CASH,Chandigarh
ORD001606,CUST00307,DRV0448,Namma Yatri,29-04-2025,4.83,115.89,93.16,5.0,XL,WALLET,Hyderabad
ORD001027,CUST00148,DRV0215,  Uber  ,26/08/2023,12.59,171.28,,4.0,prime, UPI,delhi
ORD002917,CUST01200,DRV0400,Namma Yatri,03-04-2024,13.84,189.23,92.94,,prime,Cash, Chandigarh
ORD003515,CUST01481,DRV0468,BluSmart,,6.72,111.68,0.0,2.0, Prime,Wallet,chennai
ORD002526,CUST02349,DRV0006,  Ola  ,25 Oct 2023,10.71,180.47,60.25,5.0,XL,wallet,Kolkata
ORD003927,CUST00247,DRV0209,Rapido,2024/01/06,7.13,160.77,,2.0,Sedan,NET BANKING,jaipur
ORD001339,CUST02218,DRV0463,jugnoo,01/10/2025,5.82,130.06,0.0,5.0, Sedan, Wallet,Faridabad
ORD004617,CUST01156,DRV0411,  Rapido  ,06-29-2023,19.22,300.72,,4.0,SEDAN,Wallet,AHMEDABAD
ORD003166,CUST01736,DRV0346,Jugnoo,25-12-2024,7.65,103.58,0.0,1.0,pool,Card,  Delhi  
ORD002475,CUST02511,DRV0090,BluSmart,2024/01/17,19.64,267.61,,,Mini,CASH,BHOPAL
ORD001957,CUST02579,DRV0272,Ola,2023/06/10,9.4,199.73,,4.0,Mini, Wallet,Kolkata
ORD002423,CUST00754,DRV0413,InDrive,04-02-2025,10.32,206.35,0.0,6.0,Bike,UPI,bhopal
ORD004407,CUST01267,DRV0357,Rapido,06-10-2025,6.83,98.6,,2.0,SUV,Card,Ahmedabad
ORD001399,CUST02922,DRV0151,BluSmart,10-06-2025,3.08,69.26,0.0,2.0,SEDAN,CARD,Pune
ORD002334,CUST00937,DRV0445,Jugnoo,2024/04/22,1.51,57.86,39.89,2.0,bike,net banking,Lucknow
ORD002899,CUST01338,DRV0217,Namma Yatri,00-00-0000,,,,4.0,  Prime  ,Wallet,Faridabad
ORD002464,CUST01214,DRV0354,Rapido,09-02-2023,15.87,264.23,33.73,1.0,auto,Card,Ahmedabad
ORD001369,CUST00415,DRV0068, Meru,23-03-2023,7.15,119.34,,4.0,Pool,Card,Bangalore
ORD002150,CUST01797,DRV0119,Namma Yatri,11-02-2024,12.85,264.14,,3.0,Bike,wallet,Pune
ORD003909,CUST02584,DRV0225,,31-10-2025,7.75,105.48,18.6,3.0,Sedan,Net Banking,DELHI
ORD004731,CUST00950,DRV0239,indrive,2024/06/12,22.78,334.42,,3.0,mini,Card,Gurugram
ORD004133,CUST00517,DRV0395,Jugnoo,24-05-2025,11.25,172.11,,4.0, Pool,wallet,Lucknow
ORD003402,CUST01563,DRV0125,Ola,11-01-2025,9.87,190.53,0.0,3.0, Pool,Card,Noida
ORD002538,CUST02688,DRV0171,namma yatri,22 Apr 2025,13.57,243.79,47.9,4.0,XL,UPI,Hyderabad
ORD004005,CUST02746,DRV0374,Namma Yatri,02 Mar 2023,5.66,97.11,,3.0,suv,Card,Hyderabad
ORD001708,CUST00872,DRV0210,Jugnoo,17-05-2025,5.52,118.0,0.0,3.0,bike, Net Banking,  Pune  
ORD003435,CUST02510,DRV0418,namma yatri,26/04/2024,7.46,140.32,0.0,1.0,pool,Wallet,Ahmedabad
ORD002449,CUST02645,DRV0182, InDrive,2023/03/31,16.04,319.63,9.85,5.0,mini, Wallet,
ORD002488,CUST00494,DRV0022,  BluSmart  ,07-02-2023,2.58,62.15,51.22,4.0,Auto,Wallet,indore
ORD000917,CUST01539,DRV0128,BluSmart,2023/07/02,9.19,193.89,,5.0,SEDAN,UPI,  Delhi  
ORD004136,CUST00247,DRV0251,Uber,07 Jun 2023,18.63,273.15,0.0,4.0,Mini,UPI,Delhi
ORD004609,CUST02822,DRV0222,Namma Yatri,2025/09/04,4.57,106.56,,4.0,Mini, Card,Mumbai
ORD000092,CUST00403,DRV0119,Rapido,05-26-2024,11.37,239.65,,5.0,AUTO,Cash,Delhi
ORD001164,CUST02977,DRV0170,Meru,02-14-2025,8.5,115.47,38.42,5.0,auto,CASH,gurugram
ORD003646,,DRV0131,OLA,22-07-2025,4.46,109.71,0.0,5.0,Sedan,UPI, Gurugram
ORD000913,CUST02397,,RAPIDO,09-20-2023,13.46,202.42,33.45,3.0, Sedan, Card,  Bangalore  
ORD003194,CUST02776,DRV0137,Rapido,30-05-2024,5.5,96.2,10.97,1.0,  Auto  ,NET BANKING,
ORD002333,CUST02596,DRV0301,BluSmart,2024/05/26,6.45,93.3,,2.0,Pool,UPI,BANGALORE
ORD001910,CUST02324,DRV0036,JUGNOO,07-06-2024,8.04,145.04,,2.0,Pool,Net Banking,LUCKNOW
ORD001661,CUST02958,DRV0254,Namma Yatri,01 Sep 2025,6.02,134.48,59.23,5.0, Mini,upi,Lucknow
ORD002681,CUST00494,DRV0255,MERU,16-05-2024,25.06,316.3,,5.0,Sedan,Net Banking,Faridabad
ORD004812,CUST02793,DRV0241,Rapido,10-04-2024,7.44,157.39,0.0,2.0,Auto,upi,Gurugram
ORD002758,CUST02953,DRV0343,Namma Yatri,2024/07/30,3.17,82.66,0.0,1.0, Prime,wallet,  Delhi  
ORD003340,CUST00617,DRV0451,BluSmart,15 Oct 2025,4.87,79.88,,5.0,PRIME,UPI,Bhopal
ORD000125,CUST01292,DRV0337, Meru,03/08/2024,10.08,208.17,0.0,4.0,Pool,cash,INDORE
ORD002393,CUST02628,DRV0289,OLA,10 Feb 2024,6.65,147.96,,5.0,  Prime  ,Wallet,Faridabad
ORD002767,CUST00536,DRV0065,Uber,13/11/2024,12.85,0,62.72,2.0,Pool,Wallet,PUNE
ORD004157,CUST02031,DRV0428,  Meru  ,2025/06/07,,,0.0,2.0,bike,Net Banking,Mumbai
ORD002309,CUST01905,DRV0116,Meru,01/01/2023,9.95,162.43,,1.0,sedan,UPI,Jaipur
ORD003353,CUST01057,DRV0225,ola,2023/12/22,2.9,80.76,0.0,3.0,  Prime  ,  Wallet  ,lucknow
ORD003069,CUST00010,DRV0058,NAMMA YATRI,10/08/2025,4.86,122.99,,5.0,POOL,Net Banking,Gurugram
ORD003394,CUST01333,DRV0470,Namma Yatri,,0.62,48.58,83.63,1.0,Mini,NET BANKING,Noida
ORD001381,CUST02248,DRV0255,  InDrive  ,01-07-2025,3.11,71.04,12.41,5.0,SEDAN,Net Banking,Delhi
ORD004757,CUST02789,DRV0035,RAPIDO,07-23-2023,5.02,121.04,82.9,,suv,WALLET, Chennai
ORD001043,CUST01970,DRV0464,Ola,05-07-2025,17.6,Rs 259.5,96.15,3.0,Mini,Net Banking,gurugram
ORD003503,CUST01591,DRV0159,Namma Yatri,04-01-2023,3.98,96.11,,3.0,Pool,Card,indore
ORD003212,CUST02938,DRV0072,OLA,,5.05,101.78,0.0,1.0,Mini,net banking,FARIDABAD
ORD002065,CUST00774,DRV0270,Meru,03-09-2025,3.34,79.44,0.0,5.0,Mini,UPI,pune
ORD002264,CUST01220,DRV0175,Rapido,03-25-2023,14.53,251.02,0.0,4.0,Pool,Cash,Chennai
ORD001056,CUST00943,DRV0145,NAMMA YATRI,2025/01/03,7.03,159.34,,3.0,Bike,Net Banking, Delhi
ORD000340,CUST00898,DRV0436,NAMMA YATRI,05 Apr 2023,17.78,,12.51,1.0,Bike,CASH,Bhopal
ORD002885,CUST01052,DRV0021,rapido,29-09-2024,4.76,79.54,,0.0,Mini,Cash,ahmedabad
ORD002145,CUST01119,DRV0411,RAPIDO,2025/12/02,13.82,251.19,,1.0,Mini,,Lucknow
ORD003567,CUST00723,DRV0437,Meru,2023/08/21,2.96,90.57,0.0,4.0,XL,UPI,  Kolkata  
ORD004636,CUST02966,DRV0280,RAPIDO,28-08-2025,5.37,98.1,,1.0,XL,Wallet,Ahmedabad
ORD000724,CUST00959,DRV0083,Rapido,08/07/2025,11.78,215.19,20.9,5.0,suv,Cash,Jaipur
ORD001955,CUST00572,DRV0463,Namma Yatri,25 Sep 2025,22.55,363.74,,4.0,XL,Wallet,Bangalore
ORD004029,CUST01908,DRV0458,BluSmart,06-03-2023,9.46,171.23,64.77,3.0,Sedan,Wallet,Pune
ORD000004,CUST02374,DRV0215,Namma Yatri,2025/02/03,8.06,131.71,,1.0, SUV,Cash,Lucknow
ORD000502,CUST01954,DRV0384, Jugnoo,22-02-2025,0.71,,78.35,4.0,Bike,  Net Banking  ,Pune
ORD001808,CUST00156,DRV0472,INDRIVE,28-07-2025,8.59,191.36,28.24,4.0,xl,Wallet,Noida
ORD000311,CUST01147,DRV0177,Meru,2023/08/25,9.85,189.14,0.0,2.0,XL,Net Banking,Mumbai
ORD001228,CUST02032,DRV0117,,00-00-0000,2.66,68.03,,1.0,Sedan, Net Banking,Faridabad
ORD002846,CUST02980,DRV0158,Uber,09-01-2023,13.06,173.69,,1.0,Sedan,Net Banking,Kolkata
ORD003287,CUST01883,DRV0094,Ola,27-01-2024,3.46,86.82,,4.0,auto, Wallet,Ahmedabad
ORD003615,CUST01625,DRV0137, Uber,11-12-2024,5.55,85.96,,2.0,Sedan,Cash,Indore
ORD003926,CUST02894,DRV0035,Meru,08-08-2023,10.29,220.18,57.54,4.0,Bike,UPI,hyderabad
ORD002611,CUST00155,DRV0172,meru,,8.41,149.08,0.0,3.0,Sedan,Card,chandigarh
ORD001593,CUST01595,DRV0427,  Rapido  ,19-06-2025,17.05,295.53,73.11,5.0,Sedan,UPI,  Delhi  
ORD003822,CUST01770,DRV0334, Namma Yatri,09-10-2024,10.51,127.45,,3.0, Bike,Net Banking,Hyderabad
ORD004210,CUST00969,DRV0467,  InDrive  ,03-23-2025,2.31,77.0,,5.0,Mini,Net Banking,DELHI
ORD001946,CUST02610,DRV0329,indrive,04-23-2025,9.59,Rs 156.0,,,SUV,  Net Banking  , Pune
ORD001050,CUST00540,DRV0330,Meru,16-10-2025,8.91,,,5.0,bike,Wallet,Delhi
ORD002876,CUST02143,DRV0479,Uber,2024/02/28,0.27,43.69,0.0,4.0,Mini,Card,Gurugram
ORD000348,CUST00016,DRV0043,Uber,24/07/2025,13.39,210.39,0.0,3.0,XL,Net Banking,jaipur
ORD001997,,DRV0331,indrive,23 Feb 2023,-3.25,30,,1.0,XL,Wallet,Noida
ORD000104,CUST00916,DRV0053, Ola,07-10-2023,8.43,190.62,0.0,4.0,suv,wallet,Delhi
ORD001280,CUST00330,DRV0255,  Uber  ,19/04/2023,6.59,128.41,,1.0,AUTO,CASH,Noida
ORD004834,CUST01500,DRV0042,,10-07-2023,11.89,159.41,50.63,5.0,Pool,cash,mumbai
ORD003948,CUST00327,DRV0462,BluSmart,08/10/2025,4.81,115.8,0.0,5.0,Pool,upi,Mumbai
ORD004971,CUST02220,DRV0398,RAPIDO,2024/07/22,15.16,171.41,0.0,3.0,SUV, UPI,Lucknow
ORD001259,CUST02660,DRV0259, BluSmart,16-02-2024,8.86,176.65,0.0,5.0,SEDAN,card,Lucknow
ORD003666,CUST00747,DRV0099,Ola,05-12-2024,3.36,73.15,0.0,2.0,Sedan,  Net Banking  , Hyderabad
ORD004366,CUST02385,DRV0036,InDrive,26/10/2023,0.73,50.68,,5.0,  Prime  ,NET BANKING,Delhi
ORD002503,CUST01794,DRV0018,  Namma Yatri  ,30/11/2024,3.67,78.17,,1.0,XL,Net Banking,chennai
ORD002154,CUST01277,DRV0425,indrive,20 Aug 2023,2.37,66.62,,,Prime,UPI,Bangalore
ORD002311,CUST00957,DRV0220,  InDrive  ,05 Aug 2024,15.13,228.38,,1.0,  Pool  ,Net Banking,Ahmedabad
ORD003213,CUST02214,DRV0027,RAPIDO,2025/07/17,6.09,115.9,0.0,5.0,  XL  ,CARD,HYDERABAD
ORD000816,CUST02651,DRV0239,jugnoo,14-04-2023,8.11,-164.32,19.54,3.0,SUV,net banking,Jaipur
ORD000118,CUST01182,DRV0395,MERU,25-03-2025,12.81,148.36,0.0,5.0,Mini,, Ahmedabad
ORD004851,CUST00437,DRV0191, BluSmart,2025/11/05,11.58,235.95,0.0,,pool,Cash,Kolkata
ORD004206,CUST02340,DRV0007,BluSmart,11-05-2023,9.83,184.02,,1.0,Prime,Wallet,Pune
ORD003086,CUST02874,DRV0025,Uber,09/11/2024,6.0,117.37,92.34,5.0,Mini,upi, Delhi
ORD001636,CUST02359,DRV0363,NAMMA YATRI,13-09-2025,0.68,49.3,,4.0,SEDAN,Wallet,Ahmedabad
ORD003046,CUST01329,DRV0172,Uber,10-07-2025,0.42,46.48,48.29,1.0,xl,wallet,Jaipur
ORD000945,CUST02758,DRV0018,InDrive,18-04-2025,11.94,182.59,40.45,1.0,Auto,Net Banking,Ahmedabad
ORD001159,CUST00305,DRV0170,Uber,11-08-2024,-9.71,30,14.24,4.0, Auto,Wallet,Mumbai
ORD000585,CUST00158,DRV0156,Rapido,2024/08/26,8.72,141.06,82.49,5.0,xl,CARD,jaipur
ORD004488,CUST02162,DRV0367, BluSmart,09-09-2025,5.37,105.22,,1.0,SUV,Card,Bangalore
ORD004380,CUST01799,DRV0118,Meru,25 Mar 2025,-1.64,30,14.77,2.0,XL,UPI,gurugram
ORD002520,CUST02168,DRV0367,JUGNOO,19-02-2024,5.51,86.22,0.0,2.0,SEDAN,Cash,Bangalore
ORD004459,CUST02986,DRV0173,INDRIVE,12-16-2024,1.66,69.46,,,Sedan,NET BANKING,CHANDIGARH
ORD001967,CUST02987,DRV0069,ola,12/06/2023,7.85,180.95,,4.0,Pool,Wallet,Hyderabad
ORD002937,CUST01645,DRV0173,MERU,18/09/2023,-4.93,Rs 30,,5.0,Bike, UPI,jaipur
ORD001199,CUST02823,DRV0276,UBER,30-03-2024,0.88,50.0,,1.0,Pool,card,Mumbai
ORD000253,CUST01282,DRV0014,Rapido,18/06/2023,9.66,,0.0,3.0,suv,card,Hyderabad
ORD004693,CUST02224,DRV0289,INDRIVE,23/08/2024,9.17,164.83,0.0,1.0,Sedan,UPI,Indore
ORD002966,CUST01747,DRV0167, Rapido,28-10-2024,16.69,320.05,,1.0,  SUV  ,card,GURUGRAM
ORD001501,CUST02874,DRV0383,Rapido,12-06-2025,7.73,168.76,0.0,,XL,Card,  Jaipur  
ORD000257,CUST00372,DRV0262,namma yatri,09-26-2024,6.39,117.2,,3.0,prime,Wallet,INDORE
ORD002598,CUST01765,DRV0480, Meru,21 Mar 2025,14.07,215.47,0.0,4.0, Sedan, UPI,Faridabad
ORD004938,CUST00598,DRV0046,InDrive,16-09-2024,1.09,58.35,0.0,5.0,pool,UPI,Kolkata
ORD003445,CUST02261,DRV0378,Namma Yatri,20-07-2023,4.41,109.46,0.0,4.0,Prime,Net Banking,Chandigarh
ORD002487,CUST02017,DRV0157,BluSmart,11-18-2023,2.02,61.64,51.56,4.0,SEDAN,Cash,MUMBAI
ORD004705,CUST01407,DRV0217,  BluSmart  ,02-13-2024,6.02,146.21,87.13,4.0,MINI,WALLET,Indore
ORD003214,CUST00081,DRV0177,Namma Yatri,20-07-2024,6.54,142.48,,1.0,XL,NET BANKING,Indore
ORD003529,CUST02111,DRV0214,Jugnoo,07-29-2025,8.41,110.5,0.0,4.0,Sedan,CASH,  Gurugram  
ORD000552,CUST01556,DRV0347, Meru,05/09/2025,6.49,141.8,,4.0,sedan,Net Banking,Chandigarh
ORD002777,CUST01461,DRV0133,Jugnoo,14-03-2023,21.89,394.32,,1.0,SEDAN,card,  Pune  
ORD004153,CUST01449,DRV0123,jugnoo,12/03/2024,24.05,370.02,0.0,3.0,SUV,Card,LUCKNOW
ORD002038,CUST00674,DRV0055,blusmart,16-06-2024,9.69,187.02,0.0,4.0,  Bike  ,  Net Banking  ,gurugram
ORD000400,CUST01424,DRV0396,Meru,15-03-2025,2.95,81.74,,3.0,prime,,Noida
ORD004245,CUST01911,DRV0141,BluSmart,05-19-2024,10.15,140.96,,2.0, Sedan, UPI,indore
ORD002172,CUST02796,DRV0005,Jugnoo,10-20-2025,12.95,167.15,61.25,5.0,  Pool  ,Net Banking,Indore
ORD002486,CUST01499,DRV0325, Namma Yatri,16-03-2025,6.46,129.42,,3.0,Pool, UPI, Lucknow
ORD004062,CUST00187,DRV0363,InDrive,18-10-2024,1.55,58.57,0.0,4.0, Prime,Wallet,
ORD004775,CUST00893,DRV0474,InDrive,2025/02/01,5.35,85.73,0.0,5.0,SEDAN,UPI,Hyderabad
ORD001265,CUST00023,DRV0300,uber,2025/10/28,3.41,96.36,,1.0,mini,UPI,LUCKNOW
ORD003876,CUST00178,DRV0498,UBER,17-08-2023,0.53,46.15,,5.0,POOL,Cash,CHANDIGARH
ORD001925,CUST00682,DRV0027,Jugnoo,,11.66,223.28,0.0,4.0,Mini,UPI,Pune
ORD004780,CUST00174,DRV0024,Uber,2025/12/20,514.29,-4557.52,,4.0,Mini,UPI,Hyderabad
ORD000297,CUST02542,DRV0209,Uber,11-05-2023,6.29,134.95,,5.0, Bike,  Card  , Indore
ORD004929,CUST01040,DRV0118,uber,2025/02/05,16.93,339.54,0.0,4.0,SUV,Card,Mumbai
ORD002921,CUST01514,DRV0369, Meru,2025/03/13,12.43,152.49,,5.0,Prime,NET BANKING,Chandigarh
ORD003754,CUST00201,,MERU,2025/04/18,10.68,182.55,0.0,4.0,xl,Net Banking, Lucknow
ORD001223,CUST00376,DRV0081,InDrive,28-04-2025,12.65,143.19,0.0,,xl,Cash,KOLKATA
ORD003189,CUST00071,DRV0355,uber,01-08-2023,18.66,236.97,,3.0,Mini,Cash,Pune
ORD000857,CUST02551,DRV0184,InDrive,2024/09/17,7.04,125.59,0.0,1.0,Prime,,PUNE
ORD002995,CUST01846,DRV0137,RAPIDO,06/12/2024,10.66,225.86,,2.0,Bike,Wallet, Noida
ORD003545,CUST01304,DRV0174,Uber,22-05-2025,8.49,163.93,75.35,,Mini,Cash,KOLKATA
ORD001731,CUST02292,DRV0113,ola,,7.61,151.12,25.1,1.0,Mini,Card,hyderabad
ORD004685,CUST00917,DRV0032,Uber,2024/12/05,,,,2.0, Auto,  UPI  ,Pune
ORD001653,CUST02307,DRV0500,Ola,02-03-2023,7.98,153.68,,4.0,,Card,jaipur
ORD003480,CUST02106,DRV0407,OLA,2024/03/26,14.87,233.55,0.0,2.0,Prime,Card,Ahmedabad
ORD001151,CUST00630,DRV0390,Jugnoo,01-11-2025,0.19,41.95,61.54,2.0,XL,Wallet,Pune
ORD000838,CUST00970,DRV0229,Ola,26-02-2023,21.64,401.62,0.0,4.0,mini, Card,Gurugram
ORD000893,CUST02394,DRV0229,Namma Yatri,15/10/2025,10.08,199.82,0.0,7.0,Bike,UPI,bhopal
ORD003317,CUST00987,DRV0003,Namma Yatri,07-12-2025,-2.86,30,,2.0,Sedan,UPI,FARIDABAD
ORD003156,CUST01736,DRV0410,BluSmart,2025/06/09,14.57,200.76,0.0,0.0,prime,net banking,noida
ORD004919,CUST01754,DRV0467,ola,14/08/2023,4.49,100.21,0.0,3.0,XL,Net Banking,Bangalore
ORD002771,CUST00273,DRV0041,Ola,26-12-2023,1.52,61.41,43.22,5.0,Bike,Net Banking, Jaipur
ORD003305,CUST00827,DRV0222,  Jugnoo  ,20-10-2025,2.39,74.83,45.41,1.0,Prime,CASH,
ORD001655,CUST02549,DRV0036,BLUSMART,06-12-2025,3.04,74.96,0.0,5.0,Auto,Card,Indore
ORD001545,CUST02229,DRV0389, Ola,18 Nov 2025,7.47,159.07,,2.0,XL, Cash,Faridabad
ORD001572,CUST00950,DRV0437,Meru,2025/12/03,2.56,-78.02,,2.0,XL,UPI,Hyderabad
ORD003477,CUST02011,DRV0087, Namma Yatri,2025/05/06,15.13,269.47,,2.0, XL,card,bangalore
ORD000541,CUST00634,DRV0225,Uber,05-10-2025,5.84,131.2,0.0,4.0,Sedan,WALLET,Gurugram
ORD002195,CUST01680,DRV0482,blusmart,08-26-2024,5.69,93.89,0.0,1.0, Mini,NET BANKING,Bangalore
ORD001337,CUST00397,DRV0209,Jugnoo,,5.0,123.98,50.98,4.0,Bike,cash,  Delhi  
ORD002173,CUST02609,DRV0072, Meru,2023/07/07,,,,1.0,Mini,net banking,  Hyderabad  
ORD000889,CUST01551,DRV0242,InDrive,04-07-2025,18.82,223.8,,4.0,sedan,UPI,indore
ORD002030,CUST01685,DRV0224,,12-12-2024,10.48,148.47,0.0,4.0,xl,Card,Hyderabad
ORD002612,CUST01137,DRV0413,INDRIVE,25 Aug 2024,9.02,151.59,,, Prime,Card,Chennai
ORD000460,CUST02013,DRV0127,BluSmart,00-00-0000,11.31,157.31,,1.0,auto,Cash,  Jaipur  
ORD002215,CUST02562,DRV0494,MERU,01-15-2024,6.62,0,19.11,1.0,Auto,net banking,  Faridabad  
ORD004007,CUST02579,DRV0068,BluSmart,19/04/2023,10.77,193.96,,4.0,XL,UPI,HYDERABAD
ORD000662,CUST02268,DRV0437,Namma Yatri,12 Apr 2023,8.93,158.43,0.0,2.0,  Sedan  ,UPI,Chennai
ORD001463,CUST00029,DRV0398,Ola,,8.1,178.53,0.0,5.0,MINI,UPI,Lucknow
ORD002114,CUST01583,DRV0279,MERU,06-03-2023,15.31,259.96,0.0,1.0,Mini,Card,  Bhopal  
ORD002982,CUST00970,DRV0124,UBER,28-10-2023,19.27,269.36,0.0,4.0,  Prime  ,Card, Faridabad
ORD004911,CUST00420,DRV0213, Ola,11-03-2024,8.2,107.62,0.0,,SUV,UPI,  Indore  
ORD000701,CUST01238,DRV0481,Meru,00-00-0000,10.14,184.21,,2.0,Bike,UPI,Faridabad
ORD001349,CUST02664,DRV0108,rapido,,10.56,139.26,,4.0,sedan,UPI,NOIDA
ORD001962,CUST01552,DRV0460,blusmart,10/12/2023,4.56,100.55,0.0,2.0,AUTO,Cash,JAIPUR
ORD002202,CUST02139,DRV0087,namma yatri,07-17-2024,4.88,97.75,20.2,2.0,SUV,Net Banking,JAIPUR
ORD003227,CUST00109,DRV0372,Rapido,26/06/2024,15.37,242.81,,4.0,prime,CARD, Gurugram
ORD003894,CUST01282,DRV0360,Ola,17/07/2023,12.21,156.58,,3.0,  Auto  ,WALLET,Ahmedabad
ORD000815,CUST02442,DRV0222,namma yatri,00-00-0000,6.49,152.33,0.0,1.0,Pool,net banking,Gurugram
ORD000823,CUST01198,DRV0424,OLA,23-03-2025,12.4,206.62,0.0,2.0, XL, UPI,Indore
ORD002794,CUST01818,DRV0402,Rapido,00-00-0000,14.87,171.7,,4.0,Mini,  Cash  ,Mumbai
ORD004385,CUST02684,DRV0449,Rapido,30-05-2023,13.89,237.68,,2.0,auto,Wallet,Mumbai
ORD001533,CUST02177,DRV0223,Meru,00-00-0000,6.64,118.27,0.0,3.0,  SUV  ,CARD,MUMBAI
ORD003518,CUST01047,DRV0366,ola,12/04/2025,12.23,143.57,0.0,2.0,pool,Card,Kolkata
ORD004161,CUST01355,DRV0154,BLUSMART,2025/01/16,,,0.0,5.0,PRIME,net banking,LUCKNOW
ORD003439,CUST02352,DRV0412,blusmart,12 Feb 2024,11.14,177.54,,4.0,suv,Card,  Bhopal  
ORD003173,CUST00202,DRV0390,JUGNOO,00-00-0000,10.26,122.84,,1.0,Auto,  UPI  ,Hyderabad
ORD004292,CUST00205,DRV0452,Meru,10-31-2024,9.13,150.87,,5.0,SUV,  UPI  ,Chandigarh
ORD003252,cust00076,DRV0342,  Ola  ,02-01-2023,11.14,-157.71,89.95,3.0,Mini,UPI, Bhopal
ORD003509,CUST00612,DRV0239,NAMMA YATRI,23-12-2025,13.62,163.72,0.0,5.0,Bike,UPI,Kolkata
ORD001792,CUST02509,DRV0491,Rapido,13/04/2025,10.31,205.63,0.0,4.0, Auto,  Card  ,Pune
ORD001216,CUST01622,DRV0403,Uber,2023/09/05,,,,5.0,suv,Wallet,Pune
ORD003267,CUST00078,DRV0426,Meru,07 Jan 2023,5.8,105.21,64.87,5.0,Bike,WALLET,pune
ORD001061,CUST01690,DRV0299,  Ola  ,13 Oct 2025,9.67,0,79.61,5.0, SUV,net banking,Faridabad
ORD001829,CUST00640,DRV0100,Uber,05-06-2023,14.7,178.44,0.0,4.0,POOL,Cash,Gurugram
ORD002843,CUST02977,DRV0424,Jugnoo,2025/03/04,15.66,166.7,0.0,3.0,Auto,  UPI  ,Bangalore
ORD003421,CUST02738,DRV0094,JUGNOO,09/06/2025,2.85,65.35,63.84,2.0,AUTO,Card,Hyderabad
ORD003283,CUST01254,DRV0385,InDrive,02-20-2024,20.89,324.09,56.47,2.0,auto,cash,Noida
ORD004155,CUST00026,DRV0388,  InDrive  ,2024/07/02,2.87,75.63,,4.0,XL,  UPI  ,Jaipur
ORD003584,CUST00318,DRV0306,  InDrive  ,12-14-2025,19.4,217.99,0.0,0.0,PRIME,  Cash  ,chandigarh
ORD002505,CUST01260,DRV0321,NAMMA YATRI,00-00-0000,5.83,119.28,,5.0,prime,Cash,Kolkata
ORD004726,CUST02963,DRV0495,jugnoo,22-08-2023,19.47,305.94,,3.0,suv,card, Bhopal
ORD000846,CUST02781,DRV0469,Meru,05/07/2024,4.3,110.24,0.0,5.0,Pool,wallet,Ahmedabad
ORD003429,CUST01512,DRV0308,Ola,20-11-2023,15.9,276.86,,4.0,suv,Net Banking, Pune
ORD004665,CUST00816,DRV0266,Jugnoo,2024/04/19,8.34,0,,2.0,mini,cash,LUCKNOW
ORD001142,CUST01209,DRV0250,BluSmart,05/06/2025,10.0,200.18,,3.0,sedan, UPI,Hyderabad
ORD000180,CUST02602,DRV0426,RAPIDO,,23.13,448.01,0.0,3.0,SUV,UPI,Bhopal
ORD000665,CUST01484,DRV0231,Rapido,11-11-2023,23.31,361.55,,5.0,Auto,Net Banking,Hyderabad
ORD003108,CUST01826,DRV0092,Jugnoo,2024/05/31,,,,1.0,  XL  ,card,Delhi
ORD003691,CUST00336,DRV0237, Ola,07-09-2025,6.06,-136.71,,2.0, Prime,  Cash  ,ahmedabad
ORD001942,CUST00162,DRV0241,Meru,00-00-0000,7.04,96.99,0.0,1.0,SUV,CARD,Jaipur
ORD004663,CUST02836,DRV0401,BluSmart,2025/11/17,0.82,51.54,32.49,5.0,Auto,UPI,bangalore
ORD000236,CUST01819,DRV0014,Rapido,,2.36,70.49,,4.0, Pool,Cash,noida
ORD004805,CUST01631,DRV0112,Uber,2023/11/06,10.9,234.97,0.0,3.0,Sedan,Net Banking,Bhopal
ORD002658,CUST00246,DRV0496,Jugnoo,2024/09/25,8.88,177.32,,2.0,xl, Wallet,Delhi
ORD000605,CUST00274,DRV0033,meru,03-07-2025,1.41,63.52,13.11,3.0,XL,Net Banking, Chandigarh
ORD000066,CUST01879,DRV0486,meru,2023/08/29,8.46,149.67,53.46,4.0,XL,UPI,  Noida  
ORD004246,CUST00989,DRV0317,Uber,22-07-2024,3.93,82.9,,3.0,Bike,Net Banking,Bhopal
ORD002130,CUST01158,DRV0270,MERU,27-02-2025,22.05,376.33,,1.0,Bike,Net Banking,Bangalore
ORD002313,CUST00708,DRV0051,ola,11-26-2025,4.41,0,0.0,3.0, Sedan,  Card  ,Kolkata
ORD001516,CUST00762,DRV0347,jugnoo,10-14-2023,7.1,116.26,16.04,2.0,Sedan,cash,Chennai
ORD002078,CUST02742,DRV0332,Uber,21 Jan 2024,4.3,82.25,83.81,1.0,SUV,Cash,Bangalore
ORD000006,CUST00705,DRV0229,BluSmart,12-11-2025,19.12,363.7,0.0,, Auto,Wallet,KOLKATA
ORD004867,CUST02739,DRV0311,blusmart,00-00-0000,1.22,56.09,,4.0, Sedan,CASH,kolkata
ORD002132,CUST01640,DRV0276,blusmart,00-00-0000,10.28,148.98,94.23,1.0,bike, Cash,  Jaipur  
ORD004918,CUST00752,DRV0156,Jugnoo,,5.6,132.41,,4.0,Auto,NET BANKING,  Hyderabad  
ORD004855,CUST01878,DRV0005,Meru,13-09-2023,13.99,172.27,,4.0,  Mini  ,  Cash  ,AHMEDABAD
ORD003672,CUST01818,DRV0236, Meru,09-09-2024,10.17,155.4,0.0,5.0,Auto,,Jaipur
ORD004083,CUST01764,DRV0184,  Meru  ,2023/06/23,1.69,62.64,0.0,5.0,AUTO,  Cash  ,Delhi
ORD000429,CUST02443,DRV0418,ola,2024/03/16,4.56,112.04,11.99,4.0,Prime,CASH,Hyderabad
ORD002922,CUST02687,DRV0316,  InDrive  ,11-01-2024,6.95,127.69,39.72,2.0,  Pool  ,UPI,Chandigarh
ORD000473,CUST01380,DRV0138,Namma Yatri,03-19-2025,10.65,0,0.0,4.0,prime,Cash,Faridabad
ORD004148,CUST01842,DRV0261,Namma Yatri,00-00-0000,5.58,129.07,0.0,3.0,XL,Wallet,CHENNAI
ORD000362,CUST02595,DRV0202,BluSmart,,0.22,42.32,,1.0,MINI,Net Banking, Bangalore
ORD004917,CUST00963,DRV0245,MERU,01/09/2023,9.98,156.62,71.37,4.0,prime,cash,Ahmedabad
ORD003821,CUST02350,DRV0252,  Meru  ,22/10/2024,12.7,169.39,-32.9,2.0,PRIME, Card,Lucknow
ORD000268,CUST02305,,Jugnoo,29/04/2023,7.95,128.47,0.0,4.0,Auto,CASH, Indore
ORD000437,CUST01836,DRV0494,InDrive,,6.73,156.99,,1.0,XL, Card,Bhopal
ORD000302,CUST00424,DRV0280,uber,12/11/2025,6.85,139.01,,2.0,Pool,  Card  ,Delhi
ORD001425,CUST02600,DRV0086,Rapido,10-05-2023,,,0.0,2.0,Sedan,CASH,Faridabad
ORD004674,CUST00539,DRV0305,Namma Yatri,27/08/2025,14.59,262.84,,3.0,bike,card,kolkata
ORD002117,CUST00605,DRV0245, Namma Yatri,27/10/2023,6.16,108.4,,1.0,XL,WALLET,  Ahmedabad  
ORD002229,CUST02529,DRV0236,jugnoo,2024/10/21,7.81,104.07,14.14,3.0,Auto,net banking,CHANDIGARH
ORD001178,CUST02884,DRV0229,blusmart,2023/07/30,11.27,164.59,0.0,4.0,Auto,cash, Hyderabad
ORD002818,CUST02865,DRV0197,INDRIVE,25-12-2023,12.58,183.16,0.0,4.0,Pool,, Chennai
ORD000157,CUST02584,DRV0301, Uber,2023/07/06,14.64,270.3,0.0,2.0,SUV,Wallet, Chandigarh
ORD002821,CUST01068,DRV0161,Namma Yatri,03-18-2023,16.23,Rs 171.45,,3.0,  SUV  ,Net Banking,  Chennai  
ORD002514,CUST01868,DRV0251, Meru,00-00-0000,14.04,251.56,0.0,2.0,XL,Net Banking,Chandigarh
ORD004579,CUST01878,DRV0043,Namma Yatri,28-10-2025,20.86,246.5,0.0,3.0,MINI,Card,KOLKATA
ORD004836,CUST00556,DRV0288,  BluSmart  ,10-01-2024,0.05,40.74,95.8,3.0,MINI,Card,BHOPAL
ORD000411,CUST00241,DRV0122,BluSmart,05-08-2023,3.85,81.11,46.06,2.0,SUV,UPI, Bhopal
ORD000975,CUST00143,DRV0150,InDrive,00-00-0000,2.44,82.68,,3.0,pool,UPI,Indore
ORD000981,CUST02457,DRV0277,INDRIVE,09-01-2023,9.43,203.71,60.34,4.0,,  Net Banking  ,Noida
ORD001608,CUST00058,DRV0459,InDrive,21-08-2023,10.35,182.3,0.0,3.0,auto,wallet,delhi
ORD001983,CUST01843,DRV0410,Ola,2024/01/12,,Rs nan,,2.0,Mini,Wallet,Noida
ORD002926,CUST00974,DRV0023,BluSmart,00-00-0000,9.22,128.94,,4.0,SUV,Card,Faridabad
ORD002152,CUST01683,DRV0179,  Uber  ,17 Apr 2023,15.63,217.72,,4.0,Bike, UPI,delhi
ORD004475,CUST01863,DRV0122,rapido,00-00-0000,9.87,121.57,,4.0, Pool,UPI,pune
ORD003563,CUST01373,DRV0206,uber,02-24-2024,11.54,156.98,11.79,8.0,Bike,UPI,KOLKATA
ORD004116,CUST02780,DRV0117,Uber,18-02-2024,4.96,115.46,,5.0,Auto,UPI,Chandigarh
ORD000413,,DRV0129,,09-07-2025,0.96,55.77,,2.0,SUV,Cash,Noida
ORD000653,CUST01775,DRV0007,  Meru  ,09/11/2024,7.4,135.26,0.0,3.0,POOL,,Chandigarh
ORD004983,CUST01797,DRV0439,uber,2025/10/26,8.93,179.45,0.0,5.0,SEDAN,UPI,  Delhi  
ORD000341,CUST00975,DRV0093,jugnoo,01-04-2025,6.08,,,1.0,Prime,net banking, Noida
ORD001688,CUST00377,DRV0279,Namma Yatri,08-03-2024,10.03,135.94,0.0,1.0,Mini,UPI, Noida
ORD002539,CUST02587,DRV0290,ola,2024/09/13,24.56,444.16,0.0,4.0,  Bike  ,net banking,Ahmedabad
ORD003685,CUST02933,DRV0195,Rapido,28 Aug 2025,4.03,84.26,,2.0,  Auto  ,Wallet,Mumbai
ORD000540,CUST02379,DRV0120,MERU,01-21-2024,3.35,93.39,20.6,1.0,POOL,Cash,kolkata
ORD003703,CUST02926,DRV0109,Jugnoo,23 Apr 2023,9.26,129.83,95.45,4.0,XL,NET BANKING,Chennai
ORD000426,CUST02231,DRV0454,Rapido,,17.25,199.16,,4.0,bike,UPI,KOLKATA
ORD000017,CUST01576,DRV0039,Ola,2024/08/14,9.71,174.29,,4.0,XL,CASH,  Bhopal  
ORD001194,CUST02329,DRV0191,indrive,26-08-2025,-9.97,30,41.66,4.0,AUTO,UPI,INDORE
ORD000444,CUST02978,DRV0304,Meru,2024/05/26,4.22,98.29,0.0,3.0,xl,wallet,Kolkata
ORD002998,CUST01481,DRV0242,ola,11-11-2025,6.81,94.72,33.31,1.0,Bike,Wallet,noida
ORD003401,CUST02891,DRV0158,UBER,07-15-2023,18.93,231.32,0.0,5.0,suv,  UPI  , Bhopal
ORD001683,CUST02500,DRV0457,JUGNOO,02-10-2023,11.32,182.38,0.0,5.0,Sedan,Cash,Noida
ORD000754,CUST01631,DRV0143,Rapido,05-08-2023,8.81,159.82,0.0,4.0,Mini,Card,Bhopal
ORD003405,CUST02205,DRV0055,InDrive,08-08-2025,5.79,,,1.0,prime,,FARIDABAD
ORD003302,CUST02102,DRV0174,Rapido,07/03/2025,9.02,113.4,,1.0,  Bike  ,NET BANKING,Indore
ORD003471,CUST00056,DRV0187,InDrive,2023/05/03,6.48,123.83,0.0,4.0,Sedan,Net Banking,Gurugram
ORD002268,CUST00358,DRV0417,ola,03-18-2024,3.79,92.98,,4.0,MINI,card,  Chennai  
ORD003153,CUST01404,DRV0490,InDrive,2024/06/21,4.32,113.63,62.53,5.0,mini, Net Banking,AHMEDABAD
ORD004942,CUST02582,DRV0346,  Meru  ,09-28-2025,14.9,243.63,0.0,4.0,,wallet,Indore
ORD004853,CUST01574,DRV0244,BLUSMART,11 Sep 2023,12.61,238.45,,4.0,Prime,wallet,Hyderabad
ORD002319,CUST00093,DRV0055,uber,2024/03/15,,,96.64,1.0,XL,,PUNE
ORD001836,CUST02997,DRV0328,namma yatri,10-01-2024,3.57,102.74,0.0,2.0, XL,Card,ahmedabad
ORD004205,CUST01799,DRV0153, Uber,00-00-0000,14.88,233.21,,3.0,SUV,UPI,Lucknow
ORD003654,CUST00540,DRV0038,BluSmart,02/05/2024,15.79,279.67,,5.0, SUV,Cash,noida
ORD001673,CUST01183,DRV0174,  InDrive  ,2025/01/28,16.24,252.27,0.0,2.0,prime,net banking,lucknow
ORD000587,CUST01567,DRV0292, Rapido,30-12-2023,8.83,153.43,0.0,5.0,SUV,card,Bangalore
ORD000363,CUST01165,DRV0477, Meru,18-02-2023,17.05,332.06,0.0,1.0,MINI,WALLET,Mumbai
ORD004047,CUST02749,DRV0182,  Ola  ,07/03/2025,12.36,200.06,51.07,1.0,prime,Net Banking,JAIPUR
ORD004999,CUST02508,DRV0013,Jugnoo,17-02-2023,6.77,148.66,,4.0,  Sedan  ,Cash,  Chandigarh  
ORD004059,CUST01561,DRV0011,Ola,2025/02/12,20.56,390.59,0.0,5.0,MINI,Cash,  Pune  
ORD004923,CUST01764,DRV0171,Meru,24-03-2023,6.94,134.75,83.38,2.0,Sedan,NET BANKING,Jaipur
ORD003726,CUST02292,DRV0129,InDrive,02-02-2025,6.13,148.31,26.91,4.0,Auto,, Faridabad
ORD002916,CUST01442,DRV0169,Meru,19-04-2024,3.6,100.06,,1.0,Pool,  Net Banking  ,bhopal
ORD003209,CUST02722,DRV0484,Ola,02-06-2024,12.0,208.41,,2.0, Auto,card,chandigarh
ORD001001,CUST01935,DRV0403,  Rapido  ,02/10/2023,2.41,70.11,0.0,2.0,Prime,Net Banking,chandigarh
ORD001321,CUST01510,DRV0011,NAMMA YATRI,02-09-2023,14.15,221.2,,1.0,Mini,UPI,Gurugram
ORD002282,CUST02710,DRV0188,INDRIVE,2025/01/03,15.89,240.98,,5.0,Pool,Cash,Bangalore
ORD001076,CUST01614,DRV0459,Uber,08-06-2024,1.46,52.8,,1.0,Pool,net banking,Faridabad
ORD001412,CUST02642,DRV0138,Ola,11 Apr 2024,0.01,40.11,77.14,2.0,Mini,Card,AHMEDABAD
ORD000213,CUST01575,DRV0194,ola,2024/09/09,10.36,0,0.0,4.0,mini,CARD,Noida
ORD000132,CUST01168,DRV0151,JUGNOO,23 Jul 2023,3.3,68.61,0.0,3.0,AUTO,UPI,Indore
ORD002560,CUST01990,DRV0007,MERU,12-01-2024,2.96,84.05,0.0,1.0,Sedan,NET BANKING,Bangalore
ORD001780,CUST02401,DRV0117,,04/07/2023,7.81,164.08,31.37,5.0, Sedan,Wallet,Jaipur
ORD002378,CUST01597,DRV0097, Jugnoo,10-31-2023,6.52,134.1,65.73,4.0,Pool,  Cash  ,Indore
ORD003246,CUST00612,DRV0110,  Jugnoo  ,2023/05/25,3.23,89.11,0.0,1.0, Bike,cash,  Gurugram  
ORD001786,CUST02016,DRV0032,INDRIVE,00-00-0000,7.59,123.04,0.0,5.0,  Auto  ,Cash,jaipur
ORD001563,CUST00979,DRV0150,Rapido,11-26-2025,-3.09,30,,5.0,Mini, Net Banking,hyderabad
ORD001157,CUST00623,DRV0488,InDrive,10-18-2024,12.43,159.48,0.0,4.0,SUV,UPI, Delhi
ORD004429,CUST01145,DRV0355,Namma Yatri,00-00-0000,8.85,177.42,0.0,5.0,xl,card,Hyderabad
ORD000192,CUST00313,DRV0168,Meru,00-00-0000,6.11,136.79,0.0,4.0,Auto,Wallet,Indore
ORD004050,CUST02999,DRV0318,UBER,2025/10/01,0.8,53.83,,2.0,Mini,CASH,Noida
ORD003427,CUST00162,DRV0197,Uber,18 Apr 2023,0.5,46.42,,4.0,Sedan,Card,GURUGRAM
ORD000080,CUST00950,DRV0134,Uber,2024/10/24,7.78,103.7,0.0,0.0,Mini,  Cash  ,KOLKATA
ORD004681,CUST01095,DRV0309,rapido,2023/11/27,14.02,175.36,,1.0, Pool,Card,Mumbai
ORD000559,CUST00764,DRV0003,ola,24/10/2024,5.52,120.68,,5.0,suv,Wallet,indore
ORD002636,CUST00891,DRV0075,  Uber  ,2023/09/11,10.17,133.13,,,SEDAN,UPI, Gurugram
ORD004526,CUST02261,DRV0296,Jugnoo,,12.11,247.02,,1.0, Sedan,UPI,  Lucknow  
ORD002227,CUST01809,DRV0342,Meru,22-10-2024,0.63,48.04,,2.0,POOL, Card,hyderabad
ORD001318,,DRV0354,NAMMA YATRI,18/01/2024,16.57,312.47,0.0,3.0,Pool,WALLET,
ORD003336,CUST02366,DRV0074,InDrive,16-12-2023,6.84,160.06,,5.0,Sedan,  UPI  ,noida
ORD003443,,DRV0423,Meru,2024/10/29,13.65,155.19,,1.0,  Sedan  ,  Net Banking  ,Mumbai
ORD004131,CUST01625,DRV0238,Rapido,23-12-2025,7.91,171.28,,2.0, Sedan,Net Banking,Delhi
ORD004561,CUST00011,DRV0476,BluSmart,,4.15,110.38,12.88,4.0, Pool,CASH,GURUGRAM
ORD002481,CUST01796,DRV0241,  Namma Yatri  ,2024/05/21,6.4,-142.24,0.0,5.0,PRIME,Card,Pune
ORD001904,CUST00934,DRV0298,UBER,07-26-2024,5.56,96.8,,1.0,Sedan,Card,Kolkata
ORD001525,CUST01453,DRV0298,namma yatri,11 Mar 2024,3.91,73.45,,3.0,BIKE,  Wallet  ,ahmedabad
ORD003301,CUST01153,DRV0297,MERU,28-09-2025,5.24,,,3.0,SUV,UPI,Indore
ORD004390,CUST01536,DRV0038, Jugnoo,,5.28,123.99,65.86,1.0,SUV,UPI,Pune
ORD002783,CUST01675,DRV0242,JUGNOO,2025/08/05,13.27,188.29,83.15,5.0,XL,Net Banking, Lucknow
ORD002352,CUST00537,DRV0135, InDrive,12-13-2024,11.25,,0.0,2.0,Mini,Wallet, Faridabad
ORD003190,CUST01103,DRV0421,Meru,07-02-2025,12.75,167.15,,1.0,Bike,Card,GURUGRAM
ORD004887,,DRV0030,OLA,03-15-2024,13.37,227.79,15.16,,XL,wallet,Indore
ORD003182,CUST01159,DRV0097, Meru,01-22-2023,7.76,141.3,0.0,4.0,XL,UPI,Hyderabad
ORD001987,CUST00090,DRV0454,rapido,05-30-2024,16.77,282.33,50.51,1.0,  Pool  ,Cash,CHANDIGARH
ORD004300,CUST02019,DRV0379,  Rapido  ,2025/03/31,13.04,265.31,0.0,2.0,Mini,Wallet,Mumbai
ORD000392,CUST01921,DRV0271,Namma Yatri,03 Jun 2023,14.64,284.17,73.91,4.0,Auto,Card,
ORD000973,CUST00039,DRV0098,Rapido,29/12/2025,11.39,194.06,94.38,4.0,AUTO,Wallet,Gurugram
ORD000657,CUST02534,DRV0292,Namma Yatri,27-06-2024,4.77,79.49,20.16,1.0,mini,Wallet,chandigarh
ORD000084,CUST00750,,BLUSMART,19-11-2025,0.99,54.47,30.48,2.0,Auto,Wallet,Hyderabad
ORD001575,CUST02795,DRV0132,Meru,,8.35,138.4,,4.0,Bike,Card,  Gurugram  
ORD003761,CUST00061,DRV0460,BluSmart,2024/01/16,23.04,392.96,25.07,1.0,Prime,CASH,Bangalore
ORD000089,CUST00724,DRV0463,  BluSmart  ,21/07/2024,13.12,227.05,0.0,5.0,Auto,Wallet,Delhi
ORD000074,CUST02534,DRV0100,Rapido,2024/02/28,5.01,128.67,,1.0,bike,  Cash  ,delhi
ORD004537,CUST00286,DRV0478,Rapido,24/01/2025,19.21,344.47,0.0,5.0, Bike,UPI, Jaipur
ORD002063,CUST01299,DRV0406,Rapido,26-05-2024,1.35,50.88,,5.0, Auto,cash, Lucknow
ORD000083,CUST02288,DRV0403,jugnoo,2024/07/01,17.27,242.21,0.0,1.0,XL,NET BANKING,BHOPAL
ORD003342,CUST01758,DRV0191,MERU,2023/05/10,12.02,174.7,,1.0, Bike,wallet,lucknow
ORD000976,CUST00424,DRV0346,Namma Yatri,,13.59,187.48,0.0,2.0,SUV,UPI,  Jaipur  
ORD002201,CUST02163,DRV0268,  Rapido  ,17-08-2025,11.52,229.55,0.0,,Prime,cash,chennai
ORD004930,CUST00639,DRV0204,Jugnoo,13-09-2024,9.64,151.66,0.0,,AUTO,UPI,Ahmedabad
ORD002706,CUST02837,DRV0201, Uber,09-04-2024,12.96,191.85,9.67,1.0,Pool,UPI,Chandigarh
ORD001716,CUST01749,DRV0349,Rapido,28 Jan 2025,7.79,124.21,,1.0,  SUV  ,UPI,Noida
ORD001511,CUST01357,DRV0151,Meru,24-09-2025,3.23,86.39,,4.0,Mini,  Card  ,Ahmedabad
ORD002811,CUST01195,DRV0054,Ola,01-05-2024,0.51,47.97,,2.0,SUV,Card,Noida
ORD000964,CUST02214,DRV0107,indrive,23-09-2023,2.26,72.61,,1.0,SEDAN, UPI,bangalore
ORD002112,CUST00895,DRV0101,Meru,30 Jan 2025,4.8,106.34,0.0,1.0,Bike,Net Banking,  Kolkata  
ORD003667,CUST02996,DRV0406,BluSmart,10-30-2023,0.77,46.82,0.0,1.0,Bike,Net Banking,Pune
ORD000574,CUST02966,DRV0393,UBER,07-10-2023,3.16,96.45,,3.0, Mini,Cash,Indore
ORD000447,CUST00477,DRV0419,Namma Yatri,2023/07/28,3.75,104.5,,4.0,Pool,card,Lucknow
ORD004861,CUST02609,DRV0131,Namma Yatri,2024/04/28,0.81,52.12,,1.0,Mini,Card,NOIDA
ORD004102,CUST02812,DRV0266,  Uber  ,03-10-2025,8.56,132.41,0.0,4.0,Bike,NET BANKING,Mumbai
ORD003259,CUST02866,DRV0189,indrive,08/01/2023,6.13,128.84,0.0,1.0,XL,UPI,hyderabad
ORD002816,CUST01943,DRV0364,BluSmart,11/12/2025,13.22,235.8,35.13,2.0,Auto,CASH,Bangalore
ORD002939,CUST00505,DRV0258,Meru,,1.28,55.66,,4.0,, Card,Mumbai
ORD003250,CUST00039,DRV0452,INDRIVE,2025/10/16,5.24,82.94,,4.0,sedan,Wallet,AHMEDABAD
ORD000417,CUST02223,DRV0438,RAPIDO,09-05-2023,13.49,266.23,0.0,4.0,BIKE,card,Jaipur
ORD002115,CUST01147,DRV0261, InDrive,07/11/2024,3.3,88.33,56.54,4.0,SUV,Net Banking,
ORD001761,CUST00781,DRV0038,namma yatri,11-11-2025,3.71,98.25,,2.0, Sedan,Card, Faridabad
ORD001631,CUST01653,DRV0377,INDRIVE,00-00-0000,14.07,166.48,0.0,3.0,Pool,Net Banking, Hyderabad
ORD000891,CUST01212,DRV0228,Rapido,14-10-2023,12.34,214.25,0.0,4.0,Mini,  Net Banking  ,Kolkata
ORD004522,CUST00719,DRV0174,Jugnoo,00-00-0000,12.91,158.72,0.0,3.0,Auto,Cash,jaipur
ORD001513,,DRV0015,indrive,00-00-0000,2.41,60.88,,1.0,Sedan,Wallet,Delhi
ORD004170,,DRV0246,OLA,2023/05/12,22.66,383.8,0.0,,Mini,Card,JAIPUR
ORD000283,CUST00375,DRV0113,BluSmart,11/12/2024,11.58,146.99,,3.0,Bike,  Net Banking  ,Chandigarh
ORD003965,CUST02483,DRV0022,BluSmart,00-00-0000,20.41,378.67,0.0,9.0,  Prime  ,Card,bhopal
ORD000544,CUST01210,DRV0009,Jugnoo,01 Oct 2025,5.96,91.71,0.0,2.0,mini,  Cash  ,pune
ORD002062,CUST00352,DRV0310,uber,19-03-2025,1.6,60.46,,5.0,SEDAN,UPI,Delhi
ORD002731,,DRV0485,BluSmart,,10.47,210.91,,4.0, Auto,UPI,LUCKNOW
ORD002736,CUST01445,DRV0249,meru,13-10-2025,13.88,0,53.61,2.0,prime,UPI,
ORD004002,CUST02496,DRV0136,rapido,15-10-2025,10.82,164.28,,5.0,Bike,net banking,noida
ORD004634,CUST00461,DRV0199,BluSmart,07-08-2025,12.09,185.07,,4.0,Pool,cash,  Mumbai  
ORD004715,CUST00546,DRV0139,UBER,07/02/2023,10.52,221.84,,5.0,SUV,card,Ahmedabad
ORD001518,CUST01353,DRV0316,uber,2024/06/23,16.36,305.1,0.0,1.0,PRIME,wallet,JAIPUR
ORD002664,CUST02624,DRV0187,Jugnoo,20-02-2024,21.53,391.38,,1.0,Mini,UPI,  Pune  
ORD000224,CUST01542,DRV0282,Ola,2023/08/19,8.77,146.04,0.0,2.0,suv,WALLET,KOLKATA
ORD003159,CUST02428,DRV0246,  Ola  ,,9.66,203.02,,2.0,Mini,wallet,Chennai
ORD003114,CUST00585,DRV0239,Ola,17/08/2023,25.36,262.05,0.0,5.0,  Pool  , UPI,Pune
ORD002095,CUST01550,DRV0246,Jugnoo,16-01-2024,2.82,64.94,0.0,5.0,PRIME,CARD,kolkata
ORD001886,CUST01224,DRV0018, Ola,28-10-2024,5.03,122.98,,3.0,Bike,  Net Banking  ,  Delhi  
ORD001943,CUST02719,DRV0397,  Meru  ,06-11-2024,1.44,62.46,,3.0,bike,NET BANKING,JAIPUR
ORD000441,CUST01345,DRV0377,Jugnoo,05 Mar 2023,0.13,41.45,0.0,1.0,SUV,Card,Jaipur
ORD004201,CUST00932,DRV0271,Jugnoo,00-00-0000,6.23,90.32,,5.0,SUV,Card,Noida
ORD003201,CUST01762,DRV0235,  Jugnoo  ,2023/09/07,11.08,167.08,0.0,,Prime,cash,Indore
ORD002058,CUST02342,DRV0434,Meru,02-04-2025,14.0,231.53,,1.0,Pool,Cash,Delhi
ORD004021,CUST01725,DRV0038,Namma Yatri,,5.01,101.66,63.35,2.0,SUV,Wallet,HYDERABAD
ORD002133,CUST02835,DRV0448,Ola,10-03-2023,9.81,153.61,,4.0,Auto,UPI,delhi
ORD003751,CUST00084,DRV0233,Meru,08 Feb 2025,6.44,,,4.0,BIKE, Net Banking,NOIDA
ORD001781,,DRV0138,  Meru  ,05-08-2024,9.89,209.09,,5.0,MINI,UPI,LUCKNOW
ORD004334,CUST01408,DRV0159,  Jugnoo  ,,11.33,201.31,60.97,1.0,SEDAN,,Ahmedabad
ORD004441,CUST02931,DRV0445,indrive,11 Jan 2024,2.05,70.81,15.32,4.0,Sedan,Card,Mumbai
ORD003351,CUST01136,DRV0196,BluSmart,12-03-2024,15.38,190.84,36.26,1.0,Mini,Wallet,Chennai
ORD004073,CUST00258,DRV0125,namma yatri,26-05-2025,11.26,154.76,,4.0,SUV,Net Banking,FARIDABAD
ORD004482,CUST02443,DRV0046,InDrive,06-08-2023,6.15,129.52,0.0,2.0,MINI, UPI,MUMBAI
ORD003247,CUST02314,DRV0130,InDrive,00-00-0000,11.88,200.04,75.82,4.0,Mini,Cash,Chennai
ORD002187,CUST01992,DRV0423,Jugnoo,2023/02/13,14.65,219.89,0.0,,Auto,UPI,Hyderabad
ORD000764,CUST02441,DRV0451, InDrive,19-12-2023,12.57,171.66,,1.0,Auto,  Cash  ,pune
ORD000336,CUST02620,DRV0006, Rapido,2023/04/18,12.41,153.34,,,Bike,  Wallet  , Faridabad
ORD002688,CUST01738,DRV0339,ola,15-12-2024,7.53,152.08,,3.0,suv,Card,bangalore
ORD003846,CUST02400,DRV0256,Uber,25-12-2025,2.03,64.37,0.0,2.0,  Prime  ,Net Banking,
ORD003424,CUST00259,DRV0124,uber,17-07-2025,0.27,43.27,0.0,3.0,SUV,UPI,ahmedabad
ORD000593,CUST00386,DRV0424,BLUSMART,00-00-0000,13.01,222.4,,5.0,Sedan,UPI,HYDERABAD
ORD001801,CUST02189,DRV0001, Ola,2024/06/11,1.88,73.6,25.38,2.0, XL,  Cash  , Jaipur
ORD002667,CUST02286,DRV0110,  Rapido  ,26/01/2023,7.16,98.84,0.0,5.0,SUV,CARD,Noida
ORD004061,CUST01326,DRV0338,Namma Yatri,08-05-2024,4.37,101.51,6.92,2.0,mini,Cash,Hyderabad
ORD003607,CUST02829,DRV0212,Ola,05 Nov 2023,0.85,54.42,0.0,3.0, XL,net banking,Chennai
ORD000370,CUST02152,DRV0266,Uber,00-00-0000,17.32,259.86,9.89,,Bike,UPI,Pune
ORD003089,CUST00499,DRV0082,Namma Yatri,26 Aug 2024,0.06,40.57,,4.0,Mini,Card,Bangalore
ORD002824,CUST02954,DRV0177,RAPIDO,06-27-2025,7.62,132.28,,1.0,Prime,Wallet,  Bangalore  
ORD002601,CUST02095,DRV0242,uber,2025/11/23,9.49,200.21,0.0,,SUV,  Wallet  ,BHOPAL
ORD001640,CUST01032,DRV0103,OLA,20-10-2023,15.06,,,1.0,mini,Net Banking,Bhopal
ORD000860,CUST01475,DRV0500,Meru,10/02/2025,4.19,78.98,97.16,,  Prime  ,Wallet,noida
ORD004236,CUST01650,DRV0081, Namma Yatri,06-04-2024,15.03,276.11,35.39,5.0,mini,Cash,indore
ORD001503,CUST01972,DRV0191,Ola,01-06-2025,18.94,227.69,,1.0,Bike,CASH,Jaipur
ORD001672,CUST00360,DRV0460,Rapido,05-11-2025,0.73,49.06,0.0,5.0,sedan,  UPI  ,JAIPUR
ORD001176,CUST02259,DRV0120,UBER,15-10-2025,14.31,253.08,0.0,3.0,  SUV  ,  Card  ,Bangalore
ORD001649,CUST02703,DRV0414,Jugnoo,00-00-0000,,,0.0,4.0,  Mini  ,  Cash  ,Chennai
ORD003621,CUST02271,DRV0170,BluSmart,05-09-2023,15.59,293.64,74.09,3.0,Prime,WALLET,  Noida  
ORD004905,CUST02926,DRV0193,InDrive,2025/09/19,5.48,132.95,,5.0,Pool,UPI,Delhi
ORD002805,CUST01707,DRV0237,BLUSMART,06/10/2024,3.07,0,,2.0,MINI,UPI,mumbai
ORD002625,CUST01592,DRV0393,Ola,,4.9,105.84,35.51,5.0,bike,  UPI  ,Kolkata
ORD004519,CUST00716,DRV0397,Uber,03 Sep 2024,11.05,185.75,,4.0,Pool,Wallet,FARIDABAD
ORD004881,CUST00810,,RAPIDO,2023/06/17,-6.97,30,,5.0,,Wallet,LUCKNOW
ORD004269,CUST02184,DRV0451,Jugnoo,04-07-2023,8.25,174.32,0.0,2.0,SUV,Cash,chennai
ORD004542,CUST01814,DRV0228,  Jugnoo  ,24 Mar 2023,4.61,119.81,0.0,1.0,Bike,  Wallet  ,Gurugram
ORD000320,CUST01636,DRV0331, Uber,15 Jan 2025,3.83,99.62,,4.0,Prime,  Card  ,noida
ORD002564,CUST00732,DRV0282,OLA,00-00-0000,8.98,130.98,0.0,4.0,Bike,net banking,lucknow
ORD004627,CUST00848,DRV0422, Rapido,12/09/2025,14.32,294.99,,5.0,Bike,UPI,Bhopal
ORD002652,CUST00287,DRV0216,ola,2023/11/29,4.21,102.41,0.0,3.0, Pool,Wallet,Pune
ORD003326,CUST01916,DRV0119,Namma Yatri,23-08-2025,15.29,253.39,34.75,4.0,Sedan,card,Bhopal
ORD004078,,DRV0256,Rapido,26/04/2023,0.19,41.98,0.0,5.0,prime,Cash,Indore
ORD000136,CUST02123,DRV0150,  Rapido  ,20-11-2023,6.76,117.89,35.7,2.0,SUV,UPI,jaipur
ORD004229,CUST00707,DRV0346,UBER,10-23-2023,13.59,190.02,0.0,2.0,SUV,WALLET,Bangalore
ORD001651,CUST01296,DRV0010,BLUSMART,28-09-2023,2.57,75.25,,3.0,SUV,Card,Hyderabad
ORD003411,CUST00984,DRV0050,Jugnoo,2023/11/02,4.36,0,,,Sedan,Cash, Faridabad
ORD003861,CUST02679,DRV0060,BluSmart,2024/12/01,8.3,182.47,,3.0,Mini,upi,ahmedabad
ORD000356,CUST01321,DRV0224,Jugnoo,24-01-2025,25.76,363.45,0.0,3.0,XL,Net Banking,mumbai
ORD003079,CUST00609,DRV0114,InDrive,00-00-0000,,,0.0,1.0,Mini, Cash,Gurugram
ORD001077,CUST00539,DRV0067,NAMMA YATRI,,5.42,130.61,60.82,3.0,SUV,Cash,faridabad
ORD004287,CUST00078,DRV0319,Ola,18/06/2024,10.15,213.94,,1.0,Pool, Net Banking,Lucknow
ORD004939,CUST00629,DRV0370,  BluSmart  ,08-03-2024,-13.94,30,,3.0,Sedan,  Wallet  ,Bhopal
ORD002110,CUST00262,DRV0406,  Ola  ,30-09-2024,9.37,150.07,81.65,1.0,Mini,Card,Bhopal
ORD003364,cust00940,DRV0054,Uber,13/05/2024,12.71,216.88,0.0,5.0,AUTO,Wallet, Faridabad
ORD002819,CUST00324,DRV0181,Jugnoo,18/08/2023,9.59,143.34,,1.0,  Mini  ,Cash, Pune
ORD003197,CUST02644,DRV0096,rapido,18 Feb 2023,8.36,114.16,13.38,2.0, Sedan,upi,Kolkata
ORD002957,CUST02628,,namma yatri,2025/06/01,11.66,185.28,,1.0,Sedan,UPI,Indore
ORD003432,CUST02250,DRV0435, Rapido,11-20-2025,-4.39,30,0.0,,  Auto  ,Net Banking,Bangalore
ORD001898,CUST01437,DRV0003,Uber,,14.54,284.42,,5.0,suv,UPI,  Delhi  
ORD004643,CUST01733,DRV0336,Ola,20-09-2025,15.86,180.28,0.0,4.0,  SUV  ,CARD,Indore
ORD002894,CUST01125,DRV0361,Uber,24-02-2025,9.42,139.4,0.0,,SUV,card,  Lucknow  
ORD002986,CUST01721,DRV0476,NAMMA YATRI,19/08/2024,12.44,190.78,,4.0,Bike,Cash,Indore
ORD003705,CUST01377,DRV0233,OLA,12-14-2025,7.73,122.82,99.31,1.0,Bike,Cash,Bangalore
ORD004578,CUST02708,DRV0010,BLUSMART,17/06/2023,17.79,314.57,0.0,5.0,mini, Card,hyderabad
ORD000330,CUST00600,DRV0195,BLUSMART,17/10/2024,2.32,75.1,31.69,2.0,Prime,Net Banking,Pune
ORD000824,CUST00738,DRV0249,NAMMA YATRI,11/09/2023,7.17,100.49,0.0,2.0,  Prime  ,Net Banking,Gurugram
ORD004352,CUST00882,DRV0199,UBER,2024/01/26,13.27,157.6,0.0,5.0,SUV,Net Banking,pune
ORD000065,CUST01800,DRV0477,Namma Yatri,18/06/2025,13.05,165.18,0.0,4.0,AUTO,  Cash  ,HYDERABAD
ORD000773,CUST02731,DRV0305,ola,04-11-2023,3.63,100.08,0.0,3.0,SUV,,kolkata
ORD003217,CUST02867,DRV0198,  Namma Yatri  ,11-06-2024,5.56,91.18,11.17,3.0,sedan,Cash,Chandigarh
ORD000366,CUST02780,DRV0079,JUGNOO,20/01/2023,3.5,,,2.0,Prime,WALLET,Pune
ORD003828,CUST00029,DRV0489,Meru,00-00-0000,10.68,202.24,,4.0, Bike,  Card  , Kolkata
ORD001108,CUST02728,DRV0207,  Rapido  ,10/07/2024,8.42,125.1,0.0,2.0,Sedan,Cash,chandigarh
ORD001472,CUST02110,DRV0023,  InDrive  ,00-00-0000,7.31,128.93,,3.0, Auto, Card,FARIDABAD
ORD003979,CUST01258,DRV0342,rapido,12 Feb 2024,13.06,273.24,56.82,, XL,Net Banking,HYDERABAD
ORD003232,CUST00784,DRV0134,Uber,02-15-2024,5.02,90.93,,4.0,SUV,Card,Mumbai
ORD003078,CUST02495,DRV0275,blusmart,19-04-2023,15.49,220.09,,5.0,Prime,Wallet, Delhi
ORD002296,CUST02296,DRV0217,Jugnoo,26-10-2024,0.42,45.19,,5.0,MINI,  Wallet  ,pune
ORD000670,CUST01322,DRV0455,INDRIVE,2023/06/29,7.98,161.44,36.2,4.0,Sedan,Wallet,Lucknow
ORD002836,CUST02796,DRV0191, Namma Yatri,00-00-0000,7.15,119.05,0.0,2.0,  XL  ,CASH,Chandigarh
ORD002017,CUST02460,DRV0304,Uber,2024/12/31,2.45,-80.17,0.0,5.0,SUV,Net Banking,INDORE
ORD001956,CUST01780,DRV0496,rapido,2025/07/04,13.54,265.96,0.0,4.0,mini,WALLET,noida
ORD003551,CUST01346,DRV0247,JUGNOO,20-11-2025,12.45,263.0,0.0,2.0,,Cash,Noida
ORD002484,CUST00646,DRV0342,indrive,2024/11/14,1.87,66.08,72.59,3.0,SUV,Net Banking,Bangalore
ORD000401,CUST01516,DRV0210, Meru,30/10/2024,1.69,62.47,76.69,,Sedan,UPI,Faridabad
ORD004479,CUST02551,DRV0184,Jugnoo,09-07-2023,2.7,81.32,,3.0,SUV, Cash,Hyderabad
ORD000614,CUST00371,DRV0478,  Jugnoo  ,00-00-0000,7.97,119.62,,5.0,Bike,UPI,Chandigarh
ORD003641,CUST01333,DRV0123,Namma Yatri,08-13-2024,17.16,209.95,0.0,3.0,Pool,UPI,CHANDIGARH
ORD003823,CUST02807,DRV0365,Ola,2024/09/08,8.66,166.99,,5.0,POOL,Cash,Lucknow
ORD003277,CUST02475,DRV0464,  Meru  ,18/01/2025,0.78,52.36,0.0,3.0,Sedan, Card,Chandigarh
ORD003930,CUST01935,DRV0095,Uber,05-18-2025,6.22,105.03,,5.0,Sedan,  Card  ,Chennai
ORD001818,CUST01087,DRV0394,Uber,08/10/2024,6.21,113.16,0.0,5.0,Bike,,Jaipur
ORD000505,CUST01181,DRV0456,Ola,19-09-2025,10.32,205.12,0.0,5.0,Sedan,net banking,Faridabad
ORD000228,CUST00164,DRV0186,Uber,2025/12/17,9.04,127.06,,4.0,pool,Net Banking,noida
ORD001756,CUST00531,DRV0380, Jugnoo,18-02-2024,8.05,122.15,,,pool,upi,bangalore
ORD000246,CUST01681,DRV0105,INDRIVE,26/03/2025,3.46,73.59,98.92,2.0,Bike,wallet, Mumbai
ORD001636,CUST02359,DRV0363,NAMMA YATRI,13-09-2025,0.68,49.3,,4.0,SEDAN,Wallet,Ahmedabad
ORD002704,CUST01071,DRV0472,rapido,15-03-2023,2.88,70.48,,2.0,Prime,wallet,chennai
ORD002003,CUST00682,DRV0375,Ola,00-00-0000,,,82.5,3.0,AUTO,Net Banking,Chandigarh
ORD000375,CUST02034,DRV0200,Meru,,14.02,155.25,,,Bike,net banking,Gurugram
ORD000120,CUST01680,DRV0407,Ola,05-29-2025,9.02,155.79,,5.0,Sedan,Net Banking,Bangalore
ORD000041,CUST00416,DRV0195,Namma Yatri,08-03-2023,6.61,152.58,,, Auto,CASH,Hyderabad
ORD003870,CUST01377,DRV0151,InDrive,21-09-2024,5.25,125.23,0.0,5.0,Prime,Wallet,Mumbai
ORD000664,CUST01090,DRV0450,RAPIDO,02 Oct 2025,27.15,492.85,,2.0,  Mini  ,UPI,Bhopal
ORD002746,CUST00048,DRV0302,Jugnoo,2023/02/19,3.45,78.87,0.0,2.0,XL,UPI,  Mumbai  
ORD000647,CUST00947,DRV0219,Jugnoo,02 Jun 2025,15.32,168.24,0.0,3.0,SUV,  Wallet  , Ahmedabad
ORD002579,CUST02214,DRV0097,Jugnoo,00-00-0000,0.07,40.89,,5.0,  Prime  ,Cash,  Mumbai  
ORD001436,CUST01284,DRV0466,  Namma Yatri  ,2025/02/20,9.96,,0.0,3.0,Mini,Net Banking,BANGALORE
ORD002677,CUST01971,DRV0045,JUGNOO,04-19-2025,2.26,74.46,0.0,3.0,suv,UPI,  Jaipur  
ORD002820,CUST00379,DRV0177, Uber,05 Feb 2025,10.89,187.08,23.46,3.0,  Prime  ,Cash,Ahmedabad
ORD002066,CUST01054,DRV0003,,13-02-2025,11.69,198.77,0.0,2.0,  SUV  ,  Wallet  ,hyderabad
ORD000756,CUST01812,DRV0008,Meru,2024/08/08,13.35,218.19,,1.0,SUV,Cash,Gurugram
ORD000555,CUST01340,DRV0436, Uber,17/02/2024,1.14,49.19,,,MINI, Cash,faridabad
ORD002343,CUST00071,DRV0437,  Rapido  ,2023/12/21,1.69,57.83,0.0,5.0,, Wallet,  Indore  
ORD003640,CUST01385,DRV0140,ola,31/01/2025,8.72,153.76,0.0,1.0,SUV,UPI,Chandigarh
ORD003969,CUST02034,DRV0016,  Namma Yatri  ,06-12-2025,0.41,43.81,,2.0,Auto,cash,Jaipur
ORD004414,CUST01017,DRV0144,Jugnoo,05/06/2025,14.6,255.97,,1.0,Mini,upi,
ORD004097,CUST02948,DRV0267,  Jugnoo  ,11/02/2023,7.5,,,3.0,Auto,  Cash  ,jaipur
ORD000803,CUST00213,DRV0186,Meru,00-00-0000,6.93,104.31,,1.0,SUV,cash,BHOPAL
ORD001388,CUST00921,DRV0156,Ola,2023/06/18,5.77,114.37,73.24,0.0,Auto,Cash,  Lucknow  
ORD002555,CUST02126,DRV0142,  InDrive  ,2025/09/03,4.46,90.43,,,SUV,card,NOIDA
ORD004814,CUST02615,DRV0253,MERU,17-01-2023,3.85,84.21,0.0,1.0,xl,  Wallet  ,Lucknow
ORD002037,CUST00009,DRV0111,Jugnoo,2025/04/24,12.41,142.25,0.0,5.0,,Card,Bangalore
ORD003141,CUST02235,DRV0301,rapido,18/04/2023,10.09,174.58,,3.0,SUV,CASH,  Kolkata  
ORD004480,CUST02022,DRV0090,blusmart,03-18-2025,4.55,99.9,-33.84,,Auto,UPI, Bhopal
ORD001819,CUST01577,DRV0129,jugnoo,24/04/2025,6.89,112.06,,5.0,sedan,,Delhi
ORD000379,CUST02967,DRV0122,  Jugnoo  ,2024/07/27,12.71,186.48,,3.0, Pool,NET BANKING,  Chennai  
ORD000794,CUST01254,DRV0296,RAPIDO,08-03-2024,14.45,251.97,69.61,,  Pool  ,Cash,  Bhopal  
ORD000606,CUST00227,DRV0328,BLUSMART,24-01-2023,17.24,269.4,,2.0,Auto,UPI,
ORD001959,CUST01679,DRV0448, Meru,00-00-0000,3.49,74.0,,2.0,Mini, Wallet,Mumbai
ORD001515,CUST00847,DRV0081,ola,28-07-2024,8.64,139.2,66.07,1.0,AUTO,UPI,MUMBAI
ORD000290,CUST00173,DRV0483,MERU,2024/07/04,9.82,182.66,61.34,5.0,  XL  ,Wallet, Pune
ORD001272,CUST00234,DRV0446, Ola,08-08-2024,3.2,,0.0,2.0,Mini,Net Banking,Bhopal
ORD002615,CUST01966,DRV0323,InDrive,2023/10/19,13.74,248.07,0.0,4.0,bike,Wallet,BHOPAL
ORD003769,CUST01286,DRV0420,indrive,2025/08/07,2.3,64.35,69.27,1.0,SUV,Wallet,Chennai
ORD004689,CUST02285,DRV0134,MERU,25/03/2024,7.13,160447.43,,4.0,POOL,Net Banking,Bhopal
ORD003195,CUST02874,DRV0481,Rapido,2024/01/31,15.9,260.37,0.0,4.0,Pool,  Net Banking  ,Chennai
ORD004711,CUST01652,DRV0268, BluSmart,,5.87,99.96,0.0,,  Auto  ,Wallet,
ORD000298,CUST02166,DRV0465,Uber,22/06/2024,17.41,346.74,0.0,4.0,Auto,upi,KOLKATA
ORD001918,CUST02838,DRV0074,Jugnoo,20 Jan 2023,10.55,170.48,,5.0,  Mini  , UPI,Kolkata
ORD003721,CUST00602,DRV0481,uber,25-03-2025,3.19,76.54,0.0,5.0,  Pool  ,CARD,Bangalore
ORD001320,CUST01200,DRV0361,InDrive,11-18-2025,18.37,316.95,58.79,2.0,xl,Wallet,Mumbai
ORD004330,CUST01565,DRV0228,Uber,02/07/2023,15.97,214.96,0.0,2.0,Auto,Wallet,Bangalore
ORD003447,CUST02998,DRV0222,NAMMA YATRI,2025/04/24,15.38,280.63,,5.0,suv,cash,  Mumbai  
ORD000704,CUST02062,DRV0058,Uber,2023/07/18,1.18,57.19,,5.0,SUV,Net Banking,MUMBAI
ORD001635,CUST02811,DRV0134,Rapido,23-08-2025,6.69,118.07,30.88,3.0,Auto,Card,Hyderabad
ORD004734,CUST02201,DRV0479,uber,,8.45,183.26,0.0,1.0,  Sedan  ,UPI,Gurugram
ORD004670,CUST00417,DRV0222,meru,2024/10/08,7.11,109.23,,2.0,sedan,  Cash  ,Indore
ORD001550,CUST02096,DRV0486,  Rapido  ,00-00-0000,14.09,252.34,0.0,4.0,Bike,  Net Banking  ,chennai
ORD002678,CUST02325,DRV0128,Meru,00-00-0000,7.29,169.92,0.0,3.0,Bike,Net Banking,Noida
ORD003973,CUST00392,DRV0326,Ola,19-03-2025,10.58,226.45,,2.0,XL,Cash,Chandigarh
ORD000483,CUST00212,DRV0145,  Rapido  ,00-00-0000,6.45,145.01,0.0,4.0,  XL  ,upi,Chennai
ORD004260,CUST02542,DRV0320, Rapido,07-09-2023,,,0.0,2.0,mini,WALLET, Chandigarh
ORD002765,CUST01060,DRV0047,Rapido,13-01-2023,8.14,111.65,,4.0,BIKE,Net Banking,Indore
ORD001072,CUST00828,DRV0340,Rapido,2023/07/04,,,,2.0,Pool,  Wallet  , Lucknow
ORD004730,CUST02643,DRV0337,Uber,23/09/2025,1.68,54.44,,5.0, Prime,Cash,Bhopal
ORD003612,CUST00751,DRV0218,namma yatri,03-05-2025,2.65,71.01,-36.34,2.0,Mini,card,pune
ORD001008,CUST00720,DRV0186, BluSmart,09-02-2023,4.57,86.1,11.21,4.0,Pool,CARD,ahmedabad
ORD002603,CUST01786,DRV0147,InDrive,24-01-2024,4.44,78.68,,1.0,Auto,UPI, Delhi
ORD002670,CUST02186,DRV0342,INDRIVE,18/10/2025,10.27,154.44,57.48,1.0,Mini,card, Bhopal
ORD000911,CUST01461,DRV0266,Meru,19/07/2023,10.76,151.41,0.0,,Mini,wallet,Faridabad
ORD003971,CUST01462,DRV0467,InDrive,09-02-2023,7.63,151.82,,3.0,Mini,  Cash  ,CHENNAI
ORD002686,CUST02011,DRV0109,Namma Yatri,00-00-0000,13.44,183.66,0.0,,suv,CASH,Hyderabad
ORD004422,CUST01876,DRV0312,Meru,29-07-2024,1.54,67.21,0.0,4.0,SUV,CASH,  Bhopal  
ORD002050,CUST02466,DRV0059,rapido,2025/10/04,12.91,144.65,,1.0,Sedan,  Card  ,Chennai
ORD003628,CUST00281,DRV0184,Rapido,30/10/2024,16.3,175.5,,5.0,SEDAN,Cash,lucknow
ORD001256,CUST00821,DRV0171,InDrive,04 Sep 2024,2.68,64.29,0.0,5.0, Auto,NET BANKING,Bhopal
ORD002987,CUST00763,DRV0488,meru,09-03-2025,7.95,171.73,,4.0, Sedan,UPI,Ahmedabad
ORD003479,CUST01163,DRV0096,Meru,04/12/2024,7.4,118.53,-17.93,5.0,XL,Net Banking,Bangalore
ORD000225,CUST01838,DRV0041,InDrive,2024/05/08,6.45,113.79,92.49,1.0,POOL,card,Jaipur
ORD001368,CUST00038,DRV0456,Namma Yatri,14/05/2024,9.55,197.34,69.3,5.0,SUV,Cash,  Delhi  
ORD004427,CUST02378,DRV0396,Rapido,06-24-2024,17.86,264.79,0.0,3.0,  Sedan  , UPI,  Bangalore  
ORD003651,,DRV0457, Namma Yatri,12-26-2023,1.97,59.72,0.0,3.0,Pool,  Cash  ,Kolkata
ORD003279,CUST01431,DRV0355,Jugnoo,11-27-2024,13.66,263.54,86.64,4.0,Mini,Wallet,Ahmedabad
ORD001854,CUST02516,DRV0465,MERU,,2.97,64.45,0.0,5.0,Pool,Net Banking,
ORD001284,CUST02942,DRV0288,Namma Yatri,26/11/2023,7.4,112.24,0.0,3.0,BIKE,cash,indore
ORD001931,CUST02778,DRV0246,InDrive,07-22-2023,12.48,181.79,0.0,,XL,Net Banking,
ORD003234,CUST00252,DRV0491,  InDrive  ,01 Jan 2024,18.38,239.41,34.04,4.0,Mini,Net Banking, Faridabad
ORD002545,CUST00845,DRV0019,namma yatri,27-09-2023,17.86,208.31,0.0,2.0,  XL  ,Wallet,Hyderabad
ORD000082,CUST01772,DRV0396,Ola,2024/08/15,11.92,176.18,,1.0,Mini,Cash,Chandigarh
ORD002605,,DRV0030,meru,2025/06/19,3.2,67.26,0.0,2.0,Prime,UPI,Chennai
ORD000967,CUST02106,DRV0465,BluSmart,04-06-2025,2.78,71.04,20.85,1.0,Sedan,Cash,bangalore
ORD004516,CUST00160,DRV0297,  BluSmart  ,06-08-2024,1461.92,19840.99,,1.0,xl,Net Banking,CHENNAI
ORD001674,CUST00775,DRV0340,Ola,2023/03/30,12.31,175.85,,4.0,pool,Cash,Faridabad
ORD004329,CUST01855,DRV0206,ola,13-04-2024,1.39,54.09,,5.0,XL,WALLET,Lucknow
ORD004308,CUST00845,DRV0097,  Namma Yatri  ,23-11-2025,9.84,186.75,,1.0,  Pool  ,Wallet,Gurugram
ORD000107,CUST01723,DRV0174,uber,23 Jul 2024,3.72,74.36,0.0,1.0,Prime,Wallet,Faridabad
ORD003981,CUST00214,DRV0080,InDrive,15/02/2024,,,0.0,5.0,Auto,Net Banking,pune
ORD004596,,DRV0299,  Uber  ,08/03/2024,4.17,76.02,7.46,5.0,POOL,NET BANKING,Hyderabad
ORD003572,CUST00553,DRV0091,Meru,00-00-0000,9.18,152.34,93.01,5.0,Bike, Card,BHOPAL
ORD002474,CUST00095,DRV0211,UBER,30-06-2023,16.98,231.31,,4.0,Mini,Cash,Noida
ORD003137,CUST02633,DRV0045,InDrive,07/12/2024,9.08,139.85,0.0,1.0,suv,NET BANKING,FARIDABAD
ORD002250,CUST02052,DRV0223,  Ola  ,28/03/2024,15.18,298.81,0.0,2.0,Auto,Net Banking,Mumbai
ORD000360,CUST02961,DRV0478,Meru,2023/11/05,14.35,160.55,0.0,2.0,XL,Net Banking,Bhopal
ORD002444,CUST01411,DRV0056,Namma Yatri,09-16-2025,16.31,301.31,0.0,4.0,  Bike  ,NET BANKING,HYDERABAD
ORD000170,CUST01091,DRV0370,Meru,2023/09/04,18.0,237.28,0.0,1.0,Auto,card,gurugram
ORD004068,CUST00650,DRV0195,BluSmart,,4.15,79.56,20.03,3.0,Prime,  Card  ,Indore
ORD001927,CUST01183,DRV0204, InDrive,06/09/2024,2.28,81.04,0.0,4.0,Pool,Wallet,BHOPAL
ORD001224,CUST02551,DRV0261,JUGNOO,04-06-2023,10.89,164.38,78.15,1.0,Bike,  Net Banking  ,bangalore
ORD003841,CUST00361,DRV0069,  Namma Yatri  ,13-11-2023,11.07,237.27,0.0,4.0,Sedan,Net Banking,Delhi
ORD004500,CUST00297,DRV0183,ola,23 Oct 2024,14.58,263.22,,5.0,Sedan,UPI,Chennai
ORD002266,CUST02155,DRV0336,Rapido,14-09-2024,11.48,212.5,,2.0,prime,,Ahmedabad
ORD001860,CUST01345,DRV0361,rapido,2025/10/02,13.15,179.65,,1.0,Pool,Cash,HYDERABAD
ORD001193,CUST00876,DRV0362,BluSmart,00-00-0000,4.0,78.04,59.3,2.0,pool,Cash,Faridabad
ORD003580,CUST02220,DRV0020,INDRIVE,2024/12/08,0.24,44.13,0.0,2.0,SUV,Cash,Faridabad
ORD002512,CUST02702,DRV0413,Namma Yatri,09-11-2023,8.01,183.6,,4.0,suv,Wallet,Bhopal
ORD003120,CUST01875,DRV0174,Ola,19-06-2024,4.0,72.67,0.0,5.0,SEDAN,NET BANKING,  Chandigarh  
ORD004313,CUST02055,DRV0204,BluSmart,06/09/2025,14.73,247.53,,4.0,POOL,UPI, Chennai
ORD000867,CUST01850,DRV0299,Meru,02/12/2025,1.11,59.05,,4.0,sedan,Cash, Mumbai
ORD004502,CUST01239,DRV0068,Namma Yatri,2023/05/25,16.02,,,1.0,Auto,Wallet,AHMEDABAD
ORD004840,CUST00450,DRV0298,meru,17/02/2023,10.61,153.33,0.0,3.0,Auto,CASH,DELHI
ORD000342,CUST00891,DRV0246,INDRIVE,05-22-2023,11.37,209.31,0.0,,Prime,Card,faridabad
ORD001144,CUST01555,DRV0134,Meru,2025/09/13,7.15,136.12,,3.0,SUV,Card,Bhopal
ORD003583,CUST00533,DRV0259, Uber,23-10-2025,16.13,266.49,0.0,,auto,cash,Delhi
ORD002244,CUST02973,DRV0063,Rapido,2025/03/06,7.24,102.84,0.0,4.0,SUV,cash,Indore
ORD003669,CUST00708,DRV0071,Jugnoo,07-07-2025,14.78,188.98,72.23,3.0,Pool,,Chennai
ORD000291,,DRV0011,UBER,2023/08/30,3.48,70.99,16.51,1.0,Bike, Cash,Ahmedabad
ORD004118,CUST02846,DRV0395, Rapido,04-06-2023,3.9,96.32,0.0,5.0,  Bike  ,Net Banking,Chennai
ORD004110,CUST00299,DRV0064,  Uber  ,26/10/2025,2.98,81.91,0.0,0.0,AUTO,Cash,bhopal
ORD004801,CUST01621,DRV0361,  Uber  ,07-06-2025,17.91,307.33,,,  Pool  ,Cash,indore
ORD003087,CUST02439,DRV0297,INDRIVE,12 May 2025,11.28,156.7,,4.0,pool,Wallet,  Mumbai  
ORD002077,CUST00386,DRV0487,,2025/04/25,17.49,245.3,0.0,1.0,Sedan,Wallet,Delhi
ORD002983,CUST02963,DRV0211,BluSmart,02-11-2023,3.7,92.97,,3.0,,Cash,
ORD003208,CUST02454,DRV0424,  InDrive  ,13-01-2024,15.68,298.73,0.0,3.0,Auto,UPI,Bhopal
ORD000601,CUST01527,DRV0277,BluSmart,16 Oct 2024,6.84,111.65,0.0,4.0,Auto, Net Banking,Jaipur
ORD004437,CUST00972,DRV0198,UBER,22-01-2024,11.15,174.67,0.0,2.0,Bike,  Wallet  ,KOLKATA
ORD002623,CUST02434,DRV0475, InDrive,2025/03/16,9.59,177.92,0.0,2.0,  XL  ,UPI,Mumbai
ORD001332,CUST02303,DRV0251,Ola,2025/08/13,6.05,103.46,0.0,3.0,Prime,NET BANKING,Bhopal
ORD000394,CUST02694,DRV0233,indrive,09-06-2025,17.74,195.23,0.0,0.0,SUV,Wallet,Chandigarh
ORD003744,CUST00652,DRV0497,InDrive,10-22-2023,16.4,294.04,11.01,1.0,suv,Cash,  Faridabad  
ORD000766,CUST01120,DRV0150,Meru,05-04-2025,8.51,167.02,99.28,1.0,  Prime  ,Card,Chandigarh
ORD002680,CUST01712,DRV0253,Meru,2023/01/14,3.34,78.99,0.0,5.0,Prime,WALLET,  Bangalore  
ORD004504,CUST02529,DRV0186,JUGNOO,09-07-2023,10.09,204.13,,5.0,suv, Net Banking, Faridabad
ORD000689,CUST01425,DRV0280,Meru,14-01-2024,22.46,274.99,0.0,3.0,Sedan,upi,BANGALORE
ORD002973,CUST01476,DRV0176,Rapido,11/08/2023,1.68,59.89,0.0,5.0,Sedan,Net Banking, Gurugram
ORD002158,CUST02049,DRV0298,OLA,2023/01/31,0.68,52.17,0.0,2.0,Prime,UPI,Lucknow
ORD001403,CUST00981,DRV0487,InDrive,07-29-2025,8.17,169.31,0.0,3.0,Bike,Cash,Indore
ORD003877,CUST00633,DRV0386,  Jugnoo  ,06-09-2023,10.92,181.11,,2.0,SUV,Cash,Noida
ORD002161,CUST00923,DRV0225,Uber,03-09-2023,2.04,61.1,,3.0,SUV,Cash,Gurugram
ORD003278,CUST01917,DRV0389,Namma Yatri,30 Dec 2025,0.84,55.03,33.57,2.0,bike,wallet,Mumbai
ORD003451,CUST02028,DRV0248,  Rapido  ,05-31-2023,10.57,148.18,0.0,3.0,Bike,Card,Chennai
ORD000205,CUST02106,DRV0447,Rapido,06-10-2024,13.33,169.73,23.9,1.0, XL,CARD,noida
ORD002349,CUST00658,DRV0454,BluSmart,10 Jun 2023,20.11,213.25,0.0,1.0,suv,Card,CHENNAI
ORD002721,CUST01226,DRV0495,ola,2025/12/10,9.15,197.0,0.0,4.0,suv, Net Banking,Pune
ORD004976,CUST02461,DRV0071, BluSmart,,3.48,87.01,0.0,2.0,Bike,WALLET,  Faridabad  
ORD004298,CUST01235,DRV0110,Ola,2023/10/06,15.77,306.44,,5.0,Mini,Net Banking,ahmedabad
ORD000700,CUST01806,DRV0473, Rapido,08/04/2024,10.57,Rs 128.48,,3.0,Bike,net banking,Bangalore
ORD004213,CUST01458,DRV0043,Uber,00-00-0000,10.69,141.07,0.0,3.0,Mini,Card, Chandigarh
ORD000887,CUST00846,DRV0437,BluSmart,05-07-2024,0.85,55.09,78.37,1.0,Sedan,NET BANKING,Noida
ORD001874,CUST01444,DRV0469,InDrive,00-00-0000,15.74,203.43,83.08,5.0,XL,Cash,  Indore  
ORD001723,CUST01685,DRV0397,Ola,2023/09/01,2.05,72.71,0.0,3.0,POOL,  UPI  ,Pune
ORD001480,CUST00886,DRV0057,Rapido,,11.41,167.63,,3.0,Prime, Net Banking,INDORE
ORD002556,CUST01193,DRV0002,namma yatri,,12.55,219.6,0.0,2.0, XL,UPI, Kolkata
ORD004322,CUST00069,DRV0435,MERU,00-00-0000,9.28,197.78,0.0,2.0,Auto,  UPI  ,Pune
ORD001952,CUST02713,DRV0473,INDRIVE,00-00-0000,0.99,50.6,13.87,3.0,Prime,NET BANKING,  Delhi  
ORD001338,CUST02072,DRV0190,Ola,09-08-2024,0.94,53.4,,4.0,SUV,Net Banking,Hyderabad
ORD004849,CUST02640,DRV0070,Namma Yatri,02-02-2025,11.42,137.69,36.79,4.0,Prime,Cash,Chennai
ORD001612,CUST01783,DRV0119,Namma Yatri,2024/03/07,-10.41,30,0.0,3.0,,WALLET,Lucknow
ORD001481,CUST00420,DRV0020,BluSmart,20/09/2023,21.28,352.11,99.55,0.0,Pool,Wallet,  Mumbai  
ORD004951,CUST00415,DRV0490,BluSmart,15-07-2025,2.46,62.3,,, Bike,Wallet, Bangalore
ORD003916,CUST00072,DRV0051,Rapido,31 Jul 2024,3.08,76.66,0.0,2.0,Bike,  Wallet  ,Bhopal
ORD003805,CUST00431,DRV0260, Namma Yatri,01-12-2023,0.32,43.73,0.0,5.0, Mini,upi, Gurugram
ORD000013,CUST01086,DRV0417,Uber,23/09/2025,7.26,102.67,,3.0,XL,Wallet,Chandigarh
ORD002580,CUST00065,DRV0132,Namma Yatri,27/10/2024,1.08,58.33,,4.0,Pool,UPI,kolkata
ORD003768,CUST01899,,BluSmart,2025/10/08,2.13,75.4,0.0,5.0,bike,  Cash  , Pune
ORD001905,CUST00447,DRV0336,InDrive,,17.35,222.61,,2.0, Mini,upi,KOLKATA
ORD004470,CUST00492,DRV0078, InDrive,01-05-2024,2.41,61.76,,4.0,  Prime  ,Net Banking, Ahmedabad
ORD002177,CUST02227,DRV0197,jugnoo,12-29-2024,1.41,56.69,0.0,1.0,SUV,UPI,MUMBAI
ORD001553,CUST00129,DRV0266,,03-24-2023,7.77,126.76,0.0,4.0,  Bike  ,NET BANKING,  Chandigarh  
ORD002880,CUST01084,DRV0349,Ola,2023/10/17,7.23,157.59,0.0,3.0,  Bike  ,Wallet,noida
ORD003052,CUST00097,DRV0033,  Namma Yatri  ,2023/01/16,8.88,162.67,70.83,1.0,  Bike  ,Net Banking,AHMEDABAD
ORD000852,CUST02664,DRV0042,UBER,28-09-2023,9.16,149.68,0.0,4.0,SUV,Card,Ahmedabad
ORD000793,CUST01222,DRV0169,BluSmart,2025/06/23,9.11,165.08,0.0,2.0,Prime,net banking, Jaipur
ORD001184,CUST00905,DRV0427,rapido,15/09/2024,7.02,153.31,0.0,5.0,  Auto  ,UPI,Indore
ORD004876,CUST02424,DRV0333,BLUSMART,19-07-2025,6.79,96.65,,4.0,Mini, Card,NOIDA
ORD001389,CUST00079,DRV0495, Jugnoo,07-16-2023,14.24,215.17,,5.0,bike,UPI,Bhopal
ORD000907,CUST01637,DRV0219,BluSmart,06-09-2024,14.73,294.89,0.0,2.0,Bike,Cash,  Gurugram  
ORD004539,CUST02009,DRV0248,Meru,08 Jun 2025,4.31,99.8,,2.0,Auto,  Card  ,FARIDABAD
ORD000569,CUST00817,DRV0210,InDrive,21-03-2025,10.42,156.52,0.0,2.0,suv,Wallet,  Chennai  
ORD002984,CUST00364,DRV0212,uber,00-00-0000,1.45,64.96,25.51,2.0,SUV,Cash,Lucknow
ORD003804,CUST00817,DRV0299,Jugnoo,01-01-2025,17.35,197.59,0.0,3.0,Auto,Cash,Lucknow
ORD002491,CUST00925,DRV0054,BLUSMART,,13.3,175.34,0.0,3.0,sedan,net banking,Pune
ORD004317,CUST01531,DRV0124,Ola,2024/11/01,6.85,102.48,,2.0,AUTO,Net Banking,Chandigarh
ORD002786,CUST00672,DRV0242,BLUSMART,2025/12/03,2.15,60.6,,5.0,auto,CASH,bhopal
ORD003204,CUST01384,DRV0156,Meru,24/09/2023,4.31,87.21,,3.0,  Mini  ,UPI,Hyderabad
ORD002952,CUST01455,DRV0379,Uber,14/09/2025,6.41,133.28,,5.0,auto,Net Banking,BANGALORE
ORD002270,CUST01488,DRV0035,  InDrive  ,18-07-2023,8.22,-170.0,0.0,3.0,AUTO,upi,Gurugram
ORD001894,CUST02682,DRV0303,uber,03/12/2024,3.91,102.82,24.34,1.0,Prime,net banking, Noida
ORD003151,CUST00138,DRV0333,ola,09/03/2025,3.02,82.65,,1.0,AUTO,cash, Delhi
ORD004433,CUST00199,DRV0152,NAMMA YATRI,03-10-2025,9.16,148.34,,3.0,auto,Cash,Mumbai
ORD004411,CUST00885,DRV0072,  InDrive  ,07-03-2023,12.44,245.66,,1.0,Prime,Card,Noida
ORD000489,CUST01872,DRV0317, Namma Yatri,18 Oct 2025,4.11,103.97,21.31,1.0,  Sedan  ,UPI,  Delhi  
ORD000258,CUST01058,DRV0296,Namma Yatri,00-00-0000,10.62,179.21,,2.0,sedan,wallet,JAIPUR
ORD000745,CUST00622,DRV0488,uber,27/07/2025,8.13,184.91,0.0,5.0,SEDAN,Wallet,Chandigarh
ORD000433,CUST00100,DRV0240,Uber,,21.51,250.83,32.18,1.0,XL,Net Banking, Bhopal
ORD000688,CUST00451,DRV0131,Meru,00-00-0000,8.13,153.3,,4.0,suv, UPI,Bangalore
ORD004948,CUST01790,DRV0144,BLUSMART,05-05-2025,9.84,212.29,,3.0,pool,Net Banking,Lucknow
ORD004961,CUST00033,DRV0335,Ola,02-11-2023,7.94,106.71,,1.0,Prime, UPI,Kolkata
ORD002198,CUST01699,DRV0191,  Jugnoo  ,18-01-2024,3.37,95.18,18.1,3.0,Mini,UPI,Indore
ORD003520,CUST00369,DRV0399,OLA,29/09/2023,16.34,221.85,0.0,5.0,SUV,,Chandigarh
ORD002757,CUST02679,DRV0232,jugnoo,17 Feb 2024,3.31,85.82,,2.0,mini,UPI,BHOPAL
ORD004766,CUST02371,,blusmart,2023/01/14,19.16,263.97,,3.0,mini,NET BANKING,Hyderabad
ORD003312,CUST00478,DRV0240, Rapido,2024/11/22,12.94,216.63,0.0,2.0,XL,Net Banking,CHANDIGARH
ORD002347,CUST02844,DRV0384,jugnoo,18-03-2023,10.21,209.91,0.0,3.0,Mini,Card,Pune
ORD001775,CUST00767,DRV0111,JUGNOO,10-04-2025,0.41,45.08,22.68,1.0,Sedan,UPI,Pune
ORD003887,CUST00395,DRV0006,Jugnoo,18 Aug 2025,1.08,55.12,0.0,4.0,Prime,UPI,Bangalore
ORD004321,CUST01058,DRV0424,Namma Yatri,28/04/2025,10.78,178.12,0.0,5.0,Mini,cash,Chandigarh
ORD001398,CUST02901,DRV0253,  InDrive  ,26-02-2024,10.57,167.82,0.0,,SEDAN,Card,Bangalore
ORD002146,CUST02942,DRV0402,BLUSMART,08-09-2023,5.94,97.75,,3.0,BIKE,Cash,JAIPUR
ORD002519,CUST02625,DRV0392,Ola,2023/10/11,-1.59,30,0.0,3.0,Auto,Net Banking,Faridabad
ORD001576,CUST01199,DRV0443,Uber,2025/02/10,5.67,94.08,,2.0,AUTO,NET BANKING,Bangalore
ORD000508,CUST02956,DRV0387,Ola,20-10-2024,14.66,221.53,0.0,2.0,Prime,Card,Mumbai
ORD000765,CUST02797,DRV0302,Ola,2024/07/18,5.01,94.27,,3.0, SUV,Net Banking,jaipur
ORD003282,CUST00979,DRV0398,Uber,16/08/2024,15.89,249.58,0.0,5.0,MINI,Cash,Mumbai
ORD003328,CUST02787,DRV0332,Jugnoo,05-12-2024,,,0.0,3.0,  XL  ,Cash,Bhopal
ORD001771,CUST01908,DRV0254,Uber,19-07-2024,7.01,135.25,,3.0, Bike,Card,Noida
ORD004914,CUST01033,DRV0370,Meru,03-08-2023,5.38,90.46,,4.0,Mini,cash,Faridabad
ORD002735,CUST01490,DRV0181,BluSmart,2023/09/23,,,76.66,2.0,Bike,Wallet,Faridabad
ORD000579,CUST00161,DRV0253,  BluSmart  ,23 Dec 2023,10.4,160.74,,5.0,Sedan,wallet,hyderabad
ORD001610,CUST02374,DRV0232, Uber,2025/09/07,-3.31,30,0.0,3.0,,Card,Faridabad
ORD003606,CUST01934,DRV0452,  Jugnoo  ,10-13-2025,10.29,190.19,0.0,5.0, Mini,Net Banking,Indore
ORD002080,CUST00121,DRV0476,Meru,01-09-2024,0.42,43.82,,2.0,prime,Cash,  Indore  
ORD004249,CUST02020,DRV0382,JUGNOO,00-00-0000,0.23,42.07,,1.0,SUV, Net Banking, Chennai
ORD003367,CUST02203,DRV0326,Namma Yatri,24-07-2023,18.51,292.27,,3.0,  Auto  , Net Banking,Lucknow
ORD003484,CUST01744,DRV0319,Namma Yatri,15-04-2024,3.43,96.99,,,Mini,  Net Banking  ,Bhopal
ORD001799,CUST00965,DRV0354,  Ola  ,2023/08/28,1.85,59.98,0.0,3.0,Sedan,CASH,  Gurugram  
ORD004616,CUST01211,DRV0487,uber,,15.53,193.07,,3.0,  SUV  ,net banking,
ORD004728,CUST01122,DRV0180,  Rapido  ,05/09/2023,5.5,130.98,,3.0,Prime,Cash, Hyderabad
ORD001289,CUST00351,DRV0092,Uber,27/08/2024,16.09,308.84,,5.0,Bike,NET BANKING,Bhopal
ORD000240,CUST00968,DRV0416,BluSmart,19/05/2023,5.3,82.71,,2.0,suv,Cash,Hyderabad
ORD004199,CUST02769,DRV0141,meru,03-28-2023,3.02,79.89,78.48,1.0,Bike,UPI,
ORD001746,CUST00171,DRV0081,Jugnoo,19 Mar 2023,10.83,148.92,,3.0,Sedan,Card,Chandigarh
ORD000930,CUST01675,DRV0410,Rapido,,5.83,123.2,,5.0,sedan,WALLET,  Bhopal  
ORD001600,CUST00662,DRV0480,rapido,2023/11/04,,,45.76,1.0,Pool,  Cash  ,Chennai
ORD003920,CUST02864,DRV0091,Meru,14 Mar 2024,11.83,252.66,0.0,2.0,SUV,wallet,JAIPUR
ORD002528,CUST01864,DRV0207,Rapido,12-10-2024,6.4,110.11,,3.0,XL,UPI,noida
ORD003393,CUST00562,DRV0044,INDRIVE,09-08-2024,13.54,189.71,,2.0,Auto, Wallet,Pune
ORD001779,CUST01531,DRV0160,Namma Yatri,00-00-0000,0.18,41.46,0.0,4.0,prime, Wallet,Chennai
ORD002573,CUST02743,DRV0154,BluSmart,31/03/2024,3.48,74.76,,4.0,Mini,Card,Noida
ORD000904,CUST00153,DRV0174,  Rapido  ,,4.03,Rs 78.51,0.0,4.0,Prime,wallet,Mumbai
ORD001449,CUST02008,DRV0085,UBER,23-01-2023,-8.7,30,15.22,2.0,Mini,Net Banking,Jaipur
ORD001870,CUST02181,DRV0144,RAPIDO,2025/09/06,17.93,268.25,,5.0,xl,Card,delhi
ORD001560,CUST00666,DRV0443,Namma Yatri,24-04-2024,10.43,169.0,0.0,1.0,Bike,UPI,kolkata
ORD000556,CUST01267,DRV0228,rapido,09-25-2023,6.51,134.14,,5.0,,CASH,  Delhi  
ORD001312,CUST02422,DRV0006,BluSmart,2024/02/07,17.64,312.97,0.0,2.0, Mini,card,CHENNAI
ORD000201,CUST01918,DRV0333,Meru,10-09-2023,9.71,205.39,,4.0,Bike,WALLET, Chennai
ORD000804,CUST02904,DRV0081,Ola,03/11/2025,11.7,219.5,,5.0,suv,Card,FARIDABAD
ORD002827,CUST00171,DRV0154,meru,15-09-2025,2.42,59.57,0.0,1.0, XL,WALLET,jaipur
ORD004528,CUST02270,DRV0281,Ola,14-02-2024,20.67,,,3.0,Pool,UPI,gurugram
ORD002541,CUST00754,DRV0004,OLA,2024/07/14,8.51,145.25,,4.0,SUV,Cash,LUCKNOW
ORD002749,CUST01818,DRV0194,Rapido,29 Feb 2024,20.48,365.82,0.0,,Pool,Card,Kolkata
ORD002527,CUST02179,DRV0481,Namma Yatri,11-20-2023,2.58,82.19,0.0,4.0,PRIME,Wallet,  Faridabad  
ORD000344,CUST01571,DRV0227,Meru,01-08-2024,0.17,41.79,,3.0,XL,Card,Lucknow
ORD001331,CUST02694,DRV0071,Namma Yatri,07/11/2024,0.83,47.48,0.0,4.0, Sedan,net banking,chennai
ORD003253,CUST01590,DRV0321,BluSmart,03-19-2023,12.22,193.47,,4.0,SUV,  Net Banking  ,MUMBAI
ORD003237,CUST00286,DRV0131,Jugnoo,,6.25,136.93,,1.0,SUV,Card,bhopal
ORD002932,CUST02349,DRV0261,  Meru  ,,,,79.18,4.0,PRIME,Net Banking,Ahmedabad
ORD002994,CUST02195,DRV0292,Rapido,2025/06/09,4.01,91.5,0.0,5.0,Pool, Wallet,  Chandigarh  
ORD004848,CUST00081,DRV0244, Jugnoo,05-03-2023,4.96,117.24,0.0,5.0,Pool,Cash,Chandigarh
ORD004787,CUST00811,DRV0452,,2025/07/28,7.71,124.6,,3.0,Sedan,CARD,Chandigarh
ORD003306,CUST02738,DRV0394,Rapido,29-12-2025,6.91,110.82,0.0,4.0,  Bike  ,Net Banking,LUCKNOW
ORD001941,CUST00318,DRV0067,OLA,09-01-2025,12.07,230.98,,4.0,  SUV  ,Cash,Hyderabad
ORD003762,CUST02684,DRV0439,rapido,20/02/2025,11.61,168.29,,4.0,SUV,  Card  ,PUNE
ORD003595,CUST02071,DRV0332,Jugnoo,28-06-2023,10.76,151.33,35.9,1.0,Pool,CASH,Jaipur
ORD001577,CUST02506,DRV0125,meru,14-02-2025,6.96,141.13,,5.0,POOL,Card, Chandigarh
ORD002406,CUST01849,DRV0084,Ola,27/04/2025,8.22,0,0.0,4.0,Mini,Cash,Pune
ORD002192,CUST02032,DRV0491,Meru,22/03/2023,4.02,106.11,,2.0,  XL  ,Cash,HYDERABAD
ORD003775,CUST02869,DRV0451,  Ola  ,06-09-2024,,,,5.0,Prime,WALLET,  Chennai  
ORD002102,CUST02922,DRV0166,  BluSmart  ,21 Apr 2024,4.92,88.87,,3.0,Sedan,Wallet,Mumbai
ORD003924,CUST02569,DRV0314,uber,2024/01/15,14.28,269.98,0.0,3.0,  Mini  ,Net Banking,Chennai
ORD001541,CUST01789,DRV0459,Uber,25/10/2025,1.61,59.62,0.0,1.0,Bike, Cash,Noida
ORD001086,CUST00765,DRV0059,jugnoo,2024/08/18,13.42,172.89,0.0,2.0,suv,Cash,  Mumbai  
ORD002470,CUST01197,DRV0159, InDrive,07-23-2023,14.05,279.22,0.0,4.0,Auto,Net Banking,Jaipur
ORD001551,CUST00654,DRV0366,blusmart,09-17-2025,-6.09,30,0.0,5.0,suv,CARD,Kolkata
ORD003570,CUST01960,DRV0445, BluSmart,2024/04/06,7.57,136.71,,4.0,prime,CASH,Mumbai
ORD001123,CUST02707,DRV0342,Rapido,04-01-2025,12.25,213.52,,2.0,sedan,CARD,jaipur
ORD004759,CUST00612,DRV0459,rapido,14-01-2025,8.49,179.36,,5.0,xl,,HYDERABAD
ORD003884,CUST02510,DRV0025,,00-00-0000,3.15,78.84,-13.52,4.0,Sedan,Cash,  Lucknow  
ORD001805,CUST00141,DRV0226,InDrive,09-17-2025,2.97,83.74,,1.0,XL,UPI, Faridabad
ORD001041,CUST00726,DRV0219,InDrive,06/07/2024,3.39,73.27,0.0,2.0, Sedan,,Faridabad
ORD000012,CUST01964,DRV0451,MERU,00-00-0000,8.89,131.28,,2.0,Prime,card,  Faridabad  
ORD003906,CUST00554,DRV0413,jugnoo,,10.94,131.59,52.49,2.0,SUV,UPI,Faridabad
ORD003616,CUST02485,DRV0233,BLUSMART,10-05-2025,2.24,61.85,62.25,1.0,sedan, Net Banking,LUCKNOW
ORD003574,CUST02199,DRV0173, Rapido,28/10/2025,14.15,169.44,,5.0,  Prime  ,WALLET,MUMBAI
ORD004639,CUST01659,DRV0346, Uber,00-00-0000,,,,3.0,PRIME,Net Banking,DELHI
ORD002281,CUST02130,DRV0043,ola,05-08-2023,0.8,52.3,,4.0,Sedan,,Mumbai
ORD002729,CUST00702,DRV0453,Rapido,08-11-2024,12.49,255.86,0.0,3.0,POOL,Wallet,jaipur
ORD003248,CUST01543,DRV0144,BluSmart,,12.43,204.66,,5.0,bike,  Net Banking  ,Delhi
ORD000146,CUST00325,DRV0406,OLA,11-07-2023,2.11,67.64,,3.0,XL, Net Banking, Bhopal
ORD000312,CUST00980,DRV0178,meru,12/04/2024,12.24,234.74,,1.0,, Wallet, Delhi
ORD001044,CUST00817,DRV0404, Ola,03-08-2023,13.0,243.98,,0.0,  Sedan  ,net banking,CHANDIGARH
ORD001451,CUST02065,DRV0346,Rapido,,16.63,308.56,67.76,3.0,Prime,UPI,DELHI
ORD000488,CUST01099,DRV0236,INDRIVE,27-08-2024,1.14,55.66,,5.0,Auto,Net Banking,AHMEDABAD
ORD001536,CUST02048,DRV0116,Ola,23-10-2025,4.34,107.57,,5.0, Prime,Cash,Jaipur
ORD002412,CUST02940,DRV0244, BluSmart,06-12-2024,11.6,206.01,0.0,5.0,SUV,  UPI  , Pune
ORD002428,CUST00413,,JUGNOO,2024/05/12,8.59,163.88,0.0,3.0,Prime,Wallet,FARIDABAD
ORD002738,CUST02814,,Meru,16/10/2025,8.89,111.36,,3.0,Auto,NET BANKING,Lucknow
ORD001222,CUST01615,DRV0387,jugnoo,09-08-2023,8.12,135.94,0.0,5.0, XL,UPI,Pune
ORD000774,CUST01163,DRV0407,meru,31-08-2025,3.25,78.21,,6.0,Pool,Net Banking,mumbai
ORD001238,CUST00394,DRV0381,BluSmart,22-12-2023,8.29,118.02,,5.0,Sedan,  UPI  ,Lucknow
ORD001912,CUST01975,DRV0111,Rapido,04-06-2025,16.42,245.43,,5.0,Auto,UPI,  Lucknow  
ORD003458,,DRV0080,BluSmart,07-20-2025,7.48,163.12,,4.0,Auto,  Net Banking  ,Delhi
ORD001288,CUST00814,DRV0489, InDrive,08/05/2023,4.17,86.09,,1.0,  Prime  ,UPI,Noida
ORD004448,CUST02527,DRV0038,meru,26/08/2023,3.59,97.3,43.81,5.0,Bike,WALLET,AHMEDABAD
ORD000950,CUST02027,DRV0388,InDrive,2023/06/15,4.62,99.97,,3.0,SUV,UPI,Bhopal
ORD003379,CUST01867,DRV0344,Meru,01-09-2025,19.28,0,,1.0, SUV,Net Banking,Lucknow
ORD000514,CUST02690,DRV0451,BluSmart,24-03-2024,8.43,107.49,90.59,5.0,  SUV  ,Net Banking,CHENNAI
ORD000634,CUST00590,DRV0411,Ola,2024/10/14,15.17,271.43,0.0,5.0,Mini,net banking,  Faridabad  
ORD002221,CUST02323,DRV0240,Ola,04/03/2025,,,,5.0,AUTO,Cash,Lucknow
ORD004761,CUST02882,DRV0347,Jugnoo,2023/10/10,4.91,Rs 102.82,0.0,4.0,XL,CASH,indore
ORD004101,CUST01515,DRV0102,  InDrive  ,12-02-2025,14.88,221.99,54.51,4.0,Sedan,UPI, Bangalore
ORD000918,CUST01114,DRV0443, Uber,31-03-2024,18.03,237.67,0.0,5.0,Auto,Net Banking,JAIPUR
ORD004909,CUST01801,DRV0176,Jugnoo,12-19-2025,5.75,104.73,,1.0, Bike,,  Faridabad  
ORD000714,CUST02947,DRV0309,JUGNOO,,8.38,121.07,,1.0,Prime,WALLET,lucknow
ORD003072,CUST02448,DRV0408,Meru,12-07-2025,2.08,75.66,,0.0, Bike,UPI,Chennai
ORD003732,CUST00372,DRV0410,Namma Yatri,01/07/2025,3.72,72.4,0.0,3.0,SEDAN,wallet,Indore
ORD001590,CUST01172,DRV0221,Rapido,14/01/2023,12.32,178.27,,2.0,AUTO,Net Banking,Mumbai
ORD003501,CUST02710,DRV0468,UBER,00-00-0000,9.05,148.63,24.87,2.0,MINI,Wallet,BANGALORE
ORD002340,CUST02724,DRV0377,  Ola  ,08-06-2023,17.79,227.74,,4.0,Pool,Net Banking,Pune
ORD000908,CUST00151,DRV0299,indrive,12-15-2023,11.14,185.72,0.0,3.0, Mini,upi,GURUGRAM
ORD004843,CUST01195,DRV0036,NAMMA YATRI,2024/05/09,1.46,57.79,0.0,1.0,SUV,  Cash  ,GURUGRAM
ORD000572,CUST02204,DRV0202,ola,2024/09/10,11.46,Rs 173.16,,3.0,  Auto  ,UPI,chandigarh
ORD002363,CUST01682,DRV0135,BluSmart,2024/10/15,5.09,97.38,65.84,5.0,XL,, Pune
ORD004439,CUST02994,DRV0169,  Uber  ,22/04/2023,4.61,121.05,,5.0,Sedan,WALLET,Chennai
ORD001195,CUST02817,DRV0370,Ola,,3.84,97.32,0.0,5.0,  Sedan  ,CASH,Gurugram
ORD004183,CUST01487,DRV0381,Meru,26-02-2023,14.41,270.96,0.0,2.0,Pool,cash,Pune
ORD001834,CUST01189,DRV0092,Ola,00-00-0000,5.35,101.77,,3.0,Mini,Wallet,Lucknow
ORD001798,CUST01245,DRV0477,BluSmart,27-11-2024,1.97,71.17,,5.0,Mini,Card,Lucknow
ORD002588,CUST00403,DRV0493,UBER,2025/03/18,15.93,179.38,15.25,5.0,mini,UPI, Chandigarh
ORD004935,CUST01808,DRV0457,Jugnoo,19-10-2023,3.93,96.17,,4.0,SEDAN,Cash,Indore
ORD004762,CUST00692,DRV0216,Namma Yatri,09/09/2023,9.73,135.39,0.0,3.0,Auto,UPI,Indore
ORD004435,CUST01069,DRV0246,namma yatri,,15.53,250.39,,5.0,XL,  Net Banking  ,  Mumbai  
ORD004237,CUST00122,DRV0172, Uber,2023/04/25,13.23,267.37,0.0,4.0,Auto,  Wallet  ,Noida
ORD003959,CUST00767,DRV0031,meru,22-01-2024,10.33,182.82,0.0,5.0,bike,Net Banking,noida
ORD001026,CUST02169,DRV0430,Jugnoo,09-04-2023,8.67,140.85,52.13,5.0, Mini,UPI,Noida
ORD004871,CUST03000,DRV0016,Uber,04-08-2023,22.18,269.13,0.0,5.0,pool,  Net Banking  ,JAIPUR
ORD004589,CUST01045,DRV0191,NAMMA YATRI,2024/09/01,9.05,177.27,5.06,4.0,Auto,Card,Chandigarh
ORD004713,CUST02974,DRV0335,INDRIVE,03-04-2024,10.5,160.3,0.0,1.0,SUV, UPI,Pune
ORD001841,CUST02365,DRV0451,Rapido,2024/05/10,6.08,123.34,,2.0,Pool,Cash,CHANDIGARH
ORD000163,CUST00245,DRV0163,UBER,29-09-2023,5.24,129.45,0.0,4.0,Auto, Card,  Jaipur  
ORD001751,CUST00532,DRV0003,Ola,04-28-2023,10.72,155.75,0.0,1.0,XL,Net Banking,Lucknow
ORD001644,CUST00590,, Rapido,10-12-2023,,,50.36,2.0,BIKE, UPI,BHOPAL
ORD003771,CUST00486,DRV0271, InDrive,02-24-2023,9.12,159.31,,,SUV,  Cash  ,Ahmedabad
ORD000101,CUST00545,DRV0198,InDrive,,16.56,237.45,,2.0,PRIME,CASH,Chennai
ORD004175,CUST00116,DRV0336,Meru,25/11/2023,5.11,85.42,35.72,4.0,Sedan,WALLET,chennai
ORD002457,CUST01462,DRV0218,JUGNOO,2025/08/10,11.89,179.02,0.0,1.0,SUV,net banking,Kolkata
ORD003938,CUST02027,DRV0458,InDrive,12/08/2025,7.55,129.13,0.0,3.0,Pool,Cash,gurugram
ORD002483,CUST02701,DRV0280,Namma Yatri,00-00-0000,10.0,204.59,,1.0,,WALLET,BHOPAL
ORD000409,CUST01226,DRV0206,Meru,08-12-2023,,,,2.0,suv,Net Banking,Faridabad
ORD001383,CUST01059,DRV0367,MERU,31-03-2023,2.46,70.28,0.0,3.0,Pool,NET BANKING,Kolkata
ORD001347,CUST00325,DRV0077,BluSmart,20 May 2023,7.74,105.68,0.0,,Bike,Card,Pune
ORD003172,CUST00270,DRV0289,InDrive,21 Jul 2023,10.28,125.11,,1.0,AUTO, Card,  Pune  
ORD002451,CUST02098,DRV0074,  Rapido  ,15-12-2023,11.94,183.22,,2.0,prime,Wallet,Chandigarh
ORD000994,CUST00376,DRV0425,BluSmart,02-09-2024,5.9,133.05,0.0,2.0,suv,Cash,BANGALORE
ORD004294,CUST00820,DRV0365,rapido,00-00-0000,8.33,125.12,0.0,2.0,Pool,cash,Bangalore
ORD002402,CUST00295,DRV0124,Jugnoo,00-00-0000,8.88,183.83,0.0,5.0, Sedan,Net Banking,bangalore
ORD000044,CUST02499,DRV0285, InDrive,08-14-2024,1.12,,,2.0,  SUV  ,net banking,Chandigarh
ORD001738,CUST00421,DRV0158,InDrive,23 Aug 2025,10.76,164.21,0.0,2.0,Prime,CASH,Delhi
ORD003996,CUST00345,DRV0201,  Uber  ,,10.01,,21.77,3.0,SUV,,Jaipur
ORD001452,CUST00789,DRV0466,BluSmart,27/03/2023,2.13,65.11,,2.0,  Auto  ,UPI, Delhi
ORD000140,CUST01164,DRV0239,  InDrive  ,2025/05/26,12.5,235.36,,4.0,Bike,  UPI  ,Chennai
ORD002044,CUST01159,DRV0406,Rapido,10-07-2023,5.19,131.54,,5.0,  Mini  ,  UPI  ,AHMEDABAD
ORD004908,CUST00385,DRV0454,  InDrive  ,17-11-2025,14.14,256.1,,1.0,SUV,Net Banking,mumbai
ORD003816,CUST00703,DRV0288,blusmart,2025/11/18,15.93,233.27,0.0,1.0,XL,Net Banking,mumbai
ORD003171,CUST00746,DRV0206,blusmart,30-06-2024,4.5,104.55,0.0,1.0,  XL  ,cash,INDORE
ORD000249,CUST02769,DRV0334,MERU,2025/10/23,3.77,83.21,,4.0,SUV, UPI,  Ahmedabad  
ORD001348,CUST00799,DRV0063,Ola,2025/10/31,7.97,108.16,0.0,3.0,AUTO,Net Banking,AHMEDABAD
ORD001850,CUST02786,DRV0137,Namma Yatri,2023/09/03,9.21,149.14,,0.0,xl,UPI,Ahmedabad
ORD004586,CUST02583,,InDrive,2023/04/03,15.7,260.27,,2.0,Prime,  Card  ,GURUGRAM
ORD004509,CUST01818,DRV0210,blusmart,03-27-2025,15.71,263.19,,3.0,Auto,,Bhopal
ORD004954,CUST02791,DRV0434,Meru,31/08/2025,2.91,79.41,,4.0,Auto,UPI,Indore
ORD002604,CUST00697,DRV0210,BluSmart,2024/08/19,6.62,137.66,83.39,5.0,pool,  Cash  ,Bangalore
ORD001650,CUST02251,DRV0209,ola,28-02-2025,9.94,122.41,0.0,3.0,Bike,UPI,Gurugram
ORD004286,CUST01251,DRV0283,UBER,25/11/2023,5.71,131.65,0.0,3.0,Pool,Wallet,CHENNAI
ORD003262,CUST01522,DRV0093,Namma Yatri,,7.25,157.07,38.2,1.0,Bike, Cash, Delhi
ORD002424,CUST02488,DRV0147,uber,11-16-2023,7.44,129.73,98.71,1.0, Prime,Card,  Chandigarh  
ORD004284,CUST02663,DRV0497,  InDrive  ,15/05/2025,7.92,167.57,0.0,1.0,Sedan,upi,Chandigarh
ORD004360,CUST00422,DRV0340,Rapido,17-03-2024,8.04,111.95,,2.0,Auto,Card,chennai
ORD003095,CUST00037,DRV0317,BluSmart,2023/05/06,12.9,234.96,0.0,3.0,SUV,  Card  ,kolkata
ORD000771,CUST01914,DRV0359,,11-09-2024,13.18,186.41,0.0,1.0, SUV, Card,Chandigarh
ORD000562,CUST00900,DRV0186,InDrive,30/10/2023,2.96,63.88,0.0,4.0,Sedan,UPI,Mumbai
ORD003693,CUST01227,DRV0046, Jugnoo,2023/10/13,7.88,121.82,,2.0,XL,Wallet,GURUGRAM
ORD003900,CUST02725,DRV0343,Rapido,01-03-2023,18.53,195.76,,5.0,  Sedan  ,Card,chennai
ORD001506,CUST01593,DRV0210,InDrive,09/09/2025,4.64,85.01,50.33,3.0,sedan,Net Banking,Indore
ORD004173,CUST02034,DRV0160,InDrive,2024/06/30,2.71,75.86,,4.0,  Sedan  ,Wallet,Bhopal
ORD000519,CUST01698,DRV0485,  Jugnoo  ,20-12-2025,4.23,77.05,0.0,5.0,XL,Card,Gurugram
ORD004795,CUST00574,DRV0259,Jugnoo,23-05-2023,9.79,123.85,,3.0,Pool,UPI,Bhopal
ORD000779,CUST02857,DRV0382,INDRIVE,00-00-0000,11.62,202.8,0.0,8.0,Prime, Card,Chandigarh
ORD004827,CUST01245,DRV0089,BluSmart,03-17-2023,3.02,77.39,,2.0,Bike,Cash,  Mumbai  
ORD001916,CUST00216,DRV0282, Rapido,03-11-2023,6.98,146.97,0.0,3.0,Sedan,Net Banking, Gurugram
ORD002089,CUST01144,DRV0484,indrive,18 Oct 2024,10.92,164.52,,4.0,Pool,  Net Banking  ,Mumbai
ORD000284,CUST02596,DRV0120,Rapido,07-12-2025,6.36,132.98,0.0,3.0,  SUV  ,Wallet,Chennai
ORD004879,CUST01121,DRV0325,ola,21/05/2025,4.41,98.51,0.0,3.0,xl,Cash,KOLKATA
ORD002756,CUST01785,DRV0284,BluSmart,24/01/2023,1.26,,0.0,2.0,  XL  ,Wallet,Jaipur
ORD000709,CUST02086,DRV0334,rapido,05-05-2023,4.14,77.35,18.88,4.0,Sedan,Cash,pune
ORD001664,CUST02752,DRV0078,,2025/10/27,2.88,70.76,,5.0,Mini,cash,Kolkata
ORD003793,CUST00640,DRV0330,Uber,02-09-2023,1.21,59.83,,3.0,AUTO,  UPI  ,  Jaipur  
ORD000521,CUST02651,DRV0494,Meru,2024/04/21,4.3,95.43,,3.0,  Mini  ,  Cash  ,Lucknow
ORD001776,CUST01507,DRV0260,Meru,15/02/2024,9.41,189.97,,5.0,  Mini  ,wallet,faridabad
ORD000760,CUST00750,DRV0107, Namma Yatri,23 Feb 2025,4.28,101.67,,5.0,Bike,Wallet,HYDERABAD
ORD003638,CUST02707,DRV0435,Namma Yatri,2024/04/09,1.03,48.85,51.46,4.0,BIKE,Card,Bhopal
ORD003513,CUST00126,DRV0451,MERU,2025/07/15,18.82,,0.0,4.0,  XL  ,UPI,delhi
ORD004299,CUST02798,DRV0091,Namma Yatri,00-00-0000,14.49,263.26,0.0,1.0, XL,CARD,Mumbai
ORD004099,CUST02705,DRV0357,Ola,02-15-2023,5.99,94.69,,5.0,  Sedan  ,Net Banking,  Gurugram  
ORD003526,CUST00525,DRV0252,Jugnoo,2025/09/09,2.59,81.26,0.0,2.0,Sedan,Net Banking,hyderabad
ORD000037,CUST01844,,BLUSMART,06-19-2023,2.08,65.19,,1.0,SEDAN,  Wallet  ,Mumbai
ORD000027,CUST02991,DRV0232,Namma Yatri,04/02/2024,,,,2.0,XL,WALLET,Bangalore
ORD000897,CUST00174,DRV0299,UBER,,16.53,214.65,,4.0,Bike,,Indore
ORD002864,CUST01504,DRV0012,Meru,2025/12/26,16.21,285.02,,4.0,Prime,UPI,Delhi
ORD000086,CUST00206,DRV0011,MERU,10-05-2023,3.23,97.76,,3.0,XL,Card,  Ahmedabad  
ORD004569,CUST00125,DRV0020,,09-08-2023,16.69,256.44,19.88,5.0,Prime,CASH,Faridabad
ORD003648,CUST01197,DRV0464,BluSmart,2023/11/26,10.26,144.5,,4.0,Prime,  UPI  , Chennai
ORD002882,CUST01535,DRV0002,rapido,16-05-2024,7.12,,19.5,2.0,  Bike  ,Net Banking,Gurugram
ORD003358,CUST02804,DRV0497,BluSmart,17/10/2023,18.3,226.18,,3.0,Sedan,Card,Chennai
ORD003719,CUST01116,DRV0301, Ola,25/04/2023,4.38,78.29,46.4,5.0,Pool,  UPI  ,  Faridabad  
ORD003982,CUST00129,DRV0033,NAMMA YATRI,2025/04/07,0.51,47.26,21.9,4.0,POOL,  UPI  ,Indore
ORD001739,CUST00904,DRV0297,NAMMA YATRI,06-10-2025,,,,1.0, Auto, Net Banking,  Jaipur  
ORD002128,CUST01459,DRV0436,InDrive,2023/09/07,4.3,99.88,0.0,2.0,XL,card,INDORE
ORD000876,CUST00551,DRV0151,Uber,13-09-2025,,,,3.0,SUV,Cash,CHENNAI
ORD000148,CUST02482,DRV0273,  Rapido  ,27 May 2024,6.97,97.86,0.0,2.0,xl,NET BANKING,bangalore
ORD001701,CUST02218,DRV0154,meru,17-04-2025,,Rs nan,44.69,3.0,mini,UPI,chennai
ORD001094,CUST00269,DRV0038,Rapido,10-11-2023,4.78,109.14,0.0,3.0, Auto,wallet,pune
ORD002113,CUST02565,DRV0373,Jugnoo,2025/08/07,11.52,162.22,,2.0,AUTO, Net Banking,chennai
ORD001851,CUST02714,DRV0497,Meru,10-06-2023,14.72,186.41,,2.0,prime,CARD,Noida
ORD000928,CUST00801,DRV0162,Rapido,2023/08/30,16.76,311.36,,3.0,PRIME,Cash,Kolkata
ORD000528,CUST00246,DRV0288,Uber,2023/04/25,0.41,44.94,,,Mini,Wallet,  Bhopal  
ORD001263,CUST02592,DRV0381,  Namma Yatri  ,2023/09/29,5.33,105.24,84.44,3.0,Prime, UPI, Pune
ORD003895,CUST01868,DRV0081,blusmart,11-09-2023,2.59,81.89,0.0,3.0,sedan,upi,Delhi
ORD003538,CUST00593,DRV0173,  InDrive  ,03-01-2023,6.16,105.21,0.0,5.0,MINI,CARD,JAIPUR
ORD002949,CUST02600,DRV0446,InDrive,03-05-2024,0.77,47.08,,2.0,mini,  Cash  ,jaipur
ORD000800,CUST02855,DRV0466,Meru,2025/11/21,0.59,49.8,,4.0,  Sedan  ,Card,Indore
ORD002614,CUST00095,DRV0280,JUGNOO,24/11/2025,,,,4.0,Prime,UPI,Jaipur
ORD003249,CUST02219,DRV0030,BluSmart,08 Feb 2023,9.13,201.07,0.0,4.0,Mini,net banking,  Bangalore  
ORD004749,CUST02969,DRV0316,RAPIDO,30-08-2023,12.62,142.78,,5.0,bike,,JAIPUR
ORD003867,CUST00795,DRV0438, Uber,,8.16,,,4.0,BIKE,CASH,Ahmedabad
ORD000382,CUST01491,DRV0480,Uber,19-04-2024,2.91,82.51,,3.0,Mini,  Card  ,GURUGRAM
ORD000486,CUST02141,DRV0356,Namma Yatri,03-12-2023,13.14,154.29,0.0,,Bike,net banking,Mumbai
ORD004358,CUST02401,DRV0357,meru,02/06/2025,15.9,210.57,93.33,4.0,Prime,Card,Delhi
ORD002329,CUST00046,DRV0311,BLUSMART,00-00-0000,7.83,,,3.0,Prime,  Wallet  ,Lucknow
ORD001702,CUST01302,DRV0362,Jugnoo,11/01/2025,20.23,384.64,67.13,3.0,BIKE,  UPI  ,  Indore  
ORD003369,CUST02311,DRV0262,ola,20 Nov 2023,5.22,86.63,0.0,5.0,Pool,Net Banking,Noida
ORD001103,cust01352,DRV0202,Jugnoo,10-01-2024,10.18,129.42,53.22,3.0,Pool,Net Banking,Faridabad
ORD000597,CUST02203,DRV0016,MERU,11-09-2024,4.1,91.65,,3.0,pool,  Wallet  ,Indore
ORD003800,CUST02017,DRV0262,,2023/10/27,8.11,132.03,29.03,1.0,XL, Net Banking,Noida
ORD004783,CUST00159,DRV0179, Uber,10-10-2023,1423.01,11844.7,,5.0,Prime,NET BANKING,CHANDIGARH
ORD001595,CUST00602,DRV0394,Rapido,16 Apr 2024,17.14,199.99,0.0,3.0,XL,Cash,FARIDABAD
ORD000493,CUST00374,DRV0274,uber,29/06/2023,10.57,187.53,0.0,4.0, Sedan,cash,Pune
ORD001796,CUST02683,DRV0466,MERU,2025/10/27,4.58,,44.4,3.0,mini,Card,  Noida  
ORD002627,CUST02929,DRV0361,namma yatri,2023/02/21,10.36,134.87,,2.0,SUV,Cash,Chennai
ORD000580,CUST00157,DRV0482, Rapido,31-12-2024,14.11,271.54,,4.0,auto,WALLET,FARIDABAD
ORD001803,CUST01148,DRV0426, Uber,25-06-2025,11.59,159.23,84.77,,XL,Wallet, Ahmedabad
ORD002656,CUST01487,DRV0110,UBER,09/05/2025,9.8,140.3,5.89,1.0,Mini,UPI,CHANDIGARH
ORD000607,CUST00380,DRV0070,InDrive,27/06/2024,4.64,92.01,,5.0,PRIME,WALLET,noida
ORD000840,CUST00398,DRV0237,Namma Yatri,12/04/2023,2.26,0,0.0,4.0,Pool,Net Banking,AHMEDABAD
ORD004209,CUST00760,DRV0453,Uber,2023/07/04,1.5,66.99,,4.0,  XL  ,Net Banking,Ahmedabad
ORD000643,CUST02724,DRV0316,Namma Yatri,07-10-2023,14.26,270.21,92.43,5.0,SUV,upi,Jaipur
ORD004604,CUST01146,DRV0212,INDRIVE,2023/01/12,13.68,213.18,93.08,1.0,  SUV  ,upi,  Gurugram  
ORD004777,CUST00455,DRV0425,Meru,08 Jan 2025,3.32,84.67,81.42,3.0,bike,  UPI  ,Pune
ORD002469,CUST01309,DRV0033,Rapido,00-00-0000,8.89,Rs 190.7,,2.0,  Prime  ,Wallet,Chandigarh
ORD004432,CUST00257,DRV0175, Ola,2024/10/08,,,0.0,4.0,xl,Wallet, Jaipur
ORD001830,CUST01778,DRV0092,Ola,01-01-2024,14.64,208.48,94.22,2.0,Bike,UPI,Chennai
ORD004217,CUST00661,DRV0222,uber,12-11-2025,11.47,242.56,0.0,1.0,Mini,Wallet,Jaipur
ORD002722,CUST00282,DRV0359,BluSmart,2024/03/05,4.89,-104.56,46.94,1.0,Pool,Cash,Delhi
ORD004055,CUST02408,DRV0495,Ola,25 Apr 2023,4.71,85.36,95.63,,Bike,card,Chennai
ORD002138,CUST00390,DRV0120,Uber,02 Mar 2024,8.44,159.99,,4.0,Sedan,wallet,  Gurugram  
ORD004584,CUST02997,DRV0445, Namma Yatri,09/01/2024,12.42,164.72,0.0,3.0,Sedan,upi,  Bangalore  
ORD004410,cust01783,DRV0439,,09-28-2023,8.09,169.32,90.11,5.0,Auto,UPI,DELHI
ORD001982,CUST00954,DRV0401,BluSmart,2023/12/09,7.31,118.18,0.0,1.0,Mini,Wallet,  Lucknow  
ORD001437,CUST01097,DRV0166,ola,2025/03/20,12.25,176.71,0.0,4.0,  SUV  ,,  Bhopal  
ORD003241,CUST02001,DRV0310,BluSmart,06-23-2025,7.53,117.36,11.53,1.0,Sedan,Wallet,kolkata
ORD001179,CUST01118,DRV0144,Rapido,04-06-2025,,,,4.0,Mini,cash, Bangalore
ORD003760,CUST00879,,blusmart,13-02-2024,,,,2.0,Pool,WALLET, Hyderabad
ORD000398,CUST01406,DRV0260,Meru,06-18-2024,5.42,121.57,56.01,,XL,UPI,Hyderabad
ORD001543,CUST01209,DRV0025,  Meru  ,05-04-2024,7.27,105.83,0.0,4.0,  Mini  ,Wallet,indore
ORD002969,CUST01607,DRV0180,BluSmart,12-27-2023,4.22,112.52,0.0,2.0,pool,Card,Mumbai
ORD003521,CUST02850,DRV0250,InDrive,04-01-2025,13.97,177.03,64.31,2.0, Sedan,Wallet,chandigarh
ORD000451,CUST02408,DRV0487,UBER,07/05/2023,9.29,197.78,0.0,3.0,Pool,Wallet,Indore
ORD000931,CUST01784,DRV0027,  Rapido  ,2023/05/26,5.94,106.61,22.94,4.0,Pool,UPI,Delhi
ORD003868,CUST01166,DRV0390,Jugnoo,10-19-2023,13.55,163.28,0.0,4.0,Sedan,  Card  ,Hyderabad
ORD003238,CUST00586,DRV0229,  Jugnoo  ,2025/06/02,13.86,255.61,52.34,,PRIME,UPI,Bhopal
ORD004764,CUST00969,DRV0063,namma yatri,2025/06/18,8.96,164.45,,4.0,MINI,Wallet,Kolkata
ORD000395,CUST02488,DRV0163,Uber,2023/09/25,7.66,150.97,19.31,3.0,Prime,UPI,noida
ORD004590,CUST00541,DRV0035,Ola,04-10-2024,3.33,73.78,0.0,4.0,Sedan,NET BANKING,Chennai
ORD004866,CUST00901,DRV0030,Uber,2024/08/05,9.86,202.56,47.73,4.0,bike,card,Chennai
ORD003840,CUST01000,DRV0449,INDRIVE,2024/03/22,11.31,197.24,,3.0,XL,WALLET,CHANDIGARH
ORD001937,CUST02218,DRV0135,UBER,17-07-2023,15.6,241.2,,1.0,XL,Cash,PUNE
ORD001438,CUST00619,DRV0134,Uber,03-05-2023,9.61,137.58,,,  Auto  ,Card,BHOPAL
ORD004732,CUST00328,DRV0128,indrive,27-11-2024,15.96,224.27,0.0,5.0,Bike,Net Banking, Noida
ORD003031,CUST01598,DRV0466,Namma Yatri,27/05/2023,13.24,,0.0,5.0,sedan,CASH,lucknow
ORD004671,CUST01785,DRV0347,INDRIVE,11/05/2023,7.65,167.37,,1.0,Bike,Cash,Delhi
ORD004750,CUST02145,DRV0195,InDrive,25 Feb 2024,13.93,235.9,86.67,2.0,Pool,UPI,  Noida  
ORD003537,CUST02578,DRV0265,Meru,08/08/2025,2.09,72.68,0.0,1.0,Mini,CARD,Lucknow
ORD001914,CUST02091,,Uber,06-02-2024,7.11,129.03,0.0,5.0,BIKE,Cash,Delhi
ORD002256,CUST01687,DRV0488,Namma Yatri,16-08-2025,2.12,70.9,73.5,4.0,,UPI,Pune
ORD003636,CUST02867,DRV0376,INDRIVE,,11.99,217.48,0.0,2.0,  Auto  ,Net Banking,Indore
ORD000115,CUST02230,DRV0494,Meru,2025/01/03,,,0.0,1.0,,Net Banking,indore
ORD000089,CUST00724,DRV0463,  BluSmart  ,21/07/2024,13.12,227.05,0.0,5.0,Auto,Wallet,Delhi
ORD002255,CUST02339,DRV0022,RAPIDO,2023/06/13,12.34,223.76,87.04,3.0,Mini,Card,Lucknow
ORD003220,CUST00021,DRV0054,Jugnoo,21-07-2024,5.7,101.51,48.52,0.0,BIKE,Wallet,Ahmedabad
ORD003051,CUST02051,DRV0386,Rapido,19-05-2025,4.89,97.85,0.0,5.0,auto,Card,lucknow
ORD001182,CUST01037,DRV0183, Jugnoo,,1.73,54.6,0.0,3.0,Bike,UPI,BHOPAL
ORD004813,CUST02708,DRV0054, InDrive,05/12/2024,,,0.0,3.0,SUV,cash,faridabad
ORD001539,CUST02692,DRV0189,BLUSMART,23-03-2025,,,0.0,4.0,  Bike  ,UPI,Ahmedabad
ORD003196,CUST00320,DRV0303,,03-11-2023,2.45,64.69,0.0,1.0,Pool,Card,Faridabad
ORD000949,CUST02244,DRV0402,jugnoo,,12.63,200.22,0.0,3.0,AUTO,UPI,chennai
ORD002976,CUST00421,DRV0147,blusmart,09/10/2025,4.7,82.0,63.29,4.0,auto, Net Banking,noida
ORD003717,CUST01148,DRV0031,Uber,12 Oct 2024,3.73,85.63,,3.0,SUV,  Net Banking  ,Lucknow
ORD003748,CUST00721,DRV0125,Rapido,12-11-2025,18.53,288.65,,2.0,SUV,Card,delhi
ORD001323,CUST01289,DRV0234,Jugnoo,03-25-2023,4.81,120.74,0.0,5.0,Mini,wallet, Bhopal
ORD002788,CUST02468,DRV0347,InDrive,2024/10/08,6.92,99.06,,, Sedan,net banking,Chennai
ORD002727,CUST01373,DRV0298,meru,29-06-2023,4.64,88.26,49.12,4.0,Bike,Cash,Delhi
ORD001509,CUST02985,DRV0100,indrive,01-04-2025,13.6,-172.88,,4.0,bike,NET BANKING,HYDERABAD
ORD002069,CUST01988,DRV0453,Namma Yatri,2023/06/12,0.99,50.8,40.05,5.0,Auto,Wallet,
ORD001865,CUST02358,DRV0436,uber,30 Mar 2024,16.33,284.03,0.0,3.0, Sedan,NET BANKING,Bhopal
ORD000869,CUST00436,DRV0433,  Namma Yatri  ,07-29-2023,6.21,117.61,,1.0, Prime,Card,Mumbai
ORD000097,CUST00772,DRV0023,BluSmart,29-09-2025,20.2,213.03,0.0,5.0,prime,Cash,Indore
ORD002170,CUST00205,DRV0389,Rapido,2024/05/24,13.92,209.05,23.33,4.0,Sedan,  Cash  ,INDORE
ORD000635,CUST02474,DRV0347,Jugnoo,18/06/2024,4.26,81.64,,5.0,BIKE,net banking,Ahmedabad
ORD002248,CUST02853,DRV0132,  BluSmart  ,11/04/2023,5.31,122.65,0.0,3.0,  Bike  ,Net Banking,  Lucknow  
ORD000221,CUST01646,DRV0429,Rapido,2024/05/05,9.51,152.52,0.0,5.0,prime,UPI,Gurugram
ORD002752,CUST00273,DRV0247,Meru,00-00-0000,17.25,250.83,,1.0, Prime,card,
ORD003000,CUST02785,DRV0093,  Namma Yatri  ,19-09-2023,-6.02,30,58.38,4.0,  Auto  , Wallet, Jaipur
ORD004104,CUST02735,DRV0050,JUGNOO,20/07/2023,8.89,177.74,26.49,4.0, Pool,UPI,AHMEDABAD
ORD002793,CUST01267,DRV0415,  Jugnoo  ,16 May 2023,8.19,137.96,0.0,5.0,SUV,Cash, Jaipur
ORD003599,CUST02593,DRV0178,BluSmart,13-08-2024,14.8,218.17,,1.0,POOL,cash,Mumbai
ORD002085,CUST02580,DRV0492,indrive,2025/07/16,0.01,40.13,,3.0,Mini,Net Banking,Bhopal
ORD000305,CUST00491,DRV0232,ola,2025/10/20,3.6,93.82,-37.88,5.0, SUV,Wallet,Bangalore
ORD003098,CUST01474,DRV0213, Ola,16/04/2023,15.94,305.55,,5.0,Pool,NET BANKING,Hyderabad
ORD004198,CUST01995,DRV0086,ola,12-27-2023,,,-43.35,2.0,Sedan, Wallet,Hyderabad
ORD001852,CUST00384,DRV0285,  Jugnoo  ,05/10/2025,0.0,40.0,0.0,3.0,POOL,UPI,CHANDIGARH
ORD002067,CUST01066,DRV0185,UBER,27-03-2024,5.64,118.88,,1.0,Bike,Card,jaipur
ORD002713,CUST00929,DRV0424,meru,22-08-2024,7.74,159.75,12.67,4.0,MINI,WALLET,Gurugram
ORD003468,CUST01448,DRV0358,Meru,18-11-2024,8.89,171.39,0.0,5.0,Auto,Wallet,Chennai
ORD001097,CUST02048,DRV0420,Rapido,02 Jan 2025,14.46,286.12,,2.0,mini,UPI,lucknow
ORD003410,CUST00285,DRV0053,Jugnoo,,,,0.0,9.0,Mini,Net Banking,Chandigarh
ORD000047,CUST00264,DRV0236,RAPIDO,11-10-2025,1.12,56.52,,3.0,Bike,upi,KOLKATA
ORD001146,CUST01574,DRV0447,  InDrive  ,27/02/2025,19.05,219.52,0.0,1.0,SUV,Cash,Gurugram
ORD000613,CUST00447,DRV0261,blusmart,2023/08/10,8.15,162.56,74.17,1.0,SEDAN,upi,Indore
ORD003830,CUST00042,DRV0438,  Namma Yatri  ,27-01-2023,12.41,186.96,54.53,3.0,Mini,CASH,Hyderabad
ORD003504,CUST02512,DRV0376,Uber,03-24-2023,9.87,122.63,0.0,4.0,Auto,CASH, Mumbai
ORD002534,CUST00852,DRV0043,BluSmart,10-26-2023,3.64,105.51,73.37,5.0,SUV,net banking,  Chandigarh  
ORD000718,CUST00755,DRV0094,blusmart,19/03/2025,0.94,54.32,0.0,2.0,  XL  ,Card,BANGALORE
ORD001495,CUST00744,DRV0125,JUGNOO,2025/05/27,11.24,180.11,0.0,5.0,  SUV  ,  UPI  , Noida
ORD003111,CUST02985,DRV0342,Uber,17 Jul 2024,7.13,127.33,,1.0,Auto,  Net Banking  ,Faridabad
ORD000596,CUST02757,DRV0083,MERU,10-16-2023,11.69,227.6,0.0,5.0,  SUV  ,  Cash  ,Bhopal
ORD000590,CUST00185,DRV0261, BluSmart,03-08-2023,0.66,51.42,0.0,4.0, Prime,Card, Delhi
ORD000523,,DRV0223,Meru,2023/07/25,11.71,134.83,,3.0,  SUV  , UPI,Bhopal
ORD002751,,DRV0115,ola,2025/04/27,10.31,149.03,,1.0, Bike,  Net Banking  ,Delhi
ORD003143,CUST01335,DRV0465,rapido,2025/08/08,11.1,141.88,0.0,,Auto, UPI,CHENNAI
ORD001589,CUST01596,DRV0416,  Ola  ,14 Sep 2025,5.64,85.13,81.32,3.0,xl,Card,Bhopal
ORD004319,CUST00874,DRV0457,Ola,2024/02/11,15.84,303.54,,5.0,Sedan,UPI,lucknow
ORD004553,CUST01221,DRV0380, Ola,16/08/2025,12.89,199.9,22.39,2.0,Mini,Cash,Pune
ORD000079,CUST00777,DRV0150,BLUSMART,11 Dec 2023,9.55,163.46,85.54,4.0, Sedan,  Net Banking  ,Lucknow
ORD003068,CUST00625,DRV0207,MERU,26 Jul 2024,19.37,0,,3.0,  XL  ,,Bangalore
ORD004859,CUST02563,DRV0008,Ola,,14.1,67078.38,,5.0,bike,wallet,hyderabad
ORD001069,CUST00611,DRV0152, Meru,15-08-2023,13.85,274.86,0.0,1.0,Mini, Wallet,gurugram
ORD003297,CUST01120,DRV0124,ola,15-03-2023,9.1,140.2,,2.0,Mini,card,  Mumbai  
ORD004266,CUST02218,DRV0446,BluSmart,2025/03/15,4.72,79.58,,5.0,MINI,Wallet,Mumbai
ORD003221,CUST01928,DRV0127,Ola,2023/05/08,6.91,150.13,0.0,4.0,PRIME,cash,gurugram
ORD004212,CUST01028,DRV0477,jugnoo,2024/04/28,19.75,343.83,,5.0,suv,  Cash  ,  Lucknow  
ORD002781,CUST00383,DRV0486,RAPIDO,01 Aug 2025,7.18,118.06,,5.0,Pool,Cash,NOIDA
ORD004657,CUST02829,DRV0289,INDRIVE,12-10-2025,1.92,72.94,0.0,,XL,Card,hyderabad
ORD003117,CUST02080,DRV0170,,03 Jul 2025,18.88,370.3,51.59,1.0,Auto,Card,Gurugram
ORD004158,CUST01732,DRV0438,jugnoo,2023/05/03,9.26,200.39,,2.0, SUV,  Cash  ,Ahmedabad
ORD001218,CUST01773,DRV0130, Rapido,17/03/2024,1.45,63.15,0.0,,Prime,UPI,BHOPAL
ORD002553,CUST01492,DRV0156,Rapido,05/01/2025,6.49,120.63,0.0,4.0,Sedan,  Wallet  ,Lucknow
ORD004662,CUST02840,DRV0024,Rapido,22-09-2025,7.56,152.74,0.0,4.0,xl,UPI,Chennai
ORD001875,CUST00301,DRV0272,Namma Yatri,2023/12/24,8.73,137.39,,1.0,Auto,Cash,  Hyderabad  
ORD003257,CUST02724,DRV0451,  Rapido  ,2024/11/06,,,0.0,4.0,XL,UPI,NOIDA
ORD004612,CUST01187,DRV0072,MERU,00-00-0000,5.25,98.62,,3.0,Auto,Card,Bhopal
ORD001619,CUST01090,DRV0495,Ola,2023/11/26,2.77,80.76,,,SUV,  Wallet  ,Jaipur
ORD001911,CUST00895,DRV0013,BluSmart,2024/04/27,2.26,75.5,,3.0,bike,Wallet,KOLKATA
ORD000416,CUST01923,DRV0398,Jugnoo,12-04-2025,8.24,173.12,0.0,, Pool,upi,Chennai
ORD003265,,DRV0433,InDrive,2023/05/24,11.24,198.02,,5.0, Auto,UPI,ahmedabad
ORD001684,CUST01811,DRV0162,InDrive,06-05-2024,,,0.0,1.0,POOL,Cash,Mumbai
ORD001594,CUST01288,DRV0215,Uber,12-06-2023,6.34,94.62,59.02,4.0,XL,  Wallet  ,Jaipur
ORD003460,CUST00400,DRV0007,namma yatri,03-04-2025,5.67,98.57,,1.0,PRIME,  Wallet  ,Delhi
ORD002591,CUST00598,DRV0389,Namma Yatri,2025/12/02,19.26,277.06,0.0,3.0,SUV,Net Banking,Ahmedabad
ORD003094,CUST01792,DRV0294,BLUSMART,17-06-2024,11.39,144.07,0.0,5.0,Sedan,Cash,Bhopal
ORD001764,CUST00203,DRV0172, BluSmart,00-00-0000,10.38,204.07,51.65,5.0,Prime,NET BANKING,Jaipur
ORD003023,CUST00091,DRV0265, Jugnoo,26/02/2025,1.04,52.2,0.0,2.0,,Cash, Chennai
ORD002586,CUST00225,DRV0349,BluSmart,18-02-2025,10.89,Rs 204.17,41.08,3.0,xl,  UPI  ,Kolkata
ORD003014,CUST02549,DRV0007,Namma Yatri,22-02-2025,3.4,85.87,0.0,1.0,Pool,wallet, Ahmedabad
ORD001958,CUST02593,DRV0122,Uber,19/02/2025,5.48,94.78,0.0,1.0,Bike,,  Lucknow  
ORD004189,CUST01644,DRV0384,  Namma Yatri  ,14-05-2025,10.97,220.54,0.0,5.0,Prime,CARD,CHENNAI
ORD001697,CUST01590,DRV0424,Uber,15-01-2023,10.44,171.75,0.0,1.0,Bike,  Cash  ,hyderabad
ORD004182,CUST02599,DRV0226,Rapido,29/01/2024,15.73,300.32,,,mini,CARD,MUMBAI
ORD003006,CUST02442,DRV0053,meru,05-01-2025,7.9,143.64,41.53,4.0,SUV,Cash,  Bhopal  
ORD000753,CUST02309,DRV0088,,25-07-2023,17.11,345.84,81.84,5.0,Sedan,Cash,  Pune  
ORD002292,CUST00062,DRV0091,Uber,12-29-2025,11.56,173.14,0.0,3.0,,UPI, Indore
ORD004372,CUST01224,DRV0236,Ola,23-05-2024,11.3,152.68,71.61,,SEDAN,WALLET,pune
ORD001678,CUST01472,DRV0392,BluSmart,14-09-2025,8.48,173.27,,1.0,Sedan,Cash,Indore
ORD003335,CUST00619,DRV0231, Uber,07-23-2025,5.56,108.2,,2.0,Bike,Card,bhopal
ORD004281,CUST01316,DRV0046,,2025/08/22,2.4,70.75,0.0,5.0,Mini,UPI,Bangalore
ORD004277,CUST01928,DRV0272, Meru,11 Mar 2023,11.25,158.75,0.0,,Prime,Cash,  Pune  
ORD000355,CUST01555,DRV0379,Rapido,08-08-2025,1.48,53.19,,1.0,SEDAN,CASH,pune
ORD001065,CUST00601,DRV0413,Namma Yatri,04-25-2024,3.1,81.76,42.33,4.0,Prime,UPI,BHOPAL
ORD002225,CUST00277,DRV0319,blusmart,2023/11/12,1.05,50.63,,0.0,XL,Cash,Kolkata
ORD004571,CUST01656,DRV0164,Rapido,20/05/2025,0.23,42.1,,2.0,XL,upi,faridabad
ORD004478,CUST00135,DRV0021,  Namma Yatri  ,05-08-2024,3.17,89.99,,2.0,suv,Cash,GURUGRAM
ORD002337,CUST01099,DRV0307,Rapido,08-07-2023,,,0.0,5.0,Sedan,WALLET,Delhi
ORD002942,CUST00709,DRV0176,InDrive,,8.34,189.04,76.07,4.0,AUTO,UPI,Bangalore
ORD004063,CUST02865,DRV0466,Meru,06 May 2023,7.63,175.7,0.0,4.0,SUV,Net Banking,indore
ORD001476,CUST00087,DRV0282,InDrive,21-07-2023,3.06,0,,5.0,Pool,Card,
ORD004231,CUST00254,DRV0183,BluSmart,25-12-2023,9.37,152.42,0.0,4.0,XL,Wallet,pune
ORD004973,CUST02946,DRV0060,Ola,06-12-2023,9.93,134.08,,1.0, Auto,WALLET,INDORE
ORD001308,CUST02410,DRV0464,Jugnoo,02-20-2024,7.5,170.71,,3.0,Bike,Cash,Lucknow
ORD004839,CUST02709,DRV0258,Uber,00-00-0000,1.32,51.69,,1.0,AUTO,Card,GURUGRAM
ORD000003,CUST01684,DRV0337,Jugnoo,10-01-2024,,,0.0,2.0,Bike,Wallet,Hyderabad
ORD002098,CUST02847,DRV0129,MERU,05-07-2024,5.24,91.21,,0.0,  Prime  ,,Chennai
ORD002616,CUST01955,DRV0275,  Jugnoo  ,07-08-2025,14.3,232.19,0.0,2.0,xl,cash,Hyderabad
ORD001068,CUST02025,,Uber,02-07-2023,11.48,234.22,,3.0, SUV,net banking,Faridabad
ORD004692,CUST02406,DRV0188,InDrive,26-09-2023,,,0.0,4.0, Bike,UPI,Ahmedabad
ORD000181,CUST00192,DRV0056,Uber,2025/01/22,7.47,99.97,0.0,3.0,SUV,cash,Noida
ORD000147,CUST01062,DRV0112,BLUSMART,2025/01/08,6.47,109.74,0.0,2.0,bike,Net Banking,Chennai
ORD000630,CUST01771,DRV0184,Jugnoo,05-31-2023,14.11,217.62,0.0,5.0,Bike,Card,Bangalore
ORD002809,CUST02338,DRV0338,MERU,27-06-2023,18.04,318.19,,5.0,Prime,cash,  Kolkata  
ORD000402,CUST01541,,Uber,13/10/2024,9.44,141.94,49.89,5.0,SEDAN,Wallet,Bhopal
ORD002462,CUST01632,DRV0247,InDrive,2025/01/07,12.04,240.73,0.0,3.0,Auto,wallet,kolkata
ORD001105,CUST01353,DRV0337,InDrive,,2.0,57.4,,2.0,  XL  ,Net Banking, Ahmedabad
ORD002908,CUST02982,DRV0438,Uber,2023/09/27,12.24,229.95,0.0,4.0,Sedan,Net Banking,Lucknow
ORD002655,CUST02674,DRV0442,,04-16-2023,11.52,132.97,,3.0,Mini,Net Banking,GURUGRAM
ORD001450,CUST01342,DRV0382,Uber,2023/10/17,3.68,97.34,,3.0,Auto, Wallet,Pune
ORD004033,CUST01366,DRV0496,Meru,07-10-2025,10.86,223.74,58.99,1.0,pool,card, Kolkata
ORD000173,CUST00989,DRV0431,MERU,05-09-2025,7.59,151.28,,4.0,POOL,Cash,indore
ORD004192,cust01306,DRV0080,JUGNOO,11-23-2023,2.43,69.5,0.0,2.0,SEDAN,Net Banking,
ORD000668,CUST02503,DRV0345,OLA,2023/01/08,6.55,147.04,0.0,2.0,Auto,Card,Bhopal
ORD004169,CUST00037,DRV0218,,00-00-0000,14.57,296.69,0.0,5.0,auto,UPI,Pune
ORD002276,CUST01672,DRV0343,  BluSmart  ,2024/01/31,9.91,151.86,0.0,5.0,Mini,wallet, Indore
ORD001814,CUST01641,DRV0127,Ola,19-05-2023,5.0,103.62,,5.0,  XL  ,Wallet, Kolkata
ORD004402,CUST01094,DRV0466,Uber,2023/03/26,20.67,252.83,35.37,5.0, Mini,Cash,Indore
ORD002524,CUST00262,DRV0295,Rapido,04-10-2023,0.61,45.08,72.32,4.0,  Auto  ,UPI,LUCKNOW
ORD001917,CUST01589,DRV0355, Jugnoo,26-08-2025,8.97,192.62,,1.0,SUV,cash,chennai
ORD003655,CUST02448,DRV0261,Namma Yatri,08-28-2023,15.83,296.64,,5.0,Pool,upi,LUCKNOW
ORD002536,CUST01234,DRV0200,jugnoo,2024/10/14,0.55,-49.81,,4.0,MINI,Net Banking,Faridabad
ORD000495,CUST01627,DRV0381,ola,23 Feb 2025,9.43,131.55,,4.0,Pool,Wallet,INDORE
ORD002691,CUST00852,DRV0036,Ola,08/03/2023,20.62,374.03,,1.0,XL, Cash,Delhi
ORD004676,CUST02032,DRV0015,Ola,10-10-2025,9.21,122.67,81.87,4.0,  Auto  ,Card,Hyderabad
ORD002029,CUST01762,DRV0474,rapido,26-09-2024,15.01,187.82,0.0,5.0,BIKE,upi,Kolkata
ORD000776,CUST00978,DRV0306,  Uber  ,,4.47,82.22,,2.0,auto,  Net Banking  ,delhi
ORD004124,CUST00200,DRV0129,indrive,03/04/2025,6.27,101.8,,4.0,Sedan,Card,  Gurugram  
ORD002897,CUST02024,DRV0394,jugnoo,2025/05/23,6.5,149.09,51.26,1.0,  Bike  ,UPI,Mumbai
ORD001005,CUST02494,, Rapido,21-01-2024,16.13,182.27,0.0,3.0,Pool,Cash,Bangalore
ORD002252,CUST01220,DRV0029,Rapido,27-01-2023,11.1,185.3,,4.0,BIKE,Net Banking,Ahmedabad
ORD004597,CUST00885,DRV0283,jugnoo,15-01-2024,13.57,260.46,0.0,1.0,Sedan,Net Banking,pune
ORD000412,CUST00340,DRV0349,BluSmart,03/12/2023,8.23,162.2,,2.0,XL,UPI,Faridabad
ORD000259,CUST02252,DRV0269,Jugnoo,11-13-2025,16.26,295.93,14.43,4.0,XL,Cash, Pune
ORD000901,CUST02461,DRV0073,,12-03-2024,1.05,55.94,78.01,5.0,Bike,card,Gurugram
ORD003571,CUST01758,DRV0185,BluSmart,18-10-2024,5.08,90.77,0.0,,  Mini  ,  Cash  ,Faridabad
ORD004367,CUST00325,DRV0146, Meru,28-02-2023,11.49,180.49,,4.0, Sedan, Cash,Bhopal
ORD001607,CUST02291,DRV0460,  BluSmart  ,07-11-2024,12.99,-158.66,0.0,3.0,Sedan,Cash,Hyderabad
ORD003789,CUST00636,DRV0242,INDRIVE,00-00-0000,17.78,-339.11,97.15,4.0,Bike,Net Banking,Mumbai
ORD001665,CUST02974,DRV0405,meru,29/08/2023,10.34,185.05,0.0,2.0,Sedan,  UPI  ,Faridabad
ORD001524,CUST02865,,Namma Yatri,2025/04/09,0.24,43.85,,4.0,Mini, UPI,indore
ORD001416,CUST02413,,indrive,12-07-2025,6.36,135.02,,4.0,SUV,upi,Hyderabad
ORD001470,CUST01773,DRV0275,indrive,,4.87,99.38,0.0,4.0,XL,  UPI  ,Ahmedabad
ORD000792,CUST00655,DRV0032,jugnoo,20 Jan 2024,8.65,175.34,,3.0,SEDAN,UPI,Faridabad
ORD000531,CUST01712,DRV0152,InDrive,00-00-0000,7.11,134.94,0.0,5.0,Pool,UPI,BHOPAL
ORD000898,CUST01755,DRV0062,  InDrive  ,06-03-2025,7.7,152.24,,2.0, Bike,CASH,indore
ORD002355,CUST02552,DRV0337,  Ola  ,2023/09/04,550.01,8985.93,0.0,5.0,Bike,Card,bangalore
ORD003290,CUST00682,DRV0089,Meru,07 Aug 2023,13.51,233.04,0.0,5.0, Auto,Card,Noida
ORD004477,CUST01249,DRV0357,Ola,2023/02/23,11.73,214.99,0.0,3.0,pool,Cash,indore
ORD004623,CUST00460,DRV0172,Ola,02 Feb 2023,9.4,148.92,0.0,5.0,XL,wallet,Faridabad
ORD000966,CUST00199,DRV0355,namma yatri,29-05-2025,2.35,61.93,0.0,2.0,mini,Net Banking,FARIDABAD
ORD002515,CUST02653,DRV0028,  Meru  ,11-05-2024,7.27,115.23,76.49,1.0,Auto,  Net Banking  ,Mumbai
ORD000834,CUST02134,DRV0112,BluSmart,01 Dec 2023,5.6,86.09,,5.0,Auto,  Net Banking  ,Chandigarh
ORD003556,CUST02180,DRV0438,ola,,8.32,,65.96,3.0,  Bike  ,UPI, Faridabad
ORD001396,CUST00098,DRV0300,BluSmart,2025/05/18,6.15,148.73,0.0,1.0,Sedan,wallet,JAIPUR
ORD002385,CUST00674,DRV0196,Rapido,21-06-2024,12.13,241.9,91.03,1.0,BIKE,Card,Ahmedabad
ORD001434,cust01967,DRV0049,Rapido,30-07-2024,7.24,157.97,0.0,4.0, Bike,net banking,Mumbai
ORD000791,CUST00933,DRV0273,Ola,02-07-2023,9.32,201.47,0.0,5.0,xl,Wallet,Bhopal
ORD001785,CUST00571,DRV0326,Ola,04-08-2024,3.04,88.24,0.0,3.0, Auto,Net Banking,Delhi
ORD002599,CUST01258,DRV0319,Namma Yatri,2023/03/22,11.67,141.73,73.54,1.0,Mini,UPI,Lucknow
ORD000781,CUST01717,DRV0166,  Namma Yatri  ,28-07-2024,17.94,306.43,33.41,4.0,Prime,card,Faridabad
ORD004767,CUST02607,DRV0177,Uber,2024/05/17,0.3,44.64,0.0,5.0,PRIME,Card,Chennai
ORD001180,CUST02396,DRV0446,  Rapido  ,24 Apr 2025,0.21,43.56,81.91,5.0,Mini,  Net Banking  ,  Kolkata  
ORD001109,CUST00901,DRV0459,BluSmart,28-02-2025,,Rs nan,,3.0,xl,Card,Bangalore
ORD002200,CUST00465,DRV0128,namma yatri,2024/10/24,6.52,111.61,78.56,3.0,Prime,Cash,
ORD002852,CUST02653,DRV0171,  Namma Yatri  ,05-04-2023,,,,2.0,pool,Card,Delhi
ORD003371,CUST00413,DRV0368,indrive,24/09/2025,15.27,272.1,,3.0,xl,Card,Mumbai
ORD001145,CUST00584,DRV0466,Meru,09/12/2024,4.67,94.64,51.09,5.0, Pool,UPI, Mumbai
ORD003632,CUST01748,DRV0191,Uber,07-26-2025,1.41,59.95,0.0,4.0,Pool, Cash,Noida
ORD000133,CUST00023,DRV0217,JUGNOO,30-07-2025,5.72,117.44,29.45,5.0,SUV,  Net Banking  ,Faridabad
ORD002477,CUST00034,DRV0325,jugnoo,2025/10/22,13.55,280.26,,4.0,Prime,Net Banking,Gurugram
ORD002436,CUST02083,DRV0197,ola,22-08-2025,0.37,43.97,,1.0,SUV, Net Banking,Ahmedabad
ORD004947,CUST00936,DRV0179,uber,,1.64,56.5,,5.0,  Sedan  ,upi,FARIDABAD
ORD002914,CUST01542,DRV0326,InDrive,11/08/2025,5.62,86.55,52.6,1.0,SUV,Cash,  Delhi  
ORD004211,CUST02372,DRV0275,Jugnoo,15-10-2023,3.5,102.65,43.69,,Mini,Net Banking,Chandigarh
ORD001973,CUST01637,DRV0129,Meru,19 Aug 2024,13.28,230.03,5.34,1.0,BIKE,Net Banking,Bhopal
ORD002418,CUST01512,DRV0416,  InDrive  ,26-10-2023,10.8,187.22,0.0,3.0,Prime,,  Bangalore  
ORD000608,CUST02191,DRV0222,Meru,2024/03/05,6.32,140.96,,3.0,Bike,Cash,Lucknow
ORD004525,CUST01179,DRV0351,Rapido,2023/07/16,11.02,195.6,,4.0,Sedan,NET BANKING,noida
ORD002868,CUST02117,DRV0187,OLA,07-12-2024,13.08,155.24,0.0,3.0,MINI,Card,Gurugram
ORD002320,CUST01191,DRV0393,Namma Yatri,10-06-2024,,,,2.0,Auto,UPI,Ahmedabad
ORD003404,CUST01551,DRV0026,BluSmart,2024/03/25,13.15,211.7,0.0,1.0,  Mini  ,Wallet,DELHI
ORD002881,CUST02117,DRV0122,Ola,08-03-2024,11.57,197.23,80.67,1.0,BIKE, Wallet,Ahmedabad
ORD004452,CUST00488,DRV0467,Namma Yatri,31-12-2024,3.24,91.87,,,Mini, UPI,faridabad
ORD000620,CUST00607,DRV0264,UBER,04-27-2025,10.11,135.43,,5.0,MINI,WALLET,Chennai
ORD001016,CUST00414,DRV0446,,,4.16,114.46,0.0,1.0,Prime,Cash,Pune
ORD002014,CUST00539,DRV0140,Uber,16/12/2023,1.05,54.91,0.0,3.0,XL,UPI,Bangalore
ORD003454,CUST01000,DRV0192,Meru,22/04/2023,2.32,78.29,0.0,,Prime,Card, Kolkata
ORD000703,CUST02241,DRV0064,Rapido,06-11-2023,7.21,126.47,,1.0,Mini, Cash,FARIDABAD
ORD001552,CUST02173,DRV0100,MERU,04-01-2025,4.77,83.07,0.0,5.0,Auto,Cash,  Faridabad  
ORD001297,CUST00299,DRV0040,Meru,05-01-2024,8.06,155.72,0.0,1.0,XL,Wallet, Chennai
ORD001953,CUST02824,DRV0463,InDrive,27/10/2024,8.82,Rs 187.03,,2.0,Bike,,Jaipur
ORD002828,CUST01301,DRV0091,  InDrive  ,21/10/2025,4.94,83.0,0.0,1.0,XL,Card,Lucknow
ORD002724,CUST01018,DRV0021,ola,30-04-2023,3.78,97.72,,1.0,SUV,CARD,Bangalore
ORD000422,CUST00850,DRV0442,  Rapido  ,06-08-2025,8.5,192.38,,4.0,Auto,Wallet,
ORD002364,CUST02388,DRV0273,Ola,11-03-2023,3.37,84.69,0.0,5.0,XL,NET BANKING,BHOPAL
ORD003880,CUST00572,DRV0346,InDrive,02 Jun 2025,8.51,133.58,0.0,1.0,Prime,  Cash  ,Gurugram
ORD004614,CUST01260,DRV0052,Namma Yatri,01-08-2025,6.37,128.84,0.0,1.0,Pool,Wallet,bangalore
ORD001488,CUST02261,DRV0139, Uber,2025/09/22,10.55,171.08,0.0,5.0,Bike,WALLET,Indore
ORD003066,CUST00047,DRV0199, Namma Yatri,18 Oct 2023,2.23,71.82,0.0,5.0, Bike,NET BANKING,INDORE
ORD000611,CUST01794,DRV0130, Meru,18-12-2024,0.16,0,7.78,1.0,XL,CASH,Kolkata
ORD003363,CUST01468,DRV0259,RAPIDO,17-06-2025,3.19,75.29,,1.0,sedan,CARD,Lucknow
ORD002086,CUST00755,DRV0327,  Namma Yatri  ,2024/07/11,10.98,,,5.0,Sedan,Net Banking,FARIDABAD
ORD000475,CUST00420,DRV0491,BLUSMART,03-02-2023,8.56,0,0.0,1.0,auto,  Wallet  ,  Bangalore  
ORD000560,CUST02270,DRV0015,Uber,02-05-2023,-11.69,30,0.0,4.0,Sedan,Net Banking,Pune
ORD003851,CUST02484,DRV0219,Rapido,2023/08/27,3.11,74.02,0.0,5.0,Bike,Wallet,mumbai
ORD004349,CUST01435,DRV0032,UBER,00-00-0000,4.55,115.11,,2.0,Bike,Net Banking,faridabad
ORD003974,CUST02720,DRV0022,INDRIVE,31/03/2025,18.21,244.58,,,SUV, Net Banking,CHENNAI
ORD001924,CUST02942,DRV0079,Uber,,4.04,104.3,,5.0, Pool,WALLET,Kolkata
ORD003474,CUST00225,DRV0402,Uber,16-08-2023,12.39,211.59,,5.0,  Auto  ,Net Banking,gurugram
ORD001981,CUST02430,DRV0142,indrive,04-27-2025,4.7,97.52,61.17,3.0,  Bike  ,cash,  Chandigarh  
ORD001580,CUST00816,DRV0158,Meru,2025/11/24,14.53,185.9,,3.0,PRIME,UPI, Chennai
ORD002682,CUST02437,DRV0434,Meru,23/07/2024,8.14,144.13,,2.0,auto,Cash,Chandigarh
ORD001988,CUST02775,DRV0018,Rapido,2023/06/13,1.7,57.86,,1.0,Auto, Card,Pune
ORD002193,CUST00314,DRV0244,Ola,2025/09/20,17.78,266.56,0.0,4.0,Mini,UPI,Gurugram
ORD004421,CUST02222,DRV0305,InDrive,19-10-2025,6.02,138.95,0.0,4.0, SUV,  Net Banking  ,lucknow
ORD000509,CUST01538,DRV0052,Meru,2025/03/06,8.6,147.53,0.0,1.0,Pool,,Indore
ORD004508,CUST01284,DRV0363,Jugnoo,06/05/2024,,,,4.0,pool,Wallet,PUNE
ORD004027,CUST01559,DRV0449,MERU,04-12-2024,11.37,208.66,70.12,5.0,Auto,UPI,JAIPUR
ORD002431,CUST02661,DRV0420, InDrive,29/01/2023,6.67,157.41,,1.0,Prime,Cash,MUMBAI
ORD004587,CUST00453,DRV0307,NAMMA YATRI,,15.88,193.74,22.6,5.0,prime,Card,NOIDA
ORD003192,CUST01271,DRV0069,BluSmart,,21.97,244.85,,3.0,xl,Wallet,chennai
ORD001500,CUST02165,DRV0369,Rapido,29-03-2024,2.46,68.95,,2.0,Auto,Net Banking, Jaipur
ORD002907,CUST01228,DRV0398,namma yatri,2025/08/11,11.84,148.41,,3.0,sedan,net banking,Delhi
ORD001140,CUST02577,DRV0377,Uber,07-12-2025,4.89,100.11,0.0,4.0,Auto,WALLET,  Kolkata  
ORD003505,CUST01926,DRV0131,uber,21-08-2025,19.03,307.33,33.12,3.0,pool,Cash,Faridabad
ORD004326,CUST02137,DRV0053,Rapido,04/04/2024,11.8,242.68,,3.0,Pool,CARD,
ORD002802,CUST01501,DRV0293,InDrive,19-01-2024,19.43,241.88,0.0,3.0,Prime,UPI, Chennai
ORD001306,CUST00029,DRV0143,Ola,27-01-2023,12.4,184.42,34.84,2.0,Prime,Card,Noida
ORD003199,CUST01236,DRV0470,INDRIVE,00-00-0000,14.54,225.57,0.0,3.0,  XL  ,card,Kolkata
ORD001928,,DRV0255,BluSmart,28 May 2024,12.19,210.93,,5.0,Prime,UPI, Bhopal
ORD001458,CUST01618,DRV0173,Namma Yatri,05 Dec 2024,7.6,129.95,0.0,,sedan,  Card  ,Gurugram
ORD000770,cust02873,DRV0220,indrive,03-21-2025,22.91,-333.27,0.0,2.0,POOL,  Card  ,Lucknow
ORD001991,CUST02976,DRV0253,Jugnoo,2025/03/24,5.13,-97.4,0.0,3.0,XL,card,PUNE
ORD002346,CUST00987,DRV0455,BluSmart,07-09-2024,10.35,157.5,0.0,1.0,Auto,Net Banking,bhopal
ORD001303,CUST02041,DRV0077,BluSmart,2025/05/03,5.4,127.66,22.78,4.0,bike,UPI,indore
ORD003307,CUST02344,,  Ola  ,07-09-2025,8.32,149.53,92.35,5.0,  Bike  ,UPI,hyderabad
ORD000219,CUST01717,DRV0015,  BluSmart  ,00-00-0000,11.27,201.07,0.0,2.0, Mini,CASH,Faridabad
ORD001134,CUST01156,DRV0136,BluSmart,,8.99,131.49,,4.0,SUV,Cash,Faridabad
ORD000005,CUST00209,DRV0496,Rapido,10-17-2023,14.4,218.72,0.0,5.0,pool,,gurugram
ORD000439,CUST00315,DRV0406,InDrive,00-00-0000,,,,3.0,suv,UPI,DELHI
ORD001670,CUST02809,DRV0062,Namma Yatri,02-06-2025,0.59,,0.0,3.0,prime,UPI,Gurugram
ORD000250,CUST01633,DRV0307, Namma Yatri,30-04-2025,6.39,120.7,0.0,1.0,SUV,Card,bangalore
ORD003228,CUST01367,DRV0124,Meru,2023/12/31,11.31,184.14,6.17,1.0,bike,Card,BHOPAL
ORD003191,CUST00052,DRV0053, InDrive,20-12-2024,16.8,302.22,,4.0,bike,net banking,Kolkata
ORD004558,CUST00996,DRV0177,  Jugnoo  ,01-11-2023,1941.01,28372.84,0.0,3.0,Mini,UPI,Jaipur
ORD000102,CUST01742,DRV0398,Jugnoo,14-07-2025,9.25,157.23,,,Sedan,Card,pune
ORD002485,CUST02095,DRV0179,Uber,30-09-2025,14.84,251.23,0.0,1.0,Mini,Card,Indore
ORD003140,CUST02861,DRV0108,Meru,26 Aug 2023,2.91,88.01,10.9,1.0,BIKE, Card,Kolkata
ORD000610,CUST01619,DRV0383,,19 May 2023,5.05,119.51,,3.0,SUV,cash,Hyderabad
ORD003596,CUST00504,DRV0340,NAMMA YATRI,14-06-2023,15.78,182.9,,3.0,SUV,CARD,Jaipur
ORD001310,CUST00547,DRV0474,Rapido,06 Apr 2024,8.98,128.03,0.0,4.0,  Bike  , Wallet,  Chennai  
ORD001155,CUST01297,DRV0353,Uber,03 Jun 2023,15.84,197.47,0.0,1.0,SUV,upi,Hyderabad
ORD004499,CUST01403,DRV0032,Ola,02 Aug 2024,0.61,45.98,,3.0,mini,Wallet,LUCKNOW
ORD001489,CUST00659,DRV0459,uber,11-07-2025,,,0.0,3.0,Mini,CARD,Bangalore
ORD004998,CUST00099,DRV0465,  Meru  ,03/10/2025,9.09,139.2,0.0,5.0,MINI,,Noida
ORD000735,CUST02696,DRV0397,Jugnoo,30-10-2023,8.74,145.09,,2.0,XL,Cash,GURUGRAM
ORD002968,CUST02575,DRV0077, Jugnoo,30-06-2025,13.31,277.92,0.0,1.0,Pool,net banking,KOLKATA
ORD001782,CUST00728,DRV0087, Ola,13-12-2024,13.15,193.97,64.87,3.0,Sedan,net banking,  Lucknow  
ORD003523,CUST02966,DRV0357,UBER,04-05-2024,12.9,169.27,,5.0,Sedan,Card,NOIDA
ORD000468,,DRV0237,Uber,29-03-2023,15.22,226.0,70.47,5.0,Mini,  Cash  ,Bhopal
ORD003718,CUST02440,DRV0066,Rapido,2025/11/13,4.37,116.95,0.0,5.0, XL,CARD,Noida
ORD003064,CUST00094,DRV0382,InDrive,13-09-2025,12.96,222.5,,2.0,Pool,Card,Mumbai
ORD004122,CUST01706,DRV0253,BluSmart,08/04/2023,8.21,141.73,0.0,3.0,XL,UPI,delhi
ORD004476,CUST02252,DRV0359,InDrive,04/11/2024,11.06,227.92,0.0,1.0,Mini,NET BANKING,Pune
ORD003911,CUST01370,DRV0022,Uber,22-07-2023,12.8,225.24,,3.0,mini,Card,Jaipur
ORD001111,CUST00667,DRV0452,BLUSMART,13-05-2025,3.89,109.06,0.0,5.0,Sedan,wallet,Gurugram
ORD002018,CUST02559,DRV0484,Rapido,28-10-2024,16.18,226.8,,2.0,BIKE,Card,Ahmedabad
ORD000586,CUST02295,DRV0231, Rapido,09-18-2023,7.81,132.67,0.0,3.0,Bike,CARD,CHENNAI
ORD003516,CUST02095,DRV0163,OLA,20/06/2023,10.71,214.86,0.0,3.0,SEDAN,wallet,  Kolkata  
ORD003294,CUST00164,DRV0260,InDrive,06-15-2025,11.88,241.04,,2.0,Sedan,Cash,CHENNAI
ORD002719,CUST00010,DRV0285,InDrive,15/12/2025,14.41,296.32,,2.0,Auto,UPI,CHANDIGARH
ORD001806,CUST00583,DRV0254,Ola,2024/05/13,0.32,,0.0,3.0,XL,,Gurugram
ORD000739,CUST02447,DRV0142,RAPIDO,28 Jun 2023,7.44,134.27,0.0,1.0,Pool,Net Banking, Lucknow
ORD004977,CUST01518,DRV0270,rapido,24-06-2023,0.35,44.55,0.0,4.0,  Pool  ,Card,  Noida  
ORD003270,CUST00194,DRV0437,Jugnoo,06-09-2023,3.27,92.47,82.07,4.0,SUV,UPI,Delhi
ORD003055,CUST01306,DRV0169,BluSmart,10-24-2025,-0.13,38.0,0.0,4.0,Pool,Card,chennai
ORD004332,CUST02983,DRV0490,jugnoo,02-11-2024,5.83,117.2,0.0,2.0,pool,  Wallet  ,Faridabad
ORD003298,CUST02256,DRV0410,  Uber  ,00-00-0000,0.19,41.87,0.0,2.0,Pool,UPI,Faridabad
ORD000757,CUST02519,DRV0420,Meru,2024/12/05,6.42,142.85,0.0,1.0,suv,Wallet,Delhi
ORD002750,CUST02093,DRV0441,Namma Yatri,29/04/2025,6.32,126.18,,5.0,MINI,net banking, Gurugram
ORD000285,CUST02182,DRV0116,  Meru  ,25-11-2025,13.32,172.88,,5.0,Prime,Cash,Kolkata
ORD002164,CUST02810,DRV0452,Meru,19-01-2023,7.57,130.63,0.0,2.0,Bike,Net Banking,HYDERABAD
ORD003696,CUST01622,DRV0390,blusmart,20/02/2023,9.78,147.74,0.0,5.0,Sedan,net banking,Bhopal
ORD000043,CUST00096,DRV0053,INDRIVE,2024/04/05,8.84,195.11,47.71,1.0,,Cash,CHANDIGARH
ORD003235,CUST02169,DRV0018,Jugnoo,04-10-2025,11.31,190.16,0.0,3.0,  SUV  ,  Wallet  ,jaipur
ORD000636,CUST00497,DRV0335,blusmart,,7.44,152.65,,2.0,prime,Net Banking,  Faridabad  
ORD004077,CUST00415,DRV0027,uber,20-12-2024,15.71,315.74,73.52,5.0,Auto,Card,  Ahmedabad  
ORD000081,CUST02702,DRV0006,BluSmart,2024/08/22,19.08,281.43,0.0,5.0,Pool,UPI,Hyderabad
ORD002314,CUST02198,DRV0285,  Jugnoo  ,04-10-2023,9.53,183.91,,4.0,Prime,  UPI  ,hyderabad
ORD004831,CUST02817,DRV0208,Uber,01/12/2025,2.62,,11.02,3.0,XL,,bhopal
ORD004626,CUST01167,DRV0237,Rapido,04/03/2024,8.87,152.48,,5.0,xl,Wallet,  Faridabad  
ORD000194,CUST00586,DRV0288,InDrive,07-11-2023,5.73,138.99,0.0,3.0,XL,Card,Bhopal
ORD004241,CUST02227,DRV0430,Jugnoo,20/08/2023,3.68,95.83,,1.0,Sedan,Net Banking,Ahmedabad
ORD002884,CUST01756,DRV0431,blusmart,05-26-2023,12.02,209.5,0.0,5.0,suv,CASH,Kolkata
ORD000783,CUST01440,DRV0421,BLUSMART,21-07-2023,8.41,141.21,,3.0,XL,Net Banking,Kolkata
ORD004344,CUST02045,DRV0180,  BluSmart  ,2023/01/29,11.29,213.22,,3.0,Bike,net banking,Faridabad
ORD003175,,DRV0254,Uber,2025/08/02,2.99,74.79,,,XL,UPI,Chandigarh
ORD000138,CUST00604,DRV0188,Jugnoo,23/07/2025,1.69,61.23,0.0,4.0,,UPI,bhopal
ORD004490,CUST00328,DRV0462,  Jugnoo  ,05-07-2024,1.19,53.17,0.0,5.0,Sedan,  Wallet  ,BANGALORE
ORD000734,CUST01864,DRV0407,Namma Yatri,2024/02/18,4.52,107.71,,3.0,SUV,UPI,Lucknow
ORD002690,CUST00996,DRV0275, BluSmart,25/10/2023,12.91,238.35,,4.0,SUV, Net Banking,Bangalore
ORD002760,CUST02660,DRV0275,Meru,05-19-2023,1.65,60.44,0.0,1.0,Mini,net banking,Hyderabad
ORD000947,CUST02431,DRV0188,Jugnoo,2023/10/21,8.87,171.34,,1.0,Pool,wallet,Kolkata
ORD000736,CUST02342,DRV0021,ola,2024/06/12,14.99,297.24,0.0,,Pool,Card,  Chennai  
ORD002860,CUST02433,DRV0186,Namma Yatri,2024/02/15,11.05,234.0,65.04,1.0,sedan,Net Banking,Jaipur
ORD002676,CUST01010,DRV0269,Meru,2025/07/18,2.76,63.39,,5.0,xl,card,KOLKATA
ORD004272,CUST02436,DRV0155,Rapido,06 Mar 2024,,,0.0,2.0,Mini,Card,Bhopal
ORD003299,CUST02967,DRV0370,RAPIDO,21 Feb 2023,0.59,45.31,58.82,5.0,auto,Wallet,ahmedabad
ORD002171,CUST00265,DRV0346,  InDrive  ,11-19-2023,13.36,257.06,,1.0,Prime,Wallet,Ahmedabad
ORD001694,CUST01583,DRV0408,InDrive,12-06-2025,19.89,262.12,0.0,,sedan,UPI,Kolkata
ORD002859,CUST01752,DRV0477,  Jugnoo  ,10-19-2024,8.08,116.17,0.0,5.0,POOL,Cash,Gurugram
ORD004473,CUST02084,DRV0013,MERU,19 May 2024,3.85,104.5,,5.0,Sedan,Wallet,kolkata
ORD004340,CUST00417,DRV0218, BluSmart,02-07-2023,5.08,115.41,,2.0,,Cash,chandigarh
ORD004135,CUST00522,DRV0086,Ola,2024/12/12,8.7,124.33,12.2,1.0,Mini,Card,KOLKATA
ORD001406,CUST00624,DRV0075,Meru,06-29-2023,7.46,153.02,,3.0,  Bike  ,  Cash  ,Kolkata
ORD001754,CUST00923,,Rapido,18/06/2025,0.42,43.5,,2.0,XL,wallet,Bangalore
ORD001675,CUST01686,DRV0169,Namma Yatri,2025/12/21,9.68,208.57,,2.0,Prime,  Wallet  ,Lucknow
ORD003126,CUST01673,DRV0173,Namma Yatri,2024/12/03,10.24,192.99,,1.0,  Sedan  ,Wallet,Lucknow
ORD001295,CUST01684,DRV0008,BluSmart,,3.61,69.02,,3.0,Auto,UPI,  Kolkata  
ORD003854,CUST01196,DRV0077,InDrive,2025/09/09,2.82,83.94,,3.0,Prime,Wallet,Gurugram
ORD004355,CUST01490,DRV0297,Ola,09/10/2025,,,0.0,3.0,Auto,  Wallet  ,  Pune  
ORD000106,CUST01657,DRV0470,Ola,21/11/2025,8.04,136.53,0.0,1.0,Auto,UPI,Indore
ORD003488,CUST02084,DRV0329,  InDrive  ,28-09-2025,9.1,143.83,,3.0,Mini,Net Banking, Ahmedabad
ORD002230,CUST01632,DRV0405,Meru,15-08-2023,5.7,120.93,0.0,4.0,Bike,Card,Kolkata
ORD004400,CUST01098,DRV0418,Uber,29-01-2025,7.76,157.86,,2.0,Mini,CARD,chandigarh
ORD000875,CUST01518,DRV0478,MERU,10 Aug 2023,4.92,112.82,,2.0,Bike,net banking, Delhi
ORD004860,CUST02726,DRV0441,Uber,25/11/2024,3.48,93.91,93.31,2.0,Prime,Card,Ahmedabad
ORD002174,CUST02057,DRV0083,  BluSmart  ,11-24-2024,1.07,50.21,71.88,2.0,Prime,Card,Gurugram
ORD003331,CUST02131,DRV0068, Namma Yatri,12-19-2023,3.83,99.75,0.0,5.0,Pool,upi,Bangalore
ORD004751,CUST02150,DRV0068, BluSmart,10/01/2025,11.83,226.49,0.0,,SUV,wallet,Kolkata
ORD002915,CUST02254,,jugnoo,2025/08/21,3.6,102.44,0.0,2.0,POOL,  Wallet  ,AHMEDABAD
ORD001899,CUST00619,DRV0478,Jugnoo,07-03-2024,12.81,254.44,0.0,2.0,XL,Card,GURUGRAM
ORD001837,CUST00232,DRV0183,ola,,7.26,154.38,-29.24,4.0,pool,Card,lucknow
ORD004403,CUST02179,DRV0266,Ola,2024/01/03,6.17,103.74,,3.0, Auto,  Net Banking  , Indore
ORD001078,CUST00639,DRV0403,BluSmart,24/07/2025,3.2,67.42,,5.0,Bike,CARD,Gurugram
ORD002791,CUST00120,DRV0292,ola,2024/11/10,0.59,50.09,,3.0,Pool,Cash,  Bangalore  
ORD004958,CUST00540,DRV0090,Namma Yatri,2025/08/01,9.47,177.89,,4.0,pool,Wallet,Noida
ORD002728,CUST01166,DRV0374,jugnoo,,2.8,81.11,75.63,5.0,  Bike  ,NET BANKING,CHENNAI
ORD000680,CUST00756,DRV0345,namma yatri,,12.23,149.93,0.0,4.0,Bike,Net Banking,jaipur
ORD003678,CUST00717,DRV0127,uber,27-07-2025,7.08,102.63,0.0,7.0, Bike,Cash,  Jaipur  
ORD003202,CUST01511,DRV0332, Namma Yatri,03-09-2023,6.55,155.8,,4.0,SUV,card,Chennai
ORD000960,CUST01182,DRV0266,Namma Yatri,2023/12/12,11.22,0,,1.0,pool,WALLET,Pune
ORD000471,CUST02607,DRV0213,Namma Yatri,11-12-2023,15.71,207.56,,1.0,Bike,CARD,INDORE
ORD000622,CUST01733,DRV0112,Rapido,14/02/2025,12.23,255.45,,5.0,pool,  Card  ,LUCKNOW
ORD002697,CUST00839,DRV0300,Uber,,1.62,57.77,0.0,2.0,sedan,Cash,Pune
ORD001718,CUST02947,DRV0387,BluSmart,03-06-2024,18.25,227.84,0.0,3.0,Mini,Cash,Lucknow
ORD002142,CUST01817,DRV0231,Ola,23-10-2024,9.81,119.07,,1.0,AUTO,Card,LUCKNOW
ORD003365,CUST01889,DRV0412, Namma Yatri,25/03/2023,0.52,48.58,0.0,5.0,  Mini  ,CARD,Pune
ORD003012,CUST02740,DRV0353,Jugnoo,2025/03/18,5.29,116.51,0.0,3.0,AUTO,WALLET,noida
ORD001522,,DRV0417,  Rapido  ,2025/11/04,-4.99,30,57.99,5.0,Sedan,WALLET,  Mumbai  
ORD001428,CUST01528,DRV0072,Meru,02 Jan 2025,13.41,213.21,,3.0,SUV,Net Banking, Ahmedabad
ORD004382,CUST01655,DRV0441,indrive,24/02/2025,4.14,107.9,,5.0,Prime,upi,Delhi
ORD000272,CUST01904,DRV0180,  Rapido  ,08-26-2023,12.56,141.39,23.43,1.0,suv,Cash,  Bangalore  
ORD000100,CUST01055,DRV0495,  Namma Yatri  ,28-04-2025,13.32,275.44,,3.0,SUV,upi,  Jaipur  
ORD002218,CUST00801,DRV0089,Meru,2024/05/04,10.98,167.68,0.0,5.0,Sedan,card, Chennai
ORD002967,CUST01270,DRV0475,Rapido,07-19-2023,1.99,75.65,0.0,,SUV,NET BANKING,Faridabad
ORD004897,CUST02561,,INDRIVE,00-00-0000,,,0.0,4.0,Sedan,Wallet,Mumbai
ORD003734,CUST01866,DRV0398,Meru,00-00-0000,14.69,229.02,,1.0,SUV, Card,Lucknow
ORD001569,CUST00226,DRV0465,rapido,00-00-0000,7.65,172.3,0.0,5.0,SUV,Net Banking,Indore
ORD001734,CUST00301,DRV0042,Jugnoo,2025/03/07,6.36,,,4.0,Auto,Cash,Faridabad
ORD004092,CUST02769,DRV0440,Namma Yatri,01-08-2025,14.05,242.05,30.88,2.0,Sedan,CARD,Gurugram
ORD003102,CUST01642,DRV0333,OLA,2025/09/19,16.57,180.67,,1.0,MINI,wallet, Chennai
ORD003376,CUST01787,DRV0013,Meru,,9.41,124.21,,5.0,xl,WALLET,Faridabad
ORD001666,CUST01796,DRV0021,Namma Yatri,10/07/2023,10.01,172.07,0.0,1.0,xl,UPI, Indore
ORD001996,CUST02595,DRV0274,Rapido,21/04/2023,1.47,61.39,,3.0,,  UPI  ,FARIDABAD
ORD001583,CUST01032,DRV0040,namma yatri,2024/04/01,9.86,170.42,57.87,4.0,PRIME,Card,Gurugram
ORD002717,CUST02689,DRV0125,InDrive,07-16-2024,0.13,41.99,0.0,2.0,Pool,UPI,Lucknow
ORD002558,CUST00528,DRV0161,  InDrive  ,2025/08/18,13.55,237.36,97.39,5.0,SUV,CARD,Bhopal
ORD004621,CUST00348,DRV0318,,2024/01/26,3.82,86.09,17.97,3.0,suv, Card,  Chandigarh  
ORD000248,CUST01756,DRV0087,Ola,09-08-2024,11.62,208.18,0.0,5.0,Bike,Net Banking,  Chandigarh  
ORD000746,CUST02759,DRV0361,  Meru  ,2023/01/26,13.78,200.24,55.09,4.0,Mini,wallet,Indore
ORD002748,CUST01997,DRV0379,Uber,30-08-2023,18.03,347.5,0.0,1.0,mini,wallet,
ORD001765,CUST02850,DRV0003,Rapido,03-15-2023,1.85,71.41,0.0,1.0,Pool,Wallet,DELHI
ORD000428,CUST01322,DRV0238,InDrive,24-03-2023,13.21,238.55,69.84,5.0,SUV, Net Banking,  Bhopal  
ORD004398,CUST01517,DRV0062,Meru,11 Sep 2024,15.5,243.46,91.45,, Pool,Cash,Bangalore
ORD003686,CUST01218,DRV0260,Ola,,4.03,109.37,47.05,5.0,PRIME,Wallet,Hyderabad
ORD001508,CUST02875,DRV0217,Jugnoo,01-07-2025,9.29,192.22,0.0,2.0,mini,CASH,CHANDIGARH
ORD000154,CUST01815,DRV0043,indrive,2024/09/17,9.73,,,5.0,Sedan,card,noida
ORD004686,CUST02900,DRV0351,Jugnoo,16-06-2025,11.19,130.95,,5.0,POOL,UPI,Faridabad
ORD004252,CUST00725,DRV0026, Meru,13/02/2023,13.03,182.54,,4.0,sedan,NET BANKING,hyderabad
ORD002408,CUST00296,DRV0398,meru,2025/01/18,3.77,93.75,16.87,,XL,Wallet,Gurugram
ORD000011,CUST02583,DRV0429,namma yatri,,11.67,179.31,0.0,,AUTO,Card,ahmedabad
ORD002045,CUST02061,DRV0086,InDrive,05/12/2024,9.01,156.28,,4.0,prime,Cash,Bhopal
ORD004563,CUST02432,DRV0052,Namma Yatri,25-05-2025,1.16,51.56,,3.0,SUV,Cash,Chandigarh
ORD000826,CUST01551,DRV0078,Namma Yatri,10-05-2024,11.11,201.82,0.0,3.0,Sedan,UPI,
ORD001364,CUST02785,DRV0330,uber,2023/08/23,4.22,101.18,69.03,4.0,Bike,Wallet,  Noida  
ORD000808,CUST02768,DRV0422,Namma Yatri,01-03-2023,12.93,244.07,,4.0,xl,  Cash  ,BANGALORE
ORD003025,CUST00209,DRV0023,RAPIDO,04-05-2025,7.97,164.79,0.0,5.0,suv,Wallet, Ahmedabad
ORD003952,CUST01537,DRV0439, InDrive,24-07-2025,6.5,145.86,,2.0,Auto,UPI,Ahmedabad
ORD004581,CUST01771,DRV0121,UBER,,7.95,0,,4.0,mini,Card,Delhi
ORD000922,CUST01563,DRV0350,InDrive,11 May 2025,1.76,59.54,0.0,1.0,bike,Net Banking,Delhi
ORD004075,CUST02808,DRV0142, Uber,01/01/2025,1.31,57.54,,5.0,Bike,wallet, Chandigarh
ORD000830,CUST02467,DRV0149,Meru,2023/12/30,2.39,73.74,,2.0,Mini,Card,bangalore
ORD004259,CUST00455,DRV0441, Namma Yatri,2025/01/13,5.62,133.85,0.0,5.0,AUTO,CASH,Mumbai
ORD003549,CUST02208,DRV0250,BluSmart,18/11/2024,11.71,216.88,,2.0,xl, Card,Bhopal
ORD003524,CUST01207,DRV0139,Rapido,05 Jul 2023,14.29,,0.0,4.0, SUV,net banking,faridabad
ORD000946,CUST00716,DRV0113,Namma Yatri,07-26-2025,7.7,153.42,20.15,5.0,SUV,Card,Faridabad
ORD001573,CUST01618,DRV0355,Ola,14/07/2024,18.26,316.09,0.0,2.0,Mini,Card,HYDERABAD
ORD002341,CUST02291,DRV0320,BLUSMART,10-26-2024,6.53,148.31,,4.0,Auto,Net Banking,Gurugram
ORD000963,CUST01724,DRV0417,Uber,,13.16,229.77,-30.15,1.0,SUV,Cash,INDORE
ORD001258,CUST01297,DRV0055,,2024/03/21,9.9,176.86,,4.0,Prime,Card,hyderabad
ORD001637,CUST01343,DRV0054,InDrive,2023/12/16,0.03,40.41,0.0,4.0, Sedan,  Card  ,Kolkata
ORD000844,CUST02661,DRV0048,Meru,04-06-2024,14.57,259.4,,,Prime,Card, Hyderabad
ORD003378,CUST02751,DRV0095, Namma Yatri,02-05-2025,12.56,160.24,,4.0,suv,Card,Jaipur
ORD000421,CUST00461,DRV0391,jugnoo,09-23-2024,7.16,155.04,,4.0,Pool,Net Banking,BHOPAL
ORD001712,CUST00853,DRV0160,BluSmart,,14.21,171.02,79.0,5.0,  XL  ,cash,hyderabad
ORD002547,CUST02681,DRV0184,InDrive,23-02-2023,18.71,192.97,0.0,4.0,XL,Net Banking,PUNE
ORD002465,CUST00502,DRV0171,BluSmart,08-22-2024,11.1,210.11,-44.74,4.0,auto,net banking,Indore
ORD002669,CUST02394,DRV0023,MERU,2025/10/16,9.91,135.82,78.55,5.0,MINI,Wallet, Kolkata
ORD004278,CUST01367,DRV0091,BluSmart,2024/07/15,2.61,86.77,,3.0,Pool,WALLET,Noida
ORD003987,CUST00035,DRV0325,Jugnoo,24-07-2024,14.46,192.95,,2.0,AUTO,net banking,Gurugram
ORD003814,CUST00367,DRV0415,uber,20/12/2025,8.63,193.96,40.52,3.0,Bike,  Net Banking  ,indore
ORD000361,CUST02992,DRV0323,,01-14-2023,17.45,228.84,,5.0,XL,wallet, Delhi
ORD001532,CUST00824,DRV0029, Uber,02-04-2024,21.99,222.67,28.76,1.0,  Bike  ,  UPI  ,FARIDABAD
ORD003062,CUST01090,DRV0234,Rapido,24/01/2025,1.73,58.91,0.0,1.0,prime,Net Banking,Bhopal
ORD000847,CUST00500,DRV0463,  Rapido  ,2025/04/18,5.89,143.7,,2.0,Prime,NET BANKING,  Indore  
ORD000942,CUST02499,DRV0070,OLA,,9.91,159.48,75.8,4.0,pool,Net Banking,Delhi
ORD003999,CUST02141,DRV0389,InDrive,08/09/2023,4.11,76.64,0.0,1.0, Mini,  Cash  ,Hyderabad
ORD000254,CUST00772,DRV0098,  Uber  ,2023/11/09,13.78,287.73,0.0,5.0,,Card,INDORE
ORD001893,CUST01179,DRV0047,  Uber  ,23 Aug 2025,12.58,159.35,0.0,5.0,xl,UPI,chandigarh
ORD004677,CUST00387,DRV0238,jugnoo,11-12-2024,8.52,158.48,97.17,0.0,AUTO, Cash,hyderabad
ORD000469,CUST00247,DRV0390,INDRIVE,,7.35,142.81,,5.0,Pool,Card,CHANDIGARH
ORD003578,CUST00953,DRV0089,blusmart,10 May 2023,14.96,244.33,0.0,4.0,Sedan,upi,
ORD003683,CUST00721,DRV0499,,2024/11/09,8.4,131.96,0.0,5.0,  Sedan  , Cash, Pune
ORD002186,CUST02340,DRV0150,Ola,01-31-2024,11.41,192.9,59.55,3.0,Auto, Wallet,KOLKATA
ORD003494,CUST00064,DRV0392,,2025/05/26,5.72,103.77,0.0,5.0,Mini,Card, Noida
ORD003514,CUST01042,DRV0056,  BluSmart  ,10-11-2025,7.04,148.97,,2.0,Sedan,Net Banking,  Lucknow  
ORD004386,CUST00202,DRV0426,Meru,15 Jul 2023,14.36,174.31,,1.0,SUV,NET BANKING, Chennai
ORD002889,CUST01797,DRV0068,InDrive,09-24-2023,7.58,144.15,0.0,1.0,Sedan,Net Banking,Indore
ORD001491,CUST02012,DRV0283,Namma Yatri,00-00-0000,11.36,149.07,,4.0,XL,Card,Hyderabad
ORD003951,CUST01034,DRV0183,BluSmart,2024/08/03,10.18,160.98,0.0,4.0,Mini,card,Bangalore
ORD001117,CUST02443,DRV0078,Rapido,08-01-2023,19.37,360.3,,4.0,Prime,Cash,CHENNAI
ORD001900,CUST00965,DRV0258,BLUSMART,08-05-2025,14.36,198.2,0.0,1.0,Pool,CASH,Jaipur
ORD003123,CUST01252,DRV0171,  Meru  ,00-00-0000,10.7,141.39,,5.0,SUV,Cash,Delhi
ORD004186,CUST01168,DRV0166,  BluSmart  ,2025/08/08,13.13,150.19,0.0,2.0,prime,Wallet,
ORD004821,CUST00043,DRV0112,Uber,24-06-2025,7.27,161.82,0.0,1.0,Prime, Card,bangalore
ORD004668,CUST01296,DRV0152,BluSmart,08-02-2023,13.21,201.54,0.0,4.0,  Sedan  ,Net Banking,FARIDABAD
ORD003440,CUST00699,DRV0417,MERU,29/10/2024,11.72,184.81,,8.0,Sedan,upi,Chennai
ORD001839,CUST01221,,Meru,13 Feb 2024,8.35,144.42,17.32,2.0,Sedan,Card,PUNE
ORD001845,CUST01855,DRV0484,Rapido,20-02-2024,4.23,Rs nan,53.23,4.0,  Prime  ,Net Banking,Delhi
ORD003339,CUST01966,DRV0444,,22-08-2023,6.97,114.93,0.0,5.0,Bike,upi,lucknow
ORD003627,CUST00343,DRV0203,Ola,12-03-2024,13.48,164.15,,1.0,POOL,UPI,Indore
ORD002019,CUST00174,DRV0062,  Namma Yatri  ,2025/09/02,14.76,218.57,0.0,1.0,Prime,Card,Chennai
ORD002273,cust00615,DRV0120,Ola,12-24-2025,2.97,65.86,97.63,2.0,Sedan,CARD,indore
ORD001617,CUST00329,DRV0084, Ola,03-30-2023,3.23,97.85,,1.0,BIKE,UPI,Faridabad
ORD001190,CUST01224,DRV0132,  Namma Yatri  ,22 Apr 2023,12.84,176.79,0.0,3.0, Pool,NET BANKING,Chandigarh
ORD001889,CUST00821,DRV0269,Jugnoo,,11.05,-141.73,0.0,4.0,Mini,Wallet,Mumbai
ORD000346,CUST02676,DRV0317,RAPIDO,01/11/2024,7.03,165.81,0.0,4.0,Mini,WALLET,FARIDABAD
ORD001646,CUST02113,DRV0253,Jugnoo,07-17-2025,8.09,131.72,,3.0,POOL,Wallet, Delhi
ORD003105,CUST02655,DRV0106,Jugnoo,01-11-2025,12.6,Rs 253.21,0.0,2.0,Prime,upi,Delhi
ORD001989,CUST02368,DRV0159,Rapido,07/03/2024,6.4,113.98,10.48,1.0, Sedan,Wallet,Hyderabad
ORD001574,CUST02928,DRV0097,Uber,23-06-2024,8.73,177.66,,3.0, Bike,Wallet,BHOPAL
ORD001459,CUST02679,DRV0213,Rapido,03-09-2024,13.84,178.27,35.15,5.0,Bike,Wallet,DELHI
ORD000996,CUST00182,DRV0476,MERU,22-07-2025,6.07,112.28,63.71,2.0,sedan,Cash,Mumbai
ORD003775,CUST02869,DRV0451,  Ola  ,06-09-2024,,,,5.0,Prime,WALLET,  Chennai  
ORD004080,CUST00016,DRV0444,Uber,22-05-2024,7.41,109.99,,1.0, XL,Cash,Lucknow
ORD004450,CUST02579,DRV0500,Meru,25 Mar 2023,8.85,118.57,,5.0,XL,CASH,noida
ORD003296,CUST00844,DRV0134,  Uber  ,14-10-2023,10.19,219.58,,4.0, XL,Wallet,Bhopal
ORD002035,CUST00537,DRV0454,NAMMA YATRI,22-09-2024,1.58,60.7,21.11,3.0,prime,UPI,Pune
ORD002129,CUST01632,DRV0361,BLUSMART,24-05-2024,5.74,-122.17,0.0,5.0,Auto,UPI,  Delhi  
ORD003224,CUST01453,DRV0102, Jugnoo,12/11/2024,10.48,142.47,0.0,5.0,SUV, Wallet,  Noida  
ORD001895,CUST00972,DRV0497,BluSmart,2025/01/19,13.7,203.19,0.0,2.0,Pool,Net Banking,Noida
ORD004675,CUST02754,DRV0426,blusmart,28-08-2023,5.16,109.8,0.0,, Bike,cash,  Jaipur  
ORD001929,CUST02666,DRV0298,InDrive,00-00-0000,2.86,79.24,8.02,1.0,Prime,UPI,ahmedabad
ORD001356,CUST02097,DRV0472,BluSmart,11-10-2024,11.78,,0.0,1.0,Sedan,UPI,
ORD001064,CUST00362,DRV0398, Meru,11-08-2024,16.73,256.52,0.0,5.0,Sedan,Cash,Faridabad
ORD004794,CUST00869,DRV0495,Meru,2025/11/25,1073.91,14538.37,,2.0,SUV,Card,Mumbai
ORD003289,CUST02360,DRV0081,NAMMA YATRI,09-03-2025,12.02,142.27,85.69,2.0,auto,net banking,PUNE
ORD004797,CUST00669,DRV0145, Namma Yatri,00-00-0000,24.67,286.17,,4.0,xl,UPI,Bangalore
ORD003776,CUST02466,DRV0151,MERU,08-25-2025,6.05,106.66,88.45,5.0,Prime,Card,Bhopal
ORD001000,CUST01221,DRV0006,Uber,07-06-2025,8.62,126.0,0.0,4.0,Sedan,Net Banking, Bangalore
ORD002386,CUST00779,DRV0127,UBER,24 Jun 2023,12.51,226.81,,4.0,  Prime  ,cash, Chandigarh
ORD000096,CUST00334,DRV0225,Jugnoo,15-03-2025,6.48,123.71,0.0,4.0,  Bike  ,Cash,MUMBAI
ORD001714,CUST00793,DRV0179,Namma Yatri,15 Sep 2025,11.93,180.48,77.6,5.0,SEDAN, Cash,Hyderabad
ORD000805,CUST02599,DRV0417,  Meru  ,2025/04/06,15.86,204.89,,4.0,Sedan,  Net Banking  ,FARIDABAD
ORD002183,CUST02180,DRV0411,ola,2024/10/10,4.6,85.48,,1.0,Auto,card,Lucknow
ORD000325,CUST00331,DRV0023, BluSmart,2025/05/08,12.51,216.42,64.6,1.0,Pool,Net Banking,Hyderabad
ORD004708,CUST00793,DRV0042,  Jugnoo  ,26/07/2023,4.65,84.8,84.43,3.0,XL,upi,Bhopal
ORD001773,CUST01971,DRV0396,InDrive,,1699.24,29680.01,0.0,4.0,,  Wallet  ,Jaipur
ORD002928,CUST01481,DRV0079,Rapido,14-05-2023,7.85,125.57,0.0,5.0,Bike, Card,  Faridabad  
ORD001729,CUST00561,DRV0304,Rapido,00-00-0000,6.28,105.42,29.7,5.0,PRIME,UPI,  Chennai  
ORD000914,CUST00838,DRV0073,rapido,13 Jun 2024,3.73,77.37,0.0,4.0,Auto,Net Banking,bhopal
ORD001113,CUST00362,DRV0244,UBER,20-08-2023,2.88,Rs 87.07,79.87,3.0, SUV,Wallet,Pune
ORD002648,CUST01875,DRV0204, Jugnoo,03-31-2023,7.07,141.54,,1.0,Prime, UPI,  Faridabad  
ORD003456,CUST01363,DRV0077,OLA,00-00-0000,16.35,320.46,53.37,5.0,XL,CARD, Bhopal
ORD000882,CUST01342,DRV0158,indrive,00-00-0000,12.66,152.48,0.0,4.0, Sedan, Net Banking,Pune
ORD001453,CUST02257,DRV0339,ola,11/01/2023,17.06,254.07,0.0,0.0,Sedan,Wallet,Ahmedabad
ORD002274,CUST00260,DRV0481,jugnoo,02-28-2025,10.15,156.76,0.0,4.0,Pool, Cash,Indore
ORD003592,CUST00262,DRV0255,UBER,15/05/2023,2.0,69.27,0.0,4.0,XL,upi,Bangalore
ORD001787,CUST00455,DRV0365,NAMMA YATRI,07-20-2025,0.23,41.95,,1.0,pool,UPI,noida
ORD004294,CUST00820,DRV0365,rapido,00-00-0000,8.33,125.12,0.0,2.0,Pool,cash,Bangalore
ORD003815,CUST02845,DRV0073,NAMMA YATRI,07-06-2023,22.7,411.3,,5.0,  Sedan  ,Wallet,Indore
ORD002990,CUST01995,DRV0174,  Rapido  ,26-02-2024,6.91,147.87,0.0,,SUV,UPI,Ahmedabad
ORD001346,CUST01297,,meru,02/12/2025,8.06,152.21,0.0,3.0,auto,Card,Mumbai
ORD000864,CUST01033,DRV0461,BluSmart,22-03-2024,7.97,181.36,,1.0,Mini,  Net Banking  ,Faridabad
ORD004746,CUST01024,DRV0008,uber,11-04-2025,4.16,101.37,0.0,4.0,Bike,Cash,Jaipur
ORD002197,CUST01655,DRV0401,Rapido,01-24-2024,0.4,43.71,0.0,4.0,Auto,  UPI  ,GURUGRAM
ORD000093,CUST00120,DRV0463,JUGNOO,27/10/2023,,,,,  Prime  ,upi,Chennai
ORD004904,CUST01831,DRV0031,,09-18-2023,5.95,128.38,,3.0,pool,Card,Chandigarh
ORD000831,CUST02390,DRV0467,Ola,29 Aug 2025,4.7,104.68,25.43,4.0,  Mini  ,Card,AHMEDABAD
ORD003464,CUST00189,DRV0001,namma yatri,02-02-2024,5.3,125.83,,4.0,SEDAN,Net Banking, Faridabad
ORD004285,CUST02259,DRV0171,Ola,,0.94,51.93,,2.0,Auto,  UPI  ,  Kolkata  
ORD002979,CUST02158,DRV0087,meru,21-03-2024,16.65,280.09,,1.0,Pool,UPI,BHOPAL
ORD002407,CUST00571,DRV0391,blusmart,2025/05/17,2.03,,0.0,4.0,Sedan,UPI,gurugram
ORD004207,CUST01768,DRV0260,  BluSmart  ,13 Apr 2025,5.29,84.52,0.0,4.0,Mini,Card,Bangalore
ORD003983,CUST01192,DRV0343,Rapido,09-09-2023,15.12,222.59,,5.0,Prime,Card,KOLKATA
ORD004978,CUST01346,DRV0156,namma yatri,30/01/2024,6.69,99.85,0.0,4.0,prime,  Net Banking  ,Kolkata
ORD001358,CUST00636,DRV0177,InDrive,08-01-2025,21.19,Rs 339.94,50.78,1.0,Bike,card,Chennai
ORD002139,CUST02497,DRV0209,  Rapido  ,00-00-0000,6.25,112.51,0.0,4.0,SUV,Card,Bhopal
ORD002068,CUST02040,DRV0431,Namma Yatri,06-22-2024,4.38,76.56,0.0,5.0,bike,,INDORE
ORD001386,CUST00753,DRV0186,Jugnoo,18/10/2024,2.96,84.14,,2.0, Mini,  Card  ,Noida
ORD000215,CUST02749,DRV0125,InDrive,26/11/2025,9.3,149.13,0.0,3.0, XL, Cash,faridabad
ORD004748,CUST02313,DRV0298,  Ola  ,00-00-0000,10.36,185.71,,2.0, Pool,wallet,noida
ORD001067,CUST00775,DRV0483,Namma Yatri,27-01-2023,6.1,142.73,0.0,5.0,  Mini  ,Net Banking, Jaipur
ORD003943,CUST00763,DRV0131,Rapido,09-01-2025,12.4,197.79,87.14,3.0,Prime,UPI,
ORD004368,CUST02453,DRV0377,Rapido,17-08-2024,0.5,44.17,,4.0,Pool, Wallet,Jaipur
ORD004176,CUST01118,DRV0093,  Ola  ,2024/06/09,9.31,135.34,0.0,,Auto,Cash,DELHI
ORD002549,CUST00164,DRV0160,Uber,04-17-2024,4.63,97.14,0.0,1.0,Pool,UPI,Delhi
ORD004216,CUST01877,DRV0045,InDrive,12-04-2025,9.36,174.06,82.57,4.0,pool,CARD,Ahmedabad
ORD000119,CUST01142,DRV0385,Ola,22-03-2024,14.25,181.63,,4.0,PRIME,  UPI  , Pune
ORD002554,CUST01364,DRV0010,INDRIVE,,20.07,-237.21,0.0,4.0,Sedan,  Cash  ,Chennai
ORD004916,CUST01102,DRV0226,BluSmart,26-01-2025,11.48,152.12,0.0,4.0, XL,Wallet,Jaipur
ORD004163,CUST02114,DRV0350,Meru,30/10/2023,2.48,77.23,,5.0,Sedan,Wallet,Gurugram
ORD004399,CUST02624,DRV0290,Meru,19/03/2025,16.89,188.41,21.77,5.0,Mini,  Card  ,lucknow
ORD002785,CUST02557,DRV0357,Namma Yatri,04-25-2023,0.09,40.82,,1.0,XL,UPI, Mumbai
ORD004507,CUST00473,,namma yatri,31-12-2023,17.41,218.8,,1.0,AUTO,UPI,Indore
ORD003083,CUST00827,DRV0295,NAMMA YATRI,18-07-2025,9.76,,0.0,3.0,AUTO,CARD,Kolkata
ORD000958,CUST02248,DRV0136,indrive,07-14-2024,0.18,41.65,0.0,3.0,PRIME,UPI,Noida
ORD003024,CUST00727,DRV0124,Namma Yatri,07-01-2025,15.76,302.72,,4.0,Bike,net banking,
ORD000166,CUST00042,DRV0325,Rapido,30/06/2025,12.48,152.56,0.0,4.0, Mini,Net Banking,Kolkata
ORD003498,CUST02728,DRV0098,JUGNOO,08/06/2025,6.69,Rs 139.53,0.0,2.0,Bike,Cash,bhopal
ORD000202,CUST02818,DRV0186,MERU,02-25-2025,6.38,131.46,,,bike,  Cash  ,Gurugram
ORD004086,cust01341,DRV0332,JUGNOO,23/08/2023,6.55,120.08,38.37,1.0,Pool,card,hyderabad
ORD000239,CUST00335,,rapido,04-02-2023,6.34,143.15,0.0,3.0,PRIME,  Net Banking  ,FARIDABAD
ORD001978,CUST01161,DRV0070,InDrive,,5.92,136.98,0.0,5.0,Bike,Cash,  Chandigarh  
ORD004913,CUST00883,DRV0338,Rapido,,4.06,91.2,0.0,2.0,Sedan,Card,Bangalore
ORD000986,CUST01652,DRV0057, InDrive,22 Sep 2023,15.03,195.53,0.0,2.0,SUV,Wallet,Lucknow
ORD000553,CUST01602,DRV0473,OLA,2023/01/02,15.02,290.73,0.0,1.0,XL,Net Banking,
ORD002714,CUST00366,DRV0010,indrive,,-4.39,30,0.0,2.0,Sedan,UPI,faridabad
ORD001992,CUST00848,DRV0298,Rapido,30/07/2023,3.01,71.58,49.21,5.0,Auto, Wallet,HYDERABAD
ORD000799,CUST00870,DRV0091,OLA,04-26-2023,12.95,271.78,,2.0,PRIME,  Card  ,Delhi
ORD004562,CUST00499,DRV0178, Ola,2025/12/07,12.21,197.25,,5.0,XL,NET BANKING,  Lucknow  
ORD004610,CUST00376,DRV0433,  InDrive  ,00-00-0000,9.61,203.52,,1.0,AUTO, UPI,jaipur
ORD004497,CUST00710,DRV0267,  Namma Yatri  ,08-03-2024,7.85,139.17,,1.0,POOL,  Wallet  ,  Indore  
ORD003470,CUST01796,DRV0486,NAMMA YATRI,03-07-2023,17.21,295.14,96.54,1.0,Mini,Net Banking,Ahmedabad
ORD001820,CUST00697,DRV0286,Meru,2024/12/24,16.79,227.49,,5.0, Bike,Cash,Kolkata
ORD003038,CUST02303,DRV0475,rapido,09-10-2023,12.88,238.98,,1.0, Bike,upi,BANGALORE
ORD004964,CUST02489,DRV0124,MERU,18-04-2025,26.23,300.0,-18.08,3.0,XL,  UPI  ,kolkata
ORD001645,CUST02703,DRV0430,Meru,02-12-2024,7.52,133.85,35.66,1.0,SUV,Net Banking,  Kolkata  
ORD001779,CUST01531,DRV0160,Namma Yatri,00-00-0000,0.18,41.46,0.0,4.0,prime, Wallet,Chennai
ORD001908,CUST00638,DRV0383,NAMMA YATRI,13-04-2024,8.21,169.48,,5.0,  Auto  ,CARD,MUMBAI
ORD001281,CUST01112,DRV0353,BLUSMART,26/04/2023,12.77,199.59,75.94,8.0,bike,  Cash  ,  Ahmedabad  
ORD001400,CUST00320,DRV0157,Jugnoo,05-28-2023,9.71,138.43,,2.0,XL,Wallet,lucknow
ORD002672,CUST02331,DRV0059,InDrive,07-10-2025,1.41,53.39,,0.0,xl,CARD,  Mumbai  
ORD002040,CUST01538,DRV0348,NAMMA YATRI,13/09/2024,6.02,134.77,,5.0,SUV,Card,Mumbai
ORD000049,CUST02312,DRV0025,Jugnoo,08-20-2023,10.3,,0.0,5.0,  Prime  , UPI,Chandigarh
ORD003966,CUST01669,DRV0149,Uber,08-04-2023,14.24,253.08,,1.0,Auto,Wallet,indore
ORD001255,CUST02803,DRV0094,BluSmart,11-15-2025,19.79,304.59,0.0,,XL,Cash,Indore
ORD004557,CUST01674,DRV0156,  Ola  ,00-00-0000,1.74,69.93,0.0,5.0,AUTO,  UPI  ,Pune
ORD004895,CUST01050,DRV0273,NAMMA YATRI,24-06-2024,6.14,141.56,,6.0,Prime,CASH,Bangalore
ORD003264,CUST02252,DRV0323,Meru,04-07-2025,4.25,85.87,,5.0,BIKE,Net Banking,INDORE
ORD000367,CUST02863,DRV0116,NAMMA YATRI,17-11-2024,-19.21,30,0.0,5.0,Pool,wallet,Delhi
ORD002163,CUST02079,DRV0497,Jugnoo,12/05/2024,3.43,88.88,52.68,2.0,XL,Cash,lucknow
ORD003945,CUST02181,DRV0198,BLUSMART,25/03/2023,4.3,95.62,,4.0,Sedan,NET BANKING,Noida
ORD001379,CUST00618,DRV0226,RAPIDO,11-19-2025,2.58,78.13,,5.0,PRIME,wallet,Pune
ORD002839,CUST02822,DRV0359,Uber,29 Sep 2023,,,,4.0,Mini,net banking,Faridabad
ORD002844,CUST01525,DRV0016,  Namma Yatri  ,05-12-2025,3.5,77.64,,2.0,MINI,Cash,Pune
ORD000741,CUST02519,DRV0459,MERU,,3.32,99.68,0.0,2.0,SUV,  Cash  ,Bhopal
ORD002945,CUST02583,DRV0156,BLUSMART,,10.22,152.5,,4.0,  Prime  ,NET BANKING,Pune
ORD003145,CUST01549,DRV0183,INDRIVE,02-09-2025,4.14,108.63,,2.0,SUV,CASH,  Noida  
ORD001920,CUST01695,DRV0008,Meru,13-05-2025,14.85,253.02,-31.49,5.0,Bike,Net Banking,Jaipur
ORD003184,CUST01053,DRV0372,Rapido,2023/05/20,3.33,67.86,,1.0,Auto,UPI,CHANDIGARH
ORD003242,CUST01106,DRV0050,uber,14-06-2024,11.08,0,,5.0,suv,CARD,INDORE
ORD002269,CUST02083,DRV0376,meru,,6.75,136.32,23.67,4.0,Bike,UPI,chennai
ORD000515,CUST00774,DRV0265,indrive,00-00-0000,4.36,95.79,,3.0,SEDAN,UPI,Noida
ORD002199,CUST00398,DRV0292,BluSmart,13 Dec 2024,,,0.0,3.0,Bike,Card, Noida
ORD001740,cust02319,DRV0171,Ola,30-06-2023,17.85,302.24,49.14,1.0, Bike, Cash,faridabad
ORD001432,CUST01894,DRV0399,  Ola  ,09 Sep 2024,15.36,-223.55,,2.0,XL,UPI,  Chennai  
ORD002764,CUST02993,DRV0284,BluSmart,25-10-2024,3.37,69.21,0.0,2.0,SUV, Card,indore
ORD001700,CUST02302,DRV0111,rapido,2024/10/08,6.67,131.99,,,prime,upi,CHANDIGARH
ORD004707,CUST00378,DRV0477,JUGNOO,10-04-2025,17.87,231.27,98.58,2.0,  Prime  , Card,  Faridabad  
ORD004884,,DRV0251,InDrive,05-20-2025,16.82,,,5.0,pool,CARD,Jaipur
ORD001129,CUST02225,DRV0331,Rapido,22-04-2025,11.62,155.78,0.0,4.0,BIKE,UPI,  Delhi  
ORD004123,CUST02898,DRV0193,rapido,08-31-2024,9.94,164.15,,5.0,Mini,Cash,Pune
ORD003956,CUST02380,DRV0157,Rapido,14 Apr 2025,9.54,144.59,,2.0,suv,Net Banking,Noida
ORD003144,CUST00239,DRV0482,Jugnoo,2025/03/27,10.75,228.53,,2.0,  Bike  ,Cash,bangalore
ORD003002,CUST00549,DRV0259, Uber,2023/05/08,6.26,126.25,,5.0,Prime,Net Banking,lucknow
ORD004270,CUST00094,DRV0038,,2024/04/27,9.32,179.17,,3.0,  Prime  ,UPI,AHMEDABAD
ORD002911,CUST00838,DRV0008,InDrive,07-19-2023,11.7,206.93,62.48,4.0,XL,Card,KOLKATA
ORD001634,CUST00391,DRV0206,uber,07-08-2025,8.95,,83.44,4.0,bike,net banking,Faridabad
ORD001810,CUST00330,DRV0244,INDRIVE,02-26-2023,21.68,372.86,,1.0,Mini,Cash,Bhopal
ORD003923,CUST02153,DRV0086,Rapido,2025/01/20,,,10.09,1.0,Sedan, Card,Kolkata
ORD000504,CUST02855,DRV0042,BluSmart,,4.38,107.4,14.18,4.0,Sedan,,  Lucknow  
ORD003495,CUST00050,DRV0217,Uber,00-00-0000,6.26,127.68,0.0,4.0,POOL,NET BANKING,Hyderabad
ORD001696,CUST00760,DRV0227,UBER,30-11-2025,7.43,101.15,,4.0,BIKE,cash,Bangalore
ORD004032,CUST02710,DRV0017, InDrive,2025/02/24,9.11,196.93,0.0,2.0,Sedan,Net Banking,Noida
ORD002237,CUST00264,DRV0066,namma yatri,2023/03/06,7.73,129.76,26.38,2.0,Sedan, Card,Chandigarh
ORD001554,CUST02501,DRV0304,Meru,24-03-2024,8.7,155.16,22.51,2.0,XL,net banking,Mumbai
ORD000924,CUST01682,DRV0122,Jugnoo,31-01-2025,0.12,40.97,,3.0,XL,,Mumbai
ORD004555,CUST01373,DRV0210,InDrive,12-06-2023,3.42,83.56,,,Auto, UPI,Faridabad
ORD002316,CUST01927,DRV0014,Meru,01-14-2023,6.89,108.85,0.0,,SUV, Cash,Jaipur
ORD003984,CUST01900,DRV0342,BluSmart,21/04/2024,10.45,184.08,,2.0,MINI,Wallet,Pune
ORD004804,CUST01563,DRV0012,Ola,17-03-2023,8.5,178.87,0.0,0.0,Bike,,Jaipur
ORD003103,CUST02529,DRV0261,InDrive,18-06-2023,7.79,139.44,,4.0,Sedan,UPI,  Gurugram  
ORD000397,CUST00271,DRV0069,Rapido,20-08-2024,0.29,42.34,5.16,4.0,Prime,Net Banking,Lucknow
ORD003716,CUST01839,DRV0308,OLA,01/10/2025,11.92,175.44,-14.03,1.0,POOL, Net Banking,Chennai
ORD001658,CUST01879,DRV0387, Meru,03/11/2023,10.26,134.02,,4.0,Sedan,Wallet,Jaipur
ORD002416,CUST02327,DRV0419,,17/12/2024,3.64,92.35,0.0,3.0,Auto,Wallet,Indore
ORD004119,cust02961,DRV0324,MERU,03-14-2024,13.36,196.36,44.92,2.0,pool,NET BANKING, Hyderabad
ORD000269,CUST00518,DRV0135,  Namma Yatri  ,15-05-2024,17.22,328.26,,4.0,Bike,card,mumbai
ORD002357,CUST01572,DRV0301,InDrive,24-01-2023,9.73,187.91,71.19,1.0,SUV,card,Chennai
ORD003381,CUST00512,DRV0084,Jugnoo,02-27-2024,16.35,271.47,76.31,5.0,  Sedan  ,Card,mumbai
ORD004896,CUST02716,DRV0289,UBER,10-18-2025,10.51,208.52,,2.0,Prime,Card,FARIDABAD
ORD004956,CUST00628,DRV0167,Namma Yatri,11-10-2023,10.1,163.26,0.0,1.0, Prime,WALLET,INDORE
ORD003939,CUST00196,DRV0349,Jugnoo,14 Aug 2023,6.67,131.81,0.0,4.0,  Pool  ,cash,Bangalore
ORD001243,CUST00253,DRV0309,InDrive,2025/10/29,5.23,100.52,0.0,5.0,AUTO,Cash,Mumbai
ORD001648,CUST00648,DRV0155,Namma Yatri,,2.58,72.04,61.86,1.0,Sedan,  Wallet  ,
ORD000979,CUST01932,DRV0421,uber,,6.64,129.58,,5.0,bike,Wallet,  Lucknow  
ORD004043,CUST02955,DRV0165,Rapido,03-10-2025,8.02,104.4,0.0,2.0,auto,  Wallet  ,chandigarh
ORD004565,CUST02014,DRV0455,Meru,08/04/2023,18.68,347.71,,1.0,Mini,Card,Ahmedabad
ORD002870,CUST02788,DRV0374,Uber,19/11/2023,5.33,105.8,,2.0,mini,Card,JAIPUR
ORD002674,CUST01678,DRV0083,BLUSMART,20-03-2024,0.34,45.09,54.41,4.0,SUV,Wallet,hyderabad
ORD000108,CUST00126,DRV0199,Namma Yatri,25/01/2025,8.29,120.25,,3.0,Bike,Net Banking,mumbai
ORD003207,CUST02220,DRV0401,InDrive,2023/08/16,8.49,144.71,0.0,5.0,Prime, Net Banking,  Faridabad  
ORD002753,CUST02022,DRV0254,  Uber  ,2024/11/14,5.23,121.67,0.0,3.0, Sedan,Cash,Chandigarh
ORD001938,CUST02780,DRV0192,Ola,2025/07/10,6.21,129.64,10.98,1.0,  SUV  ,NET BANKING,Bangalore
ORD001414,CUST01024,DRV0045,Rapido,14/04/2025,1.03,53.87,0.0,2.0,bike,Cash,CHANDIGARH
ORD001257,CUST00439,DRV0459,INDRIVE,04-10-2024,0.35,46.05,0.0,2.0,mini,WALLET,chennai
ORD004408,CUST00171,DRV0252,Rapido,2024/11/25,2.1,67.81,,1.0,SUV,Wallet,Faridabad
ORD004744,CUST02161,DRV0129,Meru,28/07/2023,10.71,227.43,0.0,1.0,SUV,Wallet,  Gurugram  
ORD004128,CUST01628,DRV0383,,20/11/2024,16.03,308.38,0.0,4.0,  Auto  ,upi,CHENNAI
ORD000458,CUST00232,DRV0301,Meru,2024/06/14,10.54,219.0,,5.0,Auto,Wallet,Hyderabad
ORD003324,CUST02827,DRV0438,Rapido,28 Sep 2025,9.52,139.36,0.0,4.0,pool,CARD,LUCKNOW
ORD004789,CUST02462,DRV0024,MERU,2025/01/10,9.44,194.85,,2.0,Pool,Net Banking, Ahmedabad
ORD002755,CUST00431,,  Uber  ,2024/03/10,8.25,183.72,0.0,5.0,  Mini  ,  Net Banking  ,Mumbai
ORD000577,CUST00679,DRV0282,Ola,2025/09/24,10.15,141.4,60.69,4.0,Auto,Cash,kolkata
ORD004664,CUST01686,DRV0095,JUGNOO,2025/09/26,2.4,70.99,90.72,2.0,pool,UPI, Pune
ORD003343,CUST00034,DRV0235,BluSmart,20-02-2024,4.6,82.47,6.52,4.0,  Pool  , UPI,ahmedabad
ORD002141,CUST02703,DRV0261,Uber,01/10/2024,18.33,247.7,,5.0,SUV,Net Banking,hyderabad
ORD000817,CUST02340,DRV0161,Uber,01-08-2025,8.74,124.58,20.29,5.0,xl,Wallet,Bhopal
ORD004709,CUST01762,DRV0085,Meru,01/05/2025,11.21,187.06,,3.0,  Mini  ,CARD,Hyderabad
ORD004931,CUST00701,DRV0488,uber,2024/08/25,-15.17,30,,5.0,Auto,cash,Mumbai
ORD000856,CUST02916,DRV0219,INDRIVE,2024/05/31,4.88,108.42,,2.0,  Auto  ,Wallet,DELHI
ORD002918,CUST00617,DRV0083,BluSmart,22 Oct 2023,8.01,133.78,88.06,5.0,PRIME,CARD,  Hyderabad  
ORD001026,CUST02169,DRV0430,Jugnoo,09-04-2023,8.67,140.85,52.13,5.0, Mini,UPI,Noida
ORD000143,CUST00496,DRV0151,Ola,,-15.68,30,94.85,4.0,Sedan,Net Banking,Pune
ORD002866,CUST00774,DRV0438,Ola,22-06-2025,,,0.0,3.0,Bike,Card,Pune
ORD003531,CUST00986,DRV0370, Jugnoo,2025/07/20,1.39,52.91,0.0,1.0,  Pool  ,card,Chandigarh
ORD002025,CUST02932,DRV0140,namma yatri,2025/07/24,11.06,Rs 190.42,,,auto,Cash,HYDERABAD
ORD001474,CUST00908,DRV0080,indrive,2023/05/18,9.79,178.32,0.0,4.0,prime,UPI,Pune
ORD002211,CUST00515,DRV0346,OLA,00-00-0000,6.22,150.72,,2.0,SUV,Wallet,chennai
ORD000334,CUST01056,DRV0276,Ola,2023/09/02,18.0,209.4,67.24,4.0,POOL,WALLET,BHOPAL
ORD000862,CUST01747,DRV0396, BluSmart,00-00-0000,13.51,213.98,0.0,4.0,XL,Card,Faridabad
ORD004922,CUST00044,DRV0224, Rapido,16 Aug 2024,10.87,135.29,0.0,1.0,suv,  Cash  ,  Delhi  
ORD000617,CUST01344,DRV0414,Uber,00-00-0000,17.41,183.48,,4.0,Bike,UPI,Ahmedabad
ORD004419,CUST02069,DRV0218,Meru,2023/04/01,7.89,176.72,,3.0,Pool,  Wallet  ,  Mumbai  
ORD004521,CUST02746,DRV0487,rapido,06-04-2025,10.86,158.4,0.0,3.0, Mini,UPI,chennai
ORD003711,CUST02238,DRV0099,Rapido,01-07-2025,7.05,131.39,0.0,5.0,Pool,Net Banking,chandigarh
ORD003499,CUST00136,DRV0451,  InDrive  ,31/03/2024,6.27,-97.04,18.5,4.0,Prime,Wallet,AHMEDABAD
ORD004115,CUST01619,DRV0344,Namma Yatri,11/06/2025,14.74,257.7,0.0,2.0,MINI, Wallet,bangalore
ORD003355,CUST01239,DRV0359,OLA,10-05-2023,14.0,237.6,,4.0,Mini,Cash,CHENNAI
ORD000571,CUST02839,DRV0496,Uber,20-11-2024,20.27,345.33,0.0,3.0,mini,Card,Pune
ORD002759,CUST02981,DRV0388, BluSmart,2024/06/05,16.51,231.09,,5.0,Bike,net banking,gurugram
ORD003837,CUST00823,DRV0427,OLA,11-27-2024,10.13,190.06,,2.0,SUV,Cash,GURUGRAM
ORD004289,CUST00185,DRV0275,Uber,16/05/2023,9.44,146.12,0.0,4.0,XL,Card,delhi
ORD000932,CUST00407,DRV0122,Meru,,7.06,116.98,98.38,1.0,Sedan,WALLET,lucknow
ORD000328,CUST00537,DRV0209,Namma Yatri,23-05-2024,9.61,131.67,,1.0,Mini,Cash,kolkata
ORD001815,CUST01096,DRV0165,UBER,2025/02/22,10.62,152.59,0.0,4.0,SUV,UPI,JAIPUR
ORD001181,CUST02191,DRV0102,meru,,8.04,178.65,0.0,,XL, UPI,Bhopal
ORD002628,CUST00742,DRV0292,RAPIDO,00-00-0000,2.71,72.36,0.0,1.0,Pool,cash, Indore
ORD001402,CUST01633,DRV0123,BluSmart,,,,0.0,5.0,SEDAN,Cash,FARIDABAD
ORD002006,CUST00801,DRV0025,rapido,,11.88,173.74,,4.0,Sedan,WALLET,Kolkata
ORD001579,CUST00775,DRV0374, Jugnoo,09/06/2023,,,37.12,4.0,PRIME, Cash,CHANDIGARH
ORD002906,CUST00414,DRV0417,Namma Yatri,06-10-2023,14.73,176.05,,1.0,XL,  UPI  ,Lucknow
ORD003582,CUST00883,DRV0091,  Namma Yatri  ,22/09/2025,8.78,115.41,,5.0,SUV,WALLET,Mumbai
ORD000926,CUST00222,DRV0170, BluSmart,25 Aug 2024,13.05,176.58,,3.0,Auto,UPI,Bhopal
ORD003442,CUST01876,DRV0370,InDrive,14-08-2023,13.05,153.96,,5.0,Sedan,Cash,Gurugram
ORD003050,CUST01173,DRV0324,meru,16 Jan 2024,7.97,170.9,83.54,4.0,PRIME,  UPI  ,Kolkata
ORD000952,CUST00411,DRV0210,  Uber  ,00-00-0000,7.71,146.71,,4.0,Bike,Card, Kolkata
ORD004038,CUST01653,DRV0427,Meru,15/03/2023,10.0,184.82,0.0,1.0,  Mini  ,Cash,Lucknow
ORD003783,CUST01834,DRV0066,  InDrive  ,28-02-2023,20.59,219.83,,1.0,bike,UPI,Chandigarh
ORD003644,CUST02309,DRV0155,JUGNOO,2024/12/24,9.28,135.83,,1.0,Prime,Card,Kolkata
ORD002293,CUST02740,DRV0032,Jugnoo,00-00-0000,6.81,117.58,,1.0,XL,Card,
ORD002370,CUST00405,DRV0344,OLA,03-15-2025,5.07,102.47,9.78,3.0,  Bike  ,Net Banking,Noida
ORD000788,CUST00102,DRV0315,  Ola  ,19-10-2024,,,,2.0,Sedan,Card,noida
ORD000855,CUST01606,DRV0060,Rapido,03-04-2024,7.5,141.37,,4.0,Bike,CARD,Jaipur
ORD003986,CUST01089,DRV0268,,00-00-0000,6.05,125.52,,4.0,MINI,cash,GURUGRAM
ORD004856,CUST00325,DRV0310,  Ola  ,2025/07/08,,,0.0,5.0,Bike,Cash, Bhopal
ORD003180,CUST01781,DRV0037,Rapido,01-04-2024,11.91,166.32,,,  Bike  , Net Banking,ahmedabad
ORD003500,CUST00544,DRV0019,Uber,2023/11/02,2.79,71.75,0.0,2.0,Auto,NET BANKING,Delhi
ORD004172,CUST00226,DRV0493,Jugnoo,04-24-2025,15.59,310.89,,0.0,SEDAN,Wallet,Gurugram
ORD004530,CUST01776,DRV0445,Rapido,01-07-2025,16.34,298.81,0.0,1.0,  Bike  ,Net Banking,faridabad
ORD001833,CUST02789,DRV0130,jugnoo,25-12-2024,0.34,44.09,73.93,5.0,POOL,Net Banking,Ahmedabad
ORD000281,,DRV0484,INDRIVE,02-12-2023,5.56,104.95,,2.0,Prime,Wallet,Indore
ORD001125,CUST02459,DRV0273,Rapido,25/09/2023,5.11,Rs 109.77,0.0,4.0,,Cash,Jaipur
ORD002930,CUST01761,DRV0460,Ola,20-08-2023,0.18,42.87,0.0,4.0, Bike,,pune
ORD002696,CUST02005,DRV0116,Jugnoo,12/08/2023,5.18,111.41,65.69,1.0,PRIME,Net Banking,Mumbai
ORD004784,CUST01832,DRV0081,BluSmart,2025/05/28,7.13,159.22,0.0,4.0,BIKE,Cash,Mumbai
ORD003680,CUST01581,DRV0407,BluSmart,2023/11/16,9.91,199.94,,4.0, Auto,WALLET,Hyderabad
ORD004208,CUST02686,DRV0184, InDrive,14/01/2025,5.23,107.68,,3.0,Bike, Net Banking, Noida
ORD003998,CUST02988,DRV0194,OLA,2023/08/10,8.61,141.36,,4.0,Mini,net banking, Kolkata
ORD001031,CUST00419,DRV0480,  Uber  ,00-00-0000,4.45,95.02,0.0,2.0,SUV,wallet,Jaipur
ORD002234,CUST02732,DRV0250,Uber,31-03-2023,8.29,Rs 131.06,0.0,5.0,SUV,NET BANKING,Noida
ORD002933,CUST02760,DRV0224,Rapido,08-02-2025,11.07,139.59,,5.0,Mini,UPI,Faridabad
ORD001319,CUST00960,DRV0043,MERU,22/12/2023,8.45,0,,4.0,SEDAN,cash,pune
ORD003155,,,  Meru  ,,0.52,48.83,,,SUV, Net Banking,Lucknow
ORD001429,CUST01710,DRV0496,Ola,2025/10/26,7.3,137.58,0.0,2.0,bike,Net Banking,KOLKATA
ORD000057,CUST00571,DRV0189,InDrive,29/07/2023,19.58,231.41,0.0,5.0,sedan,CARD,Jaipur
ORD003200,CUST00893,DRV0345,Rapido,2024/03/20,10.03,204.16,0.0,1.0,AUTO,Net Banking,Kolkata
ORD000845,CUST02208,DRV0460,InDrive,2024/02/28,10.44,140.84,0.0,5.0,Pool,UPI,LUCKNOW
ORD002331,CUST00167,DRV0204,namma yatri,26 Jun 2024,6.16,142.23,0.0,5.0,BIKE,  UPI  ,pune
ORD000190,CUST01714,DRV0374,BluSmart,2023/12/03,4.92,102.13,52.3,1.0,XL,Wallet,Bangalore
ORD000772,CUST02799,DRV0077, Uber,01 May 2024,6.51,151.19,,5.0,xl,WALLET,Delhi
ORD002304,CUST00502,DRV0033,  InDrive  ,06-04-2024,9.61,143.61,0.0,2.0,SEDAN,Wallet,  Noida  
ORD001354,CUST01963,,Rapido,29/03/2024,3.32,79.15,0.0,1.0,xl,,ahmedabad
ORD002284,CUST00887,DRV0224,RAPIDO,2025/05/24,1.92,127428.95,,1.0,Prime,Cash,PUNE
ORD004667,CUST02766,DRV0382,InDrive,17-12-2025,9.47,182.17,46.29,2.0,  Sedan  ,cash,  Faridabad  
ORD003613,CUST02676,DRV0300,Uber,28 Sep 2023,6.74,117.05,0.0,2.0,XL, Cash,INDORE
ORD001287,CUST00021,DRV0241,InDrive,27 Oct 2023,14.42,204.89,-24.21,4.0,SUV,net banking,Faridabad
ORD002392,CUST00408,DRV0338,NAMMA YATRI,09-11-2025,8.52,192.76,0.0,2.0,XL,UPI,Chandigarh
ORD001812,CUST00441,DRV0336,Namma Yatri,08-27-2023,3.61,Rs 92.57,0.0,1.0, XL,Cash,Bhopal
ORD000339,CUST01795,DRV0192,INDRIVE,22-11-2025,17.11,295.05,39.52,4.0,XL,Net Banking,Chandigarh
ORD004582,CUST00159,DRV0481,  Uber  ,05 Aug 2025,13.98,250.59,26.58,2.0, Bike,Card,Chandigarh
ORD003039,CUST02691,DRV0427,JUGNOO,01/05/2025,11.49,241.32,51.21,3.0,  Pool  ,NET BANKING,bangalore
ORD001429,CUST01710,DRV0496,Ola,2025/10/26,7.3,137.58,0.0,2.0,bike,Net Banking,KOLKATA
ORD004417,CUST02354,DRV0422,  BluSmart  ,2023/08/28,9.38,119.33,41.56,3.0,Prime,Wallet,bangalore
ORD004924,CUST02307,DRV0377, Namma Yatri,12-06-2025,7.77,127.92,,3.0, Pool,Card,Ahmedabad
ORD000316,CUST02082,DRV0195,InDrive,26/01/2023,6.12,133.16,6.9,1.0, Pool,UPI,mumbai
ORD004042,CUST00837,DRV0298,Ola,2023/12/03,7.31,127.45,,1.0,Prime,CASH,
ORD003193,CUST00069,DRV0292,  Uber  ,03 Aug 2024,2.03,0,0.0,4.0,xl,  UPI  ,Bangalore
ORD003374,CUST01343,DRV0241,BLUSMART,01-15-2023,15.59,298.77,0.0,5.0,suv,Wallet,  Noida  
ORD000208,CUST02835,DRV0288,Rapido,2024/07/21,10.59,201.9,0.0,2.0,pool,Cash,KOLKATA
ORD001443,CUST02910,DRV0377,InDrive,2023/10/07,13.88,188.48,86.36,2.0,MINI,UPI,Bhopal
ORD000369,CUST02083,DRV0119,  Namma Yatri  ,00-00-0000,3.62,100.81,0.0,5.0, Sedan,Cash,Jaipur
ORD004816,CUST00564,DRV0077,Uber,12-16-2025,5.28,83.98,29.56,1.0,SUV,Cash,Kolkata
ORD002642,CUST01151,DRV0482,Uber,12-08-2025,8.39,154.06,,4.0,xl,CASH,Delhi
ORD004524,CUST02492,DRV0342, Ola,05/01/2025,4.11,85.42,0.0,5.0,SUV,Wallet,  Kolkata  
ORD002705,CUST02577,DRV0411,,2023/07/10,12.18,140.57,0.0,3.0, XL, Wallet,Chennai
ORD001382,CUST02488,DRV0123,BluSmart,2025/09/23,11.69,248.97,,5.0,MINI,Wallet,  Gurugram  
ORD001035,CUST02000,DRV0455,BLUSMART,25/02/2024,11.96,152.47,,1.0,Prime,Net Banking,Chennai
ORD003602,CUST00088,DRV0131, Uber,04-12-2023,4.39,87.19,,1.0,SUV,UPI,Noida
ORD003682,CUST02371,DRV0348,ola,05/11/2025,2.98,89.89,57.22,1.0,  Pool  ,card,NOIDA
ORD003609,CUST00525,DRV0312,MERU,02-12-2025,13.0,267.92,0.0,3.0,Prime,UPI,Lucknow
ORD002850,CUST01022,DRV0274,BluSmart,13-11-2024,15.19,301.89,0.0,2.0,  Bike  ,CASH,Gurugram
ORD004258,CUST02998,DRV0498,Namma Yatri,2024/09/25,14.57,186.48,0.0,5.0,MINI,UPI,  Chandigarh  
ORD000906,CUST00190,DRV0303,Namma Yatri,2025/11/04,4.43,112.51,0.0,1.0,Auto,upi,FARIDABAD
ORD002845,CUST02106,DRV0195,Uber,2023/08/26,7.75,127.61,14.03,2.0,Mini,Card,Chandigarh
ORD002723,CUST02958,DRV0323,UBER,2024/03/04,5.45,97.66,34.44,2.0,Bike,UPI,GURUGRAM
ORD000179,CUST01623,DRV0312,Ola,,3.41,85.88,92.62,4.0,bike,UPI,Lucknow
ORD001007,CUST01698,DRV0297,Uber,06-04-2025,8.58,118.61,0.0,2.0,Prime,Wallet,bangalore
ORD002584,CUST01911,,Ola,09-04-2025,8.92,112.29,0.0,5.0,Bike,UPI,indore
ORD003492,CUST02300,DRV0417,BluSmart,25/07/2024,17.08,316.29,0.0,4.0,pool,UPI,ahmedabad
ORD000609,CUST00727,DRV0441,Meru,00-00-0000,19.05,371.2,,2.0,Sedan,Wallet,Chennai
ORD003562,CUST00573,DRV0496, Uber,00-00-0000,3.89,95.87,0.0,1.0,suv,wallet,Bangalore
ORD000002,CUST00258,DRV0080,indrive,,15.6,193.24,22.34,5.0,Sedan,CASH,Bhopal
ORD002384,CUST00721,DRV0284,  Meru  ,2025/03/28,19.09,290.34,26.17,5.0,  Auto  ,  Net Banking  ,GURUGRAM
ORD003186,CUST02324,DRV0366,Ola,04-22-2025,12.41,201.27,,3.0,Sedan,UPI,Lucknow
ORD004353,CUST02032,DRV0040,INDRIVE,29-06-2024,3.51,81.88,,5.0,  Auto  ,Net Banking,
ORD001641,CUST01554,DRV0229,InDrive,2024/01/08,4.01,95.28,88.46,1.0,XL,Card,Chandigarh
ORD003949,CUST02391,DRV0127,InDrive,25-08-2023,14.89,161.96,,5.0,SUV,CARD,MUMBAI
ORD001423,CUST01681,DRV0224,Namma Yatri,12-31-2025,12.87,,0.0,,  Mini  ,Cash,Pune
ORD003245,CUST00682,DRV0492,ola,30-05-2023,14.07,211.64,,,Sedan,WALLET,Gurugram
ORD000649,CUST02095,DRV0392, InDrive,08/06/2025,11.11,203.88,,4.0,Bike, Card,indore
ORD002608,CUST02067,DRV0229,  BluSmart  ,08-08-2024,8.2,125.01,0.0,5.0,Prime,  Wallet  ,PUNE
ORD004622,CUST02922,DRV0219,Namma Yatri,18-08-2023,12.66,248.91,0.0,4.0,Sedan,UPI,Pune
ORD001003,CUST02626,DRV0320,Ola,2025/09/30,13.53,153.02,0.0,3.0,  Mini  ,Cash,bhopal
ORD004342,CUST00033,DRV0237,indrive,,7.5,163.5,0.0,3.0,Prime,Cash,Noida
ORD000188,CUST02708,DRV0320,BLUSMART,2025/12/22,16.3,265.81,36.84,5.0,Bike,Cash,Ahmedabad
ORD003928,CUST02909,DRV0031,Jugnoo,2024/12/27,4.3,88.94,,5.0,xl,Cash,bhopal
ORD004899,CUST01203,DRV0190,BluSmart,09-29-2025,6.13,110.75,,3.0,Pool,  Net Banking  ,Mumbai
ORD002280,CUST02654,DRV0308,BluSmart,30/04/2025,17.83,269.91,0.0,4.0,XL,upi,CHENNAI
ORD001311,CUST02916,DRV0303, Ola,2025/01/23,5.75,143.03,0.0,1.0,Mini,UPI,  Chandigarh  
ORD002521,CUST01921,DRV0155,Namma Yatri,10-10-2023,9.2,163.33,0.0,3.0,sedan,Cash,Hyderabad
ORD001613,CUST02384,DRV0279,  Meru  ,27-11-2023,12.78,216.47,,1.0, Mini,Card,NOIDA
ORD000775,CUST02860,DRV0467,Rapido,04-07-2024,7.2,167.37,,1.0,Mini,WALLET,Bhopal
ORD001273,CUST01419,DRV0080,  Meru  ,15/05/2025,22.74,414.65,0.0,5.0,XL, Card,Jaipur
ORD002848,,DRV0165,Ola,04-01-2023,11.8,148.34,,1.0, Pool,Card,Jaipur
ORD003576,CUST00551,DRV0273,INDRIVE,21-07-2024,11.35,210.15,,4.0,Sedan,  UPI  ,Ahmedabad
ORD004712,CUST01874,DRV0045,Ola,25-04-2024,2.5,60.18,0.0,4.0,XL,Card,Chandigarh
ORD003673,CUST01592,DRV0476,InDrive,06-09-2023,9.28,163.48,,3.0,sedan,Net Banking,faridabad
ORD002804,CUST02853,DRV0481,NAMMA YATRI,2024/09/23,7.26,156.2,,4.0,Prime,CARD,Delhi
ORD001717,,, Ola,17-09-2025,3.13,86.51,0.0,2.0,Mini,UPI,Lucknow
ORD004112,CUST01835,DRV0491,uber,08-12-2023,15.46,249.3,81.63,0.0,Bike,Net Banking,Delhi
ORD002023,CUST00505,DRV0240, Rapido,04-10-2023,16.96,243.24,11.87,1.0,Sedan,Cash,Pune
ORD001250,CUST01841,DRV0204,Namma Yatri,25-08-2024,10.59,145.03,74.47,3.0,Bike,net banking,lucknow
ORD002663,CUST02391,DRV0064,OLA,2023/09/27,6.27,142.85,0.0,5.0,Mini,  UPI  ,hyderabad
ORD003730,CUST01572,DRV0340,Ola,20-12-2024,3.81,101.68,6.89,2.0,xl,wallet,  Faridabad  
ORD002763,CUST02782,DRV0064,Meru,11-03-2025,3.5,88.84,,2.0,POOL,NET BANKING,Pune
ORD000353,CUST00735,DRV0315, Meru,14-09-2024,9.5,116.09,,2.0,Prime,upi,Noida
ORD000565,CUST01582,DRV0071,Meru,13/12/2025,0.61,48.7,,2.0,SUV,net banking,KOLKATA
ORD000387,CUST00362,DRV0416,Uber,,10.38,188.94,0.0,1.0,Bike,,  Lucknow  
ORD002235,CUST00602,DRV0173,,23-09-2023,16.61,320.96,0.0,3.0,Prime,Net Banking,mumbai
ORD004120,CUST01324,DRV0377,jugnoo,11/08/2024,7.15,146.1,,1.0,XL,cash,Indore
ORD003656,CUST01420,DRV0245,BLUSMART,,20.33,326.61,0.0,5.0,MINI,UPI,KOLKATA
ORD003387,CUST00742,DRV0470,Rapido,04/05/2024,6.78,133.1,0.0,5.0,Bike,Card,Faridabad
ORD002028,CUST01935,DRV0228,  Ola  ,29-12-2025,8.28,156.85,,5.0,  Bike  , UPI,bhopal
ORD001514,CUST01036,DRV0055,namma yatri,17/06/2023,18.81,353.93,36.94,4.0,XL,Cash,bhopal
ORD004882,CUST02926,DRV0166,meru,08/07/2023,1.57,59.74,0.0,4.0,Auto,UPI,Bhopal
ORD002310,CUST01860,DRV0167,Uber,03-12-2023,8.07,151.75,0.0,6.0,Sedan,  UPI  ,CHANDIGARH
ORD003728,CUST02917,DRV0038,InDrive,2024/08/05,18.96,325.41,,5.0,Prime,Wallet,Faridabad
ORD002953,CUST02413,DRV0346,Ola,25/02/2025,2.9,90.32,0.0,3.0,  Prime  ,Wallet,Noida
ORD000386,CUST00110,DRV0454,InDrive,07-27-2025,16.36,305.45,0.0,5.0,Pool,  UPI  ,  Ahmedabad  
ORD002301,CUST02927,DRV0358,OLA,07/05/2024,4.66,108.52,12.39,3.0,MINI,Card,  Faridabad  
ORD004393,CUST02136,DRV0356, InDrive,04-04-2023,8.75,158.63,0.0,4.0,prime,Card,AHMEDABAD
ORD001659,CUST01537,DRV0222,  Jugnoo  ,17-07-2023,12.22,172.46,9.13,2.0,Pool,UPI,  Ahmedabad  
ORD000679,,DRV0047, Jugnoo,2023/06/17,5.34,121.44,0.0,1.0,Prime,Cash,pune
ORD000075,CUST00869,DRV0493, BluSmart,02/05/2023,7.75,175.04,0.0,4.0, Sedan,net banking,BHOPAL
ORD000599,CUST02206,DRV0450,MERU,2024/05/02,6.08,132.21,70.27,3.0,  SUV  ,WALLET,Kolkata
ORD001726,CUST00001,DRV0182,Meru,28 Nov 2023,17.45,236.14,0.0,5.0,Prime,WALLET,CHENNAI
ORD000317,CUST02529,DRV0110,,,4.41,119.21,0.0,4.0,Prime,Net Banking,PUNE
ORD000938,CUST01170,DRV0175,  Ola  ,2024/09/03,13.67,222.23,42.78,4.0,Bike, UPI, Gurugram
ORD001469,CUST01945,DRV0045, Meru,,19.47,0,,3.0,bike,Net Banking,FARIDABAD
ORD001455,,DRV0205,Uber,24-06-2023,7.7,121.27,56.5,4.0,XL,upi, Gurugram
ORD001148,CUST00564,DRV0002,  Ola  ,2023/04/22,10.78,209.96,,2.0, Prime,Wallet,Lucknow
ORD003088,CUST00360,DRV0088,uber,23/12/2024,18.32,274.0,0.0,1.0,prime,Wallet,Chandigarh
ORD001307,CUST01081,DRV0084,OLA,29-05-2024,2.18,69.89,57.64,5.0,Sedan,  Card  ,Kolkata
ORD003811,CUST00255,DRV0080,  Ola  ,04-10-2023,10.89,144.24,0.0,5.0,Mini,Net Banking,hyderabad
ORD003937,CUST01453,DRV0235, Ola,11 Sep 2023,11.0,-161.12,82.04,5.0,Prime,CASH,Indore
ORD000424,CUST01140,DRV0089,BLUSMART,03 Sep 2023,10.2,155.15,,2.0,Prime,Card,Jaipur
ORD002372,CUST00421,DRV0497,RAPIDO,2025/10/30,15.68,0,,2.0,auto,NET BANKING, Chennai
ORD003590,CUST00546,DRV0070, Namma Yatri,14-07-2025,3.38,96.94,0.0,4.0, SUV,CARD,  Hyderabad  
ORD004672,CUST01699,DRV0127,rapido,02-07-2024,11.77,139.28,11.57,5.0,xl,UPI,Gurugram
ORD004438,CUST01506,DRV0353,BluSmart,01-11-2023,5.44,98.26,0.0,4.0,bike, Wallet,CHANDIGARH
ORD002684,CUST02416,DRV0057,  Meru  ,2023/04/11,16.96,,,5.0,Prime,Net Banking,Bhopal
ORD003165,CUST02138,DRV0390,Uber,24/12/2025,-8.54,30,,3.0, Sedan,UPI,CHENNAI
ORD001846,CUST02510,DRV0250,MERU,2024/05/26,3.03,64.57,,1.0,Bike,Cash,Kolkata
ORD001268,CUST02425,DRV0349,OLA,22/12/2024,17.64,199.83,,1.0, Auto,UPI,INDORE
ORD001286,CUST02987,DRV0484,Rapido,2024/05/28,11.09,137.6,,3.0,BIKE,NET BANKING,AHMEDABAD
ORD001473,CUST02364,DRV0416,BluSmart,18/08/2024,15.65,293.23,0.0,3.0,  Sedan  ,UPI,Delhi
ORD003047,CUST00239,DRV0467,BluSmart,26-02-2025,16.58,214.43,0.0,3.0,Bike,  Net Banking  ,
ORD001079,CUST00762,DRV0452,Rapido,2024/08/29,15.98,212.07,0.0,3.0,Mini,upi,JAIPUR
ORD003258,CUST01820,DRV0104,Uber,12-03-2025,6.22,130.88,0.0,1.0, Mini,Net Banking,GURUGRAM
ORD002433,CUST00081,DRV0131,Namma Yatri,16/08/2023,13.04,177.59,,4.0,Bike,card,hyderabad
ORD002792,CUST00247,DRV0379,Uber,25/12/2024,8.41,122.84,62.03,2.0,Bike,Wallet,LUCKNOW
ORD003681,CUST01401,DRV0100,  Ola  ,,6.37,98.88,91.54,2.0,Auto,card,Noida
ORD000287,CUST02804,DRV0018,InDrive,,10.08,164.76,0.0,3.0,mini,Net Banking,pune
ORD000956,CUST00700,DRV0461,Namma Yatri,2023/01/10,0.0,40.0,0.0,5.0, Mini,Cash,Gurugram
ORD000153,CUST01141,DRV0311,Uber,2025/03/22,6.23,124.75,,3.0,Sedan,Wallet,Lucknow
ORD002838,CUST00102,DRV0129,Ola,23-11-2025,8.33,116.24,0.0,1.0,PRIME,  Wallet  , Delhi
ORD001017,CUST02397,DRV0163,Uber,20 Jan 2025,0.47,48.25,,2.0,SUV, Cash,Pune
ORD000762,CUST00112,DRV0025,UBER,26 Aug 2025,2.61,65.41,0.0,4.0,AUTO,Card,Indore
ORD000478,CUST01210,DRV0156,Uber,2023/12/20,5.22,121.39,,3.0,SUV,UPI,Hyderabad
ORD000985,CUST02485,DRV0371,Rapido,2024/10/01,5.97,103.78,0.0,5.0,Auto,UPI,Kolkata
ORD002796,CUST01547,DRV0100,InDrive,,-7.95,30,12.42,1.0,pool,Net Banking,Jaipur
ORD003860,CUST00765,DRV0431,Ola,2025/12/07,3.96,76.08,0.0,4.0,Pool,Card,Kolkata
ORD000263,CUST02890,DRV0389,BLUSMART,2025/03/11,12.95,235.65,0.0,1.0,  Pool  ,  Card  ,Ahmedabad
ORD003130,CUST00041,DRV0462,  Rapido  ,2025/10/12,6.54,Rs 136.77,,1.0,sedan,net banking,Hyderabad
ORD000430,CUST02480,DRV0143,jugnoo,2024/11/02,3.82,82.03,0.0,5.0,Sedan,CARD, Bhopal
ORD002015,,DRV0358,Jugnoo,,6.27,137.58,,5.0,,net banking,chennai
ORD002298,CUST02786,DRV0168,uber,24-04-2025,1385.36,22145.03,0.0,4.0, Auto,Cash,Faridabad
ORD001565,CUST02807,DRV0249,JUGNOO,05-03-2025,9.68,139.11,,3.0,,  UPI  ,MUMBAI
ORD001793,CUST00127,DRV0157, Meru,11-02-2025,1.86,-70.11,36.12,4.0,SUV,  Wallet  ,Faridabad
ORD000020,CUST00680,DRV0107,Jugnoo,2024/10/06,4.32,115.58,,3.0,,WALLET,chandigarh
ORD004915,CUST02216,DRV0086,INDRIVE,18-11-2023,1.59,,0.0,2.0,SUV,UPI,BHOPAL
ORD004054,CUST00278,DRV0236,Ola,03 Nov 2025,8.64,139.1,,2.0, Sedan,Net Banking,Delhi
ORD004468,CUST01246,DRV0376,blusmart,09-01-2023,6.37,107.99,,4.0,  SUV  ,CARD, Bhopal
ORD002225,CUST00277,DRV0319,blusmart,2023/11/12,1.05,50.63,,0.0,XL,Cash,Kolkata
ORD002597,CUST02293,DRV0151, InDrive,11-28-2025,0.36,44.99,0.0,3.0,XL,CARD,KOLKATA
ORD000807,CUST01634,DRV0487,Jugnoo,2025/12/09,6.46,,,3.0,  Mini  ,Wallet,HYDERABAD
ORD001510,CUST00406,DRV0048, Jugnoo,,3.42,99.19,0.0,4.0,bike,wallet,Gurugram
ORD002772,CUST02336,DRV0248,namma yatri,2024/02/02,4.55,108.39,0.0,, Prime,Net Banking,PUNE
ORD002970,CUST01876,DRV0126,BluSmart,22/09/2024,11.83,237.22,0.0,5.0, Sedan,Cash,Jaipur
ORD002867,CUST00330,DRV0338,  Meru  ,29 Aug 2023,8.99,132.72,0.0,1.0,XL,cash, Mumbai
ORD003475,CUST02559,DRV0232,jugnoo,00-00-0000,10.02,187.93,0.0,2.0,Auto,Card, Hyderabad
ORD002036,CUST01033,DRV0275,Uber,2025/01/19,7.17,0,,5.0, Mini,  Wallet  ,chandigarh
ORD000343,CUST00419,DRV0116,namma yatri,2025/08/10,2.26,78.3,0.0,4.0,Bike,Card,indore
ORD000354,CUST01569,DRV0166,Uber,05-11-2024,6.63,98.43,0.0,5.0, Pool,Wallet,INDORE
ORD003975,CUST02473,DRV0469,InDrive,28 Jul 2023,9.52,188.88,30.24,5.0,Prime,CARD,Bangalore
ORD002569,CUST02144,DRV0037,Rapido,16-04-2025,13.61,275.12,0.0,1.0,SUV,Net Banking,mumbai
ORD002726,CUST01262,DRV0386,Meru,00-00-0000,6.98,107.04,,3.0,Prime,UPI,noida
ORD000016,CUST01939,DRV0180,Jugnoo,29-09-2025,10.15,161.48,,3.0,SUV,NET BANKING,Bhopal
ORD004779,CUST00556,DRV0084,  Meru  ,11-07-2023,3.44,76.74,78.43,5.0,,upi,Chennai
ORD004498,CUST00127,DRV0161, InDrive,10 Apr 2023,0.05,40.63,,1.0,XL,UPI, Mumbai
ORD000843,CUST02431,DRV0087,namma yatri,29-03-2024,19.14,308.99,0.0,4.0,  Bike  ,upi,MUMBAI
ORD002613,CUST00022,DRV0136,  Jugnoo  ,22-04-2023,10.39,169.99,,4.0,PRIME,Cash,Kolkata
ORD000810,CUST00979,DRV0127,Uber,2024/01/30,11.86,153.99,53.34,2.0,sedan,Card,noida
ORD000338,cust01306,DRV0021, Ola,02 Apr 2024,6.31,125.13,,1.0,Sedan,UPI,  Gurugram  
ORD000052,CUST02617,DRV0165,Namma Yatri,21/01/2025,11.23,133.88,,5.0,pool,Cash,Chennai
ORD004090,CUST00573,DRV0127,NAMMA YATRI,29/10/2024,4.87,101.12,66.76,1.0,Pool,Wallet,Delhi
ORD004184,CUST01734,DRV0188,  Rapido  ,17-05-2024,5.25,102.83,0.0,4.0,Bike,Cash,Delhi
ORD003133,CUST01442,DRV0256,RAPIDO,02-05-2024,4.34,108.14,0.0,2.0,  Sedan  , Cash,Pune
ORD003968,CUST01455,DRV0074, BluSmart,2025/06/16,,,,,pool,net banking,  Lucknow  
ORD002842,CUST00205,DRV0327,blusmart,07-29-2025,5.25,110.29,0.0,1.0,mini,Cash, Bhopal
ORD003643,CUST00873,DRV0050,InDrive,,1.01,53.8,,1.0,  Mini  ,Cash,  Jaipur  
ORD001498,CUST01640,DRV0393,  BluSmart  ,,-15.77,30,0.0,4.0,Pool,Wallet,Pune
ORD002443,CUST02975,DRV0494,Ola,13/06/2024,7.21,124.74,0.0,3.0,Bike,CASH,Pune
ORD003082,CUST01248,DRV0346,Jugnoo,2025/08/18,0.75,48.28,,5.0,Sedan,Cash,  Pune  
ORD000832,CUST02578,DRV0320,Rapido,17/12/2024,13.03,214.01,0.0,4.0,suv,WALLET,Faridabad
ORD002496,CUST00557,DRV0341,Ola,07 May 2023,2.54,84.98,,4.0,Auto,UPI,AHMEDABAD
ORD001324,CUST00439,DRV0360,RAPIDO,27-05-2025,6.23,118.98,0.0,4.0,auto,card, Kolkata
ORD003020,CUST02159,DRV0312,InDrive,30/08/2025,19.13,297.18,,3.0,XL,Net Banking,jaipur
ORD000561,CUST00574,DRV0094,UBER,14/02/2023,3.24,90.62,0.0,1.0,Mini,NET BANKING,Mumbai
ORD002240,CUST01331,DRV0492,BluSmart,09-21-2025,2.56,68.1,0.0,4.0,POOL,UPI,BANGALORE
ORD001856,CUST01591,DRV0200,Ola,00-00-0000,8.4,182.51,,1.0,SUV,Card,CHANDIGARH
ORD002091,CUST01375,DRV0216,uber,08-11-2023,2.67,78.44,45.82,3.0,Auto,cash,Ahmedabad
ORD000293,CUST00346,DRV0288,ola,17-11-2024,11.94,160.67,,5.0, XL,Card, Faridabad
ORD001906,CUST00401,DRV0069,Uber,2024/01/04,7.74,177.28,0.0,1.0,POOL, Cash,  Pune  
ORD003436,CUST02978,DRV0429, Meru,2025/06/29,1.73,59.2,,3.0,Auto,Cash,Lucknow
ORD001759,CUST00460,DRV0287,Jugnoo,02-03-2024,26.07,343.45,0.0,1.0,Auto,Wallet,Bhopal
ORD001384,CUST00122,DRV0079,InDrive,30-08-2024,16.09,202.66,79.33,2.0,  Pool  ,UPI,Delhi
ORD003425,CUST00959,DRV0257,  Ola  ,30/03/2023,14.87,240.68,0.0,7.0,Bike,NET BANKING,Indore
ORD002032,CUST01405,DRV0373,Namma Yatri,10/04/2024,4.64,109.53,0.0,1.0,SEDAN,net banking,FARIDABAD
ORD000327,CUST01332,DRV0241,BluSmart,21-10-2024,17.52,185.47,0.0,0.0,SUV,,Delhi
ORD000431,CUST00686,DRV0463,RAPIDO,00-00-0000,2.92,70.91,84.15,4.0,SEDAN,Wallet,gurugram
ORD000076,CUST01223,DRV0159,InDrive,19/12/2024,13.22,194.74,,1.0,Pool,Net Banking,Indore
ORD003300,CUST01815,DRV0265,jugnoo,03-05-2024,16.13,289.47,0.0,,PRIME,UPI,bhopal
ORD000639,CUST02682,DRV0144,JUGNOO,15-12-2023,9.43,144.29,95.64,6.0,Prime,UPI,Hyderabad
ORD004139,CUST00626,DRV0003, Jugnoo,09-06-2024,10.94,157.58,,5.0,Auto,WALLET,FARIDABAD
ORD002096,CUST00763,DRV0447,meru,2023/07/29,4.05,110.53,19.95,3.0,Prime,Wallet,Chandigarh
ORD000156,CUST01878,DRV0210,Jugnoo,29 May 2025,7.68,135.71,0.0,4.0,mini,UPI,PUNE
ORD004233,CUST00130,DRV0096,Namma Yatri,07-16-2024,15.53,250.51,0.0,2.0,Mini,card,Noida
ORD003225,CUST01185,DRV0424, Jugnoo,05-04-2023,10.25,150.04,,0.0,bike, Net Banking, Bangalore
ORD004041,CUST00921,DRV0203,Rapido,12-09-2024,16.17,234.31,,2.0,  SUV  ,Net Banking,Faridabad
ORD002401,CUST00877,DRV0480,  Meru  ,2024/06/29,0.4,43.86,0.0,1.0,XL,UPI,
ORD004678,CUST00022,DRV0426,rapido,07-07-2025,8.36,111.85,61.77,,Pool,net banking,Gurugram
ORD002975,CUST02477,DRV0353,BluSmart,00-00-0000,1.92,66.6,0.0,,Mini,Card,Lucknow
ORD003420,CUST01217,DRV0011,RAPIDO,2024/03/05,8.07,172.49,0.0,5.0,Prime,WALLET,  Indore  
ORD001868,CUST02947,DRV0163,,2025/12/12,11.61,196.13,64.36,3.0,  Pool  ,WALLET,Delhi
ORD002043,CUST01927,DRV0296, InDrive,12-07-2025,8.76,133.48,,1.0,SUV,CARD,JAIPUR
ORD003910,CUST02028,DRV0324,Jugnoo,20/05/2023,6.13,109.69,0.0,4.0,Bike,Card,CHENNAI
ORD000695,CUST02596,DRV0413,RAPIDO,2023/04/02,0.04,40.6,18.91,5.0,Prime,Card, Chandigarh
ORD003547,CUST02874,DRV0193,meru,29-02-2024,21.03,368.33,0.0,2.0,xl,upi,Chennai
ORD000814,CUST00472,DRV0411,jugnoo,09-03-2023,3.98,,0.0,3.0,POOL, Wallet,Chennai
ORD003546,CUST02064,DRV0459,MERU,06-07-2024,8.9,181.83,70.6,3.0,XL,net banking,Pune
ORD003842,CUST02731,DRV0029,jugnoo,27/10/2025,11.21,205.59,0.0,5.0,XL,WALLET,Bhopal
ORD002168,CUST02585,DRV0029,BluSmart,2025/01/30,4.72,90.06,,1.0,Pool,CASH,Jaipur
ORD004491,CUST00731,DRV0204,uber,12-01-2023,1.32,55.01,,4.0,  XL  ,Wallet,jaipur
ORD000747,CUST02903,DRV0243,jugnoo,06-12-2025,8.24,154.31,,3.0,Mini,UPI,DELHI
ORD003036,CUST01985,DRV0385,Meru,06-10-2023,9.99,142.83,,2.0,Prime,Net Banking,gurugram
ORD000957,CUST01175,DRV0259,RAPIDO,07-14-2025,11.66,160.15,,1.0,bike,Cash,Faridabad
ORD004487,CUST01419,DRV0176,Ola,00-00-0000,12.78,207.7,,1.0,suv,CASH,  Chennai  
ORD000048,CUST00997,DRV0197,InDrive,12/11/2025,11.55,245.06,0.0,3.0,SUV,card, Ahmedabad
ORD001226,CUST02517,DRV0082,Meru,2025/07/11,2.67,71.14,,2.0,POOL,Card,noida
ORD002007,CUST02195,DRV0445,InDrive,04-14-2024,18.43,297.7,22.65,4.0,  Bike  , Card,  Bhopal  
ORD003963,CUST01395,DRV0092,Meru,03-01-2024,7.12,142.52,87.66,,  XL  , Wallet, Faridabad
ORD000987,CUST02603,DRV0330,jugnoo,2023/07/30,8.28,184.42,0.0,1.0,Prime,Net Banking,mumbai
ORD000524,CUST02126,DRV0295,Meru,2024/05/22,17.61,214.87,,5.0,Bike,UPI,Bhopal
ORD000462,CUST00618,DRV0449,  Meru  ,09 Feb 2024,5.44,87.89,,6.0,Sedan,CASH,noida
ORD003510,CUST02479,DRV0152,InDrive,,6.56,110.3,0.0,1.0,XL,  Cash  ,DELHI
ORD003665,CUST00705,DRV0068,Jugnoo,2024/10/11,15.26,258.96,17.9,3.0,Pool,UPI,Indore
ORD001215,CUST01198,DRV0067,  Ola  ,2024/01/20,9.19,130.26,,2.0,  XL  ,Card,Ahmedabad
ORD001419,CUST00717,DRV0069,  BluSmart  ,,7.85,105.59,82.99,3.0,POOL, Card,Hyderabad
ORD004362,CUST01232,DRV0241,Ola,01-23-2024,7.21,159.78,0.0,,Prime,Card,DELHI
ORD004031,CUST00996,DRV0314,Rapido,2023/09/01,10.7,183.6,0.0,1.0,XL,  Wallet  ,Gurugram
ORD000064,CUST02836,DRV0407,  Ola  ,2023/06/28,14.68,230.04,,4.0,  XL  ,CARD,Ahmedabad
ORD002345,CUST02850,DRV0006,Ola,2023/07/15,4.22,74.47,,1.0,AUTO,  Cash  ,Bangalore
ORD004016,CUST00948,DRV0270,  Jugnoo  ,17-07-2023,11.73,0,0.0,2.0,Auto,Net Banking,Ahmedabad
ORD003147,CUST01802,DRV0273,JUGNOO,2025/09/02,7.22,122.9,,2.0,SUV,Cash, Gurugram
ORD000678,CUST02293,DRV0418,Meru,2024/08/20,,,,4.0,Mini,CASH,LUCKNOW
ORD002543,CUST02426,DRV0103,NAMMA YATRI,20-01-2024,4.23,74.13,0.0,3.0,SUV,Card,CHANDIGARH
ORD003215,CUST02857,,indrive,24-05-2025,,,0.0,5.0,Sedan,UPI,Faridabad
ORD000443,CUST00687,DRV0409,Uber,2025/07/15,9.26,179.08,,4.0,Pool,Net Banking,Hyderabad
ORD001555,CUST00300,DRV0484, Jugnoo,2025/09/25,9.69,176.47,10.49,1.0,XL,UPI,  Ahmedabad  
ORD002021,CUST02315,DRV0083,InDrive,2024/07/11,1.07,58.43,0.0,3.0,Auto,Card,Gurugram
ORD002212,CUST01340,DRV0371, Uber,02-01-2023,5.83,99.77,0.0,1.0,Prime,Wallet,KOLKATA
ORD000564,CUST02121,DRV0402,  Uber  ,16-08-2023,19.96,320.75,,2.0,Auto,Cash,mumbai
ORD004416,CUST01119,DRV0398,Uber,17 Jun 2024,5.54,113.26,8.3,3.0,Pool,upi,Ahmedabad
ORD003497,CUST02156,DRV0428,UBER,01 Nov 2024,7.76,143.82,79.34,1.0,SEDAN,Card,Jaipur
ORD001220,CUST02290,,BluSmart,26-01-2024,17.69,289.36,84.49,1.0, Sedan,wallet,Delhi
ORD004328,CUST01402,DRV0243,Namma Yatri,17-02-2023,14.19,158.35,0.0,5.0,AUTO,Cash,CHENNAI
ORD003620,CUST02770,DRV0284,Jugnoo,23-01-2024,8.92,116.07,0.0,1.0,suv,Card,Mumbai
ORD004869,,DRV0219,INDRIVE,30-11-2025,4.9,122.14,0.0,5.0, Bike, Net Banking,BANGALORE
ORD001609,CUST01479,DRV0179,namma yatri,,,,,1.0,Auto,Card,PUNE
ORD003403,CUST02417,DRV0112,ola,2025/11/05,12.15,230.89,0.0,4.0,mini,upi,Chennai
ORD000144,CUST02708,DRV0438,Ola,,4.46,88.95,0.0,4.0, Sedan,UPI,chandigarh
ORD002081,CUST01443,DRV0237,  Uber  ,2023/10/07,18.68,288.48,51.05,2.0,Pool,net banking,Lucknow
ORD002351,CUST02554,DRV0028,  Namma Yatri  ,00-00-0000,2.83,82.54,,4.0,Bike,  Card  ,Lucknow
ORD000454,CUST02250,DRV0368,Meru,10 Feb 2024,17.34,255.58,53.12,,XL,cash,Mumbai
ORD003399,CUST00354,DRV0302,RAPIDO,29/08/2023,7.87,133.47,58.99,1.0,BIKE,CARD, Jaipur
ORD000036,CUST00499,DRV0213,JUGNOO,,5.91,117.62,0.0,4.0,MINI,card,Kolkata
ORD003727,CUST02253,DRV0211,  Ola  ,2023/01/25,3.0,85.35,52.96,4.0,SUV,CARD,Pune
ORD004079,CUST00596,DRV0203,indrive,05-15-2024,8.81,127.97,27.98,2.0,Pool,UPI,Noida
ORD000721,CUST00585,DRV0212,Namma Yatri,2025/11/24,5.12,115.64,0.0,4.0,Prime,,Bangalore
ORD000920,CUST02726,DRV0103,RAPIDO,02-04-2024,,,0.0,2.0,Bike,UPI,Bhopal
ORD001018,CUST01551,DRV0010,namma yatri,18/03/2023,26.16,421.39,7.63,2.0,pool,  Wallet  ,KOLKATA
ORD002179,CUST00259,DRV0391,Namma Yatri,08-08-2023,12.74,Rs 166.18,0.0,4.0,SUV,Net Banking,Pune
ORD003739,CUST00501,DRV0068,Namma Yatri,12-02-2023,5.18,107.64,,2.0,SUV,UPI,  Bhopal  
ORD003802,CUST00779,DRV0167,Uber,2025/08/02,6.19,92.08,0.0,5.0,XL,UPI,Noida
ORD000008,CUST00103,DRV0389,  Meru  ,06-05-2025,1.4,59.1,0.0,1.0, Bike,net banking,kolkata
ORD004333,CUST02806,DRV0017,BluSmart,20-06-2024,6.55,144.12,,4.0, Bike,UPI,  Faridabad  
ORD001878,CUST00301,DRV0350,BluSmart,2025/11/27,3.78,95.22,,3.0,sedan,net banking,  Bhopal  
ORD002165,CUST01385,,  Namma Yatri  ,28-03-2023,10.8,139.02,,2.0,  Bike  ,Net Banking,Chandigarh
ORD001571,CUST01006,DRV0487,Jugnoo,2023/07/31,4.05,103.28,0.0,2.0,XL,Net Banking, Chandigarh
ORD002127,CUST01779,DRV0055,BluSmart,26/01/2023,11.63,212.61,55.54,3.0,Pool,Net Banking,Pune
ORD000549,CUST02021,DRV0193,Jugnoo,,4.89,113.51,,1.0,Mini,upi,Hyderabad
ORD002222,CUST01223,DRV0224,Jugnoo,24-01-2024,6.51,111.24,,3.0,SUV,wallet,  Bangalore  
ORD000548,CUST00032,DRV0253,Jugnoo,21/04/2024,3.81,93.83,80.04,1.0, XL,  Net Banking  ,jaipur
ORD003631,CUST02785,DRV0345,ola,30/06/2025,0.95,52.21,0.0,2.0, Bike,UPI,Chennai
ORD004962,CUST01790,DRV0079,InDrive,28/10/2024,,,,1.0,AUTO,Card,AHMEDABAD
ORD001690,CUST02409,,INDRIVE,06-11-2024,13.51,209.98,-18.78,,  Auto  ,Wallet,Bangalore
ORD002855,CUST00863,DRV0310,,10-01-2024,17.85,292.23,0.0,,AUTO,card,Bhopal
ORD002988,CUST00044,DRV0258,ola,2025/07/04,11.95,135.81,,2.0,xl,CARD,Kolkata
ORD000053,CUST00296,DRV0123,namma yatri,27-03-2023,0.16,42.35,,5.0,Auto,Net Banking,faridabad
ORD001248,CUST00379,DRV0061,Meru,25/03/2025,18.22,317.64,68.11,2.0,Auto,NET BANKING,  Noida  
ORD002159,CUST00892,DRV0071, Namma Yatri,09/12/2023,15.15,276.53,0.0,3.0,Prime,Wallet,Bangalore
ORD000238,CUST02231,DRV0456,ola,30/05/2023,13.68,184.65,,1.0,Bike,UPI,Lucknow
ORD002300,CUST01549,DRV0366,RAPIDO,10-24-2024,-6.48,30,,4.0,Mini,upi,Pune
ORD000260,CUST02534,DRV0498,UBER,21 Feb 2024,9.44,204.24,95.46,,Bike,CARD,Bhopal
ORD004620,CUST00264,DRV0231,Jugnoo,29/01/2023,4.55,104.91,,4.0, Mini, Card,BANGALORE
ORD004142,CUST00071,,Meru,14/02/2024,15.25,0,,4.0,prime,  Wallet  ,faridabad
ORD000728,CUST01439,DRV0438,uber,30-01-2024,-5.08,,,4.0,Prime,upi,  Mumbai  
ORD003747,CUST01723,DRV0430,  Rapido  ,2025/08/30,7.51,-154.45,43.6,1.0,Sedan,WALLET,Ahmedabad
ORD000971,CUST00602,DRV0494,NAMMA YATRI,10 Jan 2023,14.14,212.51,0.0,3.0,Pool,  Wallet  ,KOLKATA
ORD003049,CUST01421,DRV0146,INDRIVE,07-04-2024,12.52,172.73,0.0,4.0,Auto,UPI,PUNE
ORD003836,CUST01761,DRV0402,Rapido,2025/04/23,6.41,96.83,0.0,2.0,Pool,UPI,Chandigarh
ORD000953,CUST01654,DRV0179,InDrive,29-12-2023,1.28,61.68,0.0,4.0,Prime,Card,AHMEDABAD
ORD000818,CUST02635,DRV0173,ola,12/02/2024,14.54,176.08,0.0,2.0,Auto,WALLET,Indore
ORD004446,CUST01785,DRV0274,Jugnoo,14 Aug 2025,3.85,103.61,,5.0,POOL,card,
ORD000191,CUST01867,DRV0212, Rapido,00-00-0000,12.75,188.86,0.0,4.0,Prime,UPI,Kolkata
ORD002532,CUST02036,DRV0338,  Meru  ,01-13-2024,13.5,156.87,51.1,1.0,prime,UPI,mumbai
ORD001752,CUST02441,DRV0360,Rapido,25 Dec 2023,3.2,97.42,,1.0, XL,  Card  ,Bhopal
ORD001019,CUST00752,DRV0252,BluSmart,07-02-2025,16.66,Rs 222.5,39.93,5.0,Prime,UPI,  Delhi  
ORD002263,CUST02341,DRV0047,Ola,2025/12/19,14.69,201.77,8.5,1.0,Sedan,net banking,Jaipur
ORD003798,CUST01889,,BLUSMART,11-30-2023,8.15,106.34,,3.0,SUV,Wallet,Ahmedabad
ORD004392,CUST02253,DRV0416,jugnoo,26 Dec 2024,11.4,198.29,65.01,5.0,xl,CASH,Chandigarh
ORD003506,CUST02612,DRV0437,Namma Yatri,29-10-2025,10.83,164.08,0.0,1.0,sedan,CARD,Mumbai
ORD000503,CUST02997,DRV0071,Meru,01-05-2025,15.36,177.72,0.0,1.0,Pool,UPI,indore
ORD000682,CUST02072,DRV0016,RAPIDO,09-23-2024,6.15,95.93,,2.0,Mini,Net Banking,  Faridabad  
ORD003625,CUST02007,DRV0201,Jugnoo,00-00-0000,17.9,268.43,,2.0,sedan,Card,Lucknow
ORD004484,CUST00950,DRV0279,ola,11 Nov 2023,15.62,184.37,,2.0,Mini,Net Banking,ahmedabad
ORD002954,CUST02836,DRV0316,InDrive,16-05-2023,4.66,112.44,,5.0,SEDAN,Cash,Indore
ORD004251,CUST00604,DRV0049,JUGNOO,23 Sep 2024,3.66,70.56,0.0,5.0,SUV,UPI,BANGALORE
ORD003865,CUST01538,DRV0049,UBER,2023/08/31,10.74,,,3.0,  XL  ,Wallet,Noida
ORD004986,CUST00391,DRV0019,BluSmart,2025/12/25,9.7,202.5,,1.0,Auto,Wallet,  Mumbai  
ORD002570,CUST01697,DRV0062,RAPIDO,31 Jan 2023,7.68,141.62,0.0,1.0, Pool,Net Banking,Hyderabad
ORD004146,CUST02393,DRV0072,blusmart,11-21-2025,19.79,223.52,34.81,3.0,Bike,upi, Hyderabad
ORD001485,CUST00455,DRV0454,NAMMA YATRI,23-05-2023,12.48,241.9,47.16,0.0,sedan,CASH,bangalore
ORD000128,CUST00640,DRV0296,Ola,20-09-2025,7.8,150.37,,3.0,  Pool  ,  Card  ,chandigarh
ORD001267,CUST02853,DRV0329,Namma Yatri,25-08-2023,5.9,117.69,0.0,3.0,  Bike  ,  Cash  ,noida
ORD000318,CUST02056,DRV0122,Namma Yatri,2023/04/05,4.96,112.5,0.0,2.0,  Sedan  ,upi, Jaipur
ORD003188,CUST02896,DRV0292,  InDrive  ,2025/12/11,8.79,120.59,0.0,5.0,PRIME,cash,lucknow
ORD003881,CUST02516,DRV0171,Meru,00-00-0000,6.62,132.86,,3.0,Auto,  Net Banking  ,faridabad
ORD002737,CUST00040,DRV0205,  Jugnoo  ,00-00-0000,5.23,118.25,,5.0,Prime,Net Banking,Jaipur
ORD002328,CUST01753,DRV0309,UBER,29-12-2024,12.28,175.16,,5.0,SEDAN,,  Faridabad  
ORD001871,CUST00841,DRV0416,Meru,08-03-2023,4.48,84.11,,1.0, Auto,Net Banking,CHANDIGARH
ORD001285,CUST02097,DRV0095,  Namma Yatri  ,08-09-2024,6.15,110.91,0.0,2.0,sedan, Net Banking,mumbai
ORD002552,CUST01763,DRV0409,INDRIVE,,1.01,51.33,,3.0,SUV,Net Banking,Mumbai
ORD002223,CUST01284,DRV0113, Uber,09-12-2025,1.52,56.2,42.24,3.0,Pool,wallet, Chennai
ORD003587,CUST02544,, Namma Yatri,12-25-2025,11.72,-220.34,0.0,2.0,  SUV  ,WALLET,  Indore  
ORD004776,CUST01546,DRV0225,InDrive,29/04/2025,5.42,108.91,,4.0,POOL,Net Banking,Faridabad
ORD003347,CUST02572,DRV0374,Meru,26-10-2024,8.91,126.65,56.62,,  Pool  ,Cash,Kolkata
ORD004215,CUST02889,DRV0154,jugnoo,05-09-2023,18.17,359.33,7.04,5.0,prime,  Net Banking  ,Delhi
ORD003517,CUST01846,DRV0279,INDRIVE,26/01/2023,5.84,89.57,,4.0,Mini,WALLET, Mumbai
ORD000787,CUST00826,DRV0327,RAPIDO,2025/06/26,12.05,196.24,,,Sedan,wallet,Mumbai
ORD001227,CUST02349,DRV0102,  Rapido  ,07-25-2025,17.73,284.69,0.0,2.0,XL,  Net Banking  ,Kolkata
ORD002577,CUST01039,DRV0150,Jugnoo,29-12-2023,8.31,114.05,0.0,4.0,Pool,Cash,delhi
ORD000110,CUST02469,DRV0369,Ola,,10.35,225.36,0.0,5.0,pool,  Card  ,GURUGRAM
ORD002207,CUST01860,DRV0157,Uber,00-00-0000,3.33,80.91,,1.0,SUV,UPI,JAIPUR
ORD000557,CUST02444,DRV0234,Rapido,28/11/2024,3.68,74.8,,4.0,Prime,Net Banking,  Delhi  
ORD002620,CUST00373,DRV0309,JUGNOO,20 Aug 2023,12.41,171.36,0.0,3.0,Sedan,Net Banking,Chennai
ORD001119,CUST01818,DRV0007,Meru,15-09-2025,3.22,90.59,0.0,2.0,SUV,wallet,KOLKATA
ORD001102,CUST00803,DRV0081,NAMMA YATRI,02/12/2024,,,,5.0,SUV,upi,CHENNAI
ORD002241,CUST02741,DRV0285,Namma Yatri,28-01-2024,1.55,56.96,90.51,3.0,Sedan,Wallet,Pune
ORD000310,CUST02925,DRV0212,BluSmart,30-07-2023,21.67,219.39,,1.0,Sedan,Card,Hyderabad
ORD001161,CUST01475,DRV0334,Uber,14/04/2023,3.68,104.01,0.0,4.0,XL,Card,  Chandigarh  
ORD004800,CUST00068,DRV0371,Meru,03 Dec 2023,12.82,254.88,0.0,,  Auto  ,card,Bhopal
ORD003709,CUST02858,DRV0394,MERU,00-00-0000,8.4,174.03,0.0,1.0,SUV,Net Banking,NOIDA
ORD004710,CUST01603,DRV0136,  Uber  ,2025/10/08,13.14,155.12,0.0,1.0,Auto,CARD,  Kolkata  
ORD000713,CUST01285,DRV0346,Meru,,0.46,44.28,0.0,1.0,SEDAN,Net Banking,Mumbai
ORD003921,CUST02299,DRV0346,  Jugnoo  ,2025/10/29,12.87,156.41,,4.0,  Prime  ,WALLET,Ahmedabad
ORD004105,cust00921,DRV0191,Meru,09-27-2025,1.37,63.11,0.0,3.0,MINI,Cash,  Gurugram  
ORD004655,CUST02409,DRV0451,Rapido,2025/06/03,3.87,102.83,,5.0,,WALLET, Pune
ORD001221,CUST02865,DRV0251,NAMMA YATRI,23 Nov 2024,9.59,137.16,0.0,3.0,auto, UPI,Ahmedabad
ORD003354,CUST02112,DRV0339,Meru,18-11-2024,8.75,126.21,0.0,2.0,  Sedan  ,CARD,
ORD000573,,DRV0058, Ola,00-00-0000,1.35,64.23,,1.0,  XL  ,Card,PUNE
ORD004028,CUST01182,DRV0161,uber,00-00-0000,5.12,123.05,0.0,3.0,Prime,Cash,faridabad
ORD001472,CUST02110,DRV0023,  InDrive  ,00-00-0000,7.31,128.93,,3.0, Auto, Card,FARIDABAD
ORD000365,CUST00682,DRV0298,  Rapido  ,00-00-0000,19.33,226.41,0.0,2.0,  Pool  ,card,Lucknow
ORD004547,CUST02620,DRV0485,Rapido,11-14-2023,1.23,56.52,5.9,1.0,MINI,cash, Ahmedabad
ORD004560,CUST01480,DRV0122,  Uber  ,00-00-0000,7.46,160.11,0.0,1.0,Mini,CARD,KOLKATA
ORD000517,CUST01066,DRV0489,meru,04-30-2023,4.86,107.91,23.96,2.0, Auto,Net Banking,Jaipur
ORD001588,CUST02528,DRV0490,namma yatri,24/09/2025,11.29,133.61,,1.0,SUV,CASH,bangalore
ORD004443,CUST00650,DRV0319,blusmart,00-00-0000,5.0,88.95,,3.0, Sedan,NET BANKING,Chandigarh
ORD002016,CUST00787,DRV0079,  Meru  ,13 Mar 2023,5.31,124.24,0.0,5.0,XL,Net Banking,  Kolkata  
ORD002807,CUST01906,DRV0422,Namma Yatri,07-10-2024,13.36,195.42,0.0,3.0,Bike,Wallet,Ahmedabad
ORD004559,CUST01037,DRV0246,Ola,2023/09/19,1.14,50.04,0.0,4.0,SUV,Wallet,indore
ORD001663,CUST00967,DRV0171,Rapido,24-12-2025,7.75,,0.0,3.0,Pool,Card,bhopal
ORD002188,CUST00488,DRV0059,Ola,12 Feb 2025,12.99,178.79,8.79,1.0,sedan, Cash,CHANDIGARH
ORD003940,CUST02415,DRV0262,rapido,2025/11/30,7.45,149.82,,4.0,Auto,UPI,Delhi
ORD003315,CUST02232,DRV0086,UBER,31-08-2023,6.18,127.4,,1.0,Pool,Cash,PUNE
ORD002834,CUST02332,DRV0275,Ola,00-00-0000,19.27,306.84,,3.0,pool,Cash,Delhi
ORD000675,CUST00063,DRV0135,Ola,22-02-2023,21.91,342.66,0.0,1.0,Bike,UPI,Faridabad
ORD000820,cust00659,DRV0160,BluSmart,24 Jan 2025,14.53,156.93,62.14,3.0,AUTO,Card,Bangalore
ORD003872,CUST00064,DRV0087,Uber,03-05-2024,14.51,202.26,0.0,2.0,,Card,Faridabad
ORD000432,CUST02845,DRV0092,Meru,00-00-0000,12.44,192.2,,3.0,pool,WALLET,kolkata
ORD004824,CUST00449,DRV0269,rapido,2024/02/09,6.06,129.75,,,  SUV  ,WALLET,Faridabad
ORD002730,CUST00952,DRV0407,BluSmart,2025/05/24,13.94,275.36,0.0,5.0,BIKE,Card,BANGALORE
ORD004717,CUST02156,DRV0287,RAPIDO,18-06-2024,9.23,172.88,0.0,4.0,Mini,net banking, Mumbai
ORD000314,CUST00999,DRV0302,Meru,06-01-2023,11.49,182.98,,1.0,Bike,card,Bangalore
ORD004413,CUST01385,DRV0155,Rapido,22-12-2025,15.26,253.14,,4.0,MINI, Card,Bhopal
ORD002989,CUST02491,DRV0461, Namma Yatri,05-02-2024,13.39,148.6,,2.0,pool,CASH,  Pune  
ORD000827,CUST02034,DRV0396,Jugnoo,2025/02/01,2.32,64.86,0.0,2.0,Prime,Net Banking,Delhi
ORD003746,CUST01791,DRV0467,InDrive,09-13-2024,2.49,71.96,92.11,3.0,XL,wallet,Noida
ORD000061,CUST01545,DRV0255,Namma Yatri,,11.65,167.13,0.0,2.0,AUTO,WALLET,Kolkata
ORD000683,CUST00725,DRV0068,Namma Yatri,03-25-2025,5.45,133.23,68.49,2.0,Auto,Net Banking,Kolkata
ORD002782,CUST02330,DRV0275,RAPIDO,17/11/2024,1.13,59.82,0.0,1.0,SUV,UPI,Kolkata
ORD004778,CUST00566,DRV0469,BluSmart,17-05-2024,13.82,178.51,0.0,3.0, Pool,UPI,DELHI
ORD002325,,DRV0229,  Namma Yatri  ,,10.15,133.9,,5.0,mini,UPI,FARIDABAD
ORD003485,CUST01949,DRV0114,Ola,2023/06/27,13.2,198.26,,2.0,SUV,Net Banking,Kolkata
ORD000300,CUST01403,DRV0368,indrive,13-10-2025,14.56,176.32,,3.0,  Pool  ,Net Banking, Lucknow
ORD002769,CUST02701,DRV0492,UBER,2025/03/22,1.91,68.87,,6.0,mini,wallet,Chandigarh
ORD001153,CUST02370,DRV0157,Ola,12-10-2025,6.84,107.84,,4.0,Mini,Cash,Delhi
ORD000890,CUST00372,DRV0102,InDrive,2024/10/16,7.89,162.5,0.0,2.0,prime,net banking, Jaipur
ORD002057,CUST00253,DRV0262,uber,01-15-2023,4.95,110.7,,2.0,SUV,UPI,Hyderabad
ORD001336,CUST02139,DRV0108,,2024/10/22,10.6,195.95,6.89,1.0,Auto,Wallet,Delhi
ORD000645,CUST02745,DRV0296,rapido,,3.58,83.58,,4.0,prime,UPI,indore
ORD002322,CUST00680,DRV0228,Jugnoo,19-07-2024,,,,5.0,  SUV  ,  Net Banking  ,Jaipur
ORD000527,CUST01059,DRV0426,indrive,2025/12/28,8.04,142.79,,4.0,,  Wallet  ,Bhopal
ORD002950,CUST02707,DRV0391,blusmart,,2.39,59.54,83.19,4.0,AUTO,Wallet,chennai
ORD002733,CUST00034,DRV0372,Ola,2025/12/12,5.87,123.91,,2.0,bike,wallet,CHANDIGARH
ORD004004,CUST00581,DRV0412, Namma Yatri,,4.16,80.12,,5.0,Prime,UPI,Mumbai
ORD000055,CUST02797,DRV0275,  Uber  ,23-03-2024,13.1,222.35,0.0,4.0,xl,Card,ahmedabad
ORD004640,CUST00944,DRV0229,RAPIDO,12-07-2023,5.33,-117.48,,3.0,Pool,Net Banking,Pune
ORD000050,CUST00723,DRV0423,Jugnoo,08-22-2023,7.63,132.81,,2.0,BIKE,Net Banking,KOLKATA
ORD000767,CUST01345,DRV0304,  Jugnoo  ,22-10-2023,6.7,149.21,0.0,2.0,Prime,card,Indore
ORD003037,CUST02747,DRV0409,INDRIVE,23 Jun 2023,14.19,269.43,97.89,4.0,PRIME,WALLET,Ahmedabad
ORD002157,CUST02264,DRV0454,ola,00-00-0000,8.72,155.77,0.0,,Bike,CASH,Mumbai
ORD003594,CUST02600,DRV0117,,26-07-2025,11.14,166.66,0.0,1.0, Pool,Card,  Mumbai  
ORD003623,CUST02653,DRV0304,Rapido,,12.45,181.03,0.0,1.0,XL,Wallet,DELHI
ORD002071,CUST02196,DRV0434,blusmart,05 May 2024,16.61,253.53,0.0,1.0,Prime,Cash,BHOPAL
ORD004454,CUST02031,DRV0176,Ola,07-26-2025,1.04,51.41,,1.0, Prime,Net Banking,
ORD000377,CUST02869,DRV0138,  Rapido  ,03 May 2023,4.36,106.35,0.0,5.0,  XL  ,Card,Chandigarh
ORD000737,CUST00849,DRV0383,  Ola  ,16/10/2024,12.29,243.33,,5.0,MINI,UPI,Ahmedabad
ORD000595,CUST02646,DRV0077,Meru,10-13-2025,9.25,170.35,0.0,5.0,Sedan,Card,Indore
ORD000349,CUST01902,DRV0266,BluSmart,17/01/2023,1.11,50.0,86.13,, Mini,WALLET,Chandigarh
ORD002254,CUST02801,DRV0362,blusmart,10-03-2025,0.13,41.58,0.0,2.0,  Prime  ,CARD,Pune
ORD004190,CUST02263,DRV0401,jugnoo,03-17-2023,7.81,111.65,0.0,5.0,SEDAN,Wallet,noida
ORD002856,CUST02382,DRV0364,Ola,2023/02/16,15.47,193.63,,4.0,Sedan,upi,Hyderabad
ORD001249,,DRV0165,Rapido,,8.34,163.28,0.0,3.0,auto,CASH,CHANDIGARH
ORD004863,CUST02921,DRV0438,BLUSMART,04-23-2024,0.05,40.85,0.0,4.0,Auto, Wallet,Kolkata
ORD004937,CUST00357,DRV0242,,10/04/2023,17.64,318.44,0.0,2.0,bike,  Cash  ,NOIDA
ORD004517,CUST02454,DRV0293,Uber,12-11-2023,7.52,142.99,,5.0,SUV,Card,Kolkata
ORD004601,CUST02910,DRV0012,Uber,07-06-2025,14.5,179.46,0.0,4.0, Auto,Cash,Hyderabad
ORD001300,CUST02702,DRV0123,Ola,07-04-2023,7.89,146.16,,1.0,Bike,wallet,Mumbai
ORD004035,CUST01911,DRV0384,Rapido,09/02/2025,0.21,42.17,0.0,5.0,Auto,Card,kolkata
ORD004096,CUST02439,DRV0406,meru,30-06-2024,1.68,64.21,,5.0,SUV,CARD,Ahmedabad
ORD004232,CUST02477,DRV0499,NAMMA YATRI,14/03/2024,7.32,142.74,6.82,1.0,Bike,  Cash  ,bhopal
ORD000936,CUST00766,DRV0208,Ola,2025/02/20,-11.36,30,0.0,4.0,Mini,net banking,faridabad
ORD001715,CUST00459,DRV0477,Jugnoo,2024/01/02,12.62,0,20.67,,Mini,Net Banking,  Bangalore  
ORD002305,CUST00585,DRV0451,InDrive,07 Jan 2025,14.3,273.48,5.16,2.0,Auto,Net Banking,BANGALORE
ORD004629,CUST00711,DRV0297,OLA,2024/05/10,11.82,214.9,,5.0,Bike,Wallet,Bangalore
ORD003148,CUST00940,DRV0170,Rapido,12-26-2025,1.61,64.83,,,auto,net banking,NOIDA
ORD004695,CUST02404,DRV0029,Jugnoo,05-03-2025,3.88,86.75,0.0,5.0,SUV,card,Hyderabad
ORD003053,CUST01297,DRV0187,Ola,17-10-2025,11.16,178.69,,5.0,Auto,Cash,MUMBAI
ORD002447,CUST02709,DRV0460,meru,2025/02/10,6.43,127.21,0.0,1.0,Prime,Wallet,Gurugram
ORD000708,CUST00741,DRV0042,InDrive,2024/04/10,15.88,,,4.0,XL,UPI,  Delhi  
ORD004440,CUST00666,DRV0441,OLA,15-04-2024,0.66,48.48,24.6,2.0,SUV, Cash,Chennai
ORD000654,CUST00043,DRV0412,Namma Yatri,2024/02/25,,,71.31,2.0,pool,Wallet,  Lucknow  
ORD003004,CUST01891,DRV0198, Ola,2023/04/19,6.68,158.57,0.0,4.0,  XL  , Wallet,BANGALORE
ORD004314,CUST02621,DRV0341,Jugnoo,10-01-2023,13.51,183.77,0.0,2.0,Bike,Wallet,BHOPAL
ORD000418,CUST02032,DRV0112,NAMMA YATRI,03-01-2025,8.28,162.64,,5.0,SUV,Card,KOLKATA
ORD002858,CUST01370,DRV0269,Ola,,7.23,147.26,0.0,,XL,Wallet,mumbai
ORD001040,CUST00839,DRV0482, InDrive,00-00-0000,6.8,114.99,0.0,2.0,, UPI,lucknow
ORD000131,CUST00239,DRV0153, Meru,05-04-2023,0.96,48.81,0.0,3.0,SUV,CARD, Mumbai
ORD000848,CUST00112,DRV0372, Ola,17/11/2025,,,,5.0,Pool,Card,Pune
ORD001150,CUST02713,DRV0236,Rapido,18-11-2023,9.79,167.03,,1.0,pool,UPI,CHENNAI
ORD003912,CUST02509,DRV0022,jugnoo,01-29-2023,1.01,51.29,65.6,1.0,Auto, Cash,
ORD002993,CUST01576,DRV0179,,09-15-2024,12.39,259.4,,2.0,suv,WALLET,Lucknow
ORD004121,CUST02671,DRV0216,BLUSMART,2024/06/27,7.67,166.57,49.15,3.0,XL,UPI,Faridabad
ORD002632,CUST02793,DRV0488, InDrive,00-00-0000,6.96,98.62,,4.0,XL,UPI,jaipur
ORD002391,CUST00183,DRV0276,  Namma Yatri  ,2023/10/04,7.97,148.55,0.0,1.0,MINI,  Card  ,Indore
ORD001890,CUST02906,DRV0188,Namma Yatri,22/06/2024,1.65,56.29,,1.0, Mini,UPI,gurugram
ORD001528,CUST01514,DRV0103,  InDrive  ,2025/08/24,9.08,126.97,69.26,5.0,Bike,  Net Banking  ,Lucknow
ORD003869,CUST00916,DRV0071,,2024/04/09,14.81,284.61,0.0,5.0,Bike,  Net Banking  ,Noida
ORD002204,CUST02727,DRV0463,Jugnoo,2023/05/22,1.07,49.7,,2.0,Pool,wallet,kolkata
ORD004395,CUST00088,DRV0362,Rapido,2024/06/03,6.69,132.88,19.84,2.0,SUV,CASH, Hyderabad
ORD001023,CUST01358,DRV0345,ola,2023/04/09,4.33,105.44,0.0,2.0,Sedan,net banking,Chandigarh
ORD000873,CUST00065,DRV0317,Namma Yatri,08-01-2024,17.86,253.39,0.0,1.0,,WALLET,  Kolkata  
ORD001567,CUST01107,DRV0493,  Namma Yatri  ,07-20-2025,6.77,142.55,0.0,4.0,  Bike  ,Card,BHOPAL
ORD000226,CUST01268,DRV0183,  Uber  ,10-20-2025,6.02,,,4.0,  Auto  ,,  Delhi  
ORD003779,CUST01814,DRV0125,blusmart,05-04-2025,4.69,93.84,59.96,2.0,  Bike  ,Net Banking,ahmedabad
ORD002929,CUST01057,,namma yatri,08-31-2025,2.88,64.01,,2.0,AUTO,  Net Banking  ,Hyderabad
ORD004714,CUST01956,DRV0460,OLA,07-04-2023,10.34,187.76,0.0,1.0,,upi,jaipur
ORD001789,CUST01296,DRV0460,Ola,00-00-0000,1.5,60.41,,2.0,bike,UPI,MUMBAI
ORD000948,CUST01489,DRV0014,JUGNOO,09-10-2024,9.31,137.84,0.0,1.0,sedan,Card,Indore
ORD004546,CUST01198,DRV0188,Rapido,04-04-2024,7.76,133.97,0.0,2.0,Pool,Cash, Ahmedabad
ORD003702,CUST00838,DRV0298,  Jugnoo  ,10-30-2024,0.97,0,16.99,3.0,  XL  ,UPI,noida
ORD003136,CUST00284,DRV0405,blusmart,07-03-2024,2.2,58.89,0.0,4.0,Mini,UPI,Noida
ORD001909,CUST00762,DRV0299,  Jugnoo  ,2023/07/24,7.55,122.92,76.21,5.0,sedan,UPI,jaipur
ORD000068,CUST01554,DRV0086,Rapido,2024/03/05,0.69,46.1,0.0,,Pool,wallet,Hyderabad
ORD001698,CUST02862,DRV0213,Namma Yatri,07-02-2025,3.86,94.87,52.19,1.0,XL,Net Banking, Chennai
ORD000722,CUST00915,DRV0161,Rapido,29 Oct 2023,9.86,172.62,0.0,4.0,  Mini  ,cash,Faridabad
ORD004242,CUST00208,DRV0020,Namma Yatri,10-10-2024,0.62,49.42,0.0,2.0,Bike,cash, Noida
ORD003093,CUST01986,DRV0423,indrive,2024/09/14,18.58,351.66,0.0,5.0,Auto,wallet,Chennai
ORD002572,CUST00483,DRV0090,BluSmart,25-04-2025,10.21,171.41,31.07,4.0,AUTO,upi,JAIPUR
ORD004112,CUST01835,DRV0491,uber,08-12-2023,15.46,249.3,81.63,0.0,Bike,Net Banking,Delhi
ORD000172,CUST02382,DRV0299,BluSmart,,3.92,82.92,73.05,5.0, Auto,UPI,Indore
ORD003677,CUST00218,DRV0183,Rapido,25/10/2023,8.41,128.51,,3.0,POOL,Cash,INDORE
ORD001896,CUST02792,DRV0311,Ola,2024/01/12,6.05,138.16,14.27,5.0,POOL,NET BANKING,Gurugram
ORD000056,CUST00128,DRV0377,Rapido,05-20-2025,8.13,161.04,0.0,3.0,Auto,Net Banking,INDORE
ORD004235,CUST02621,DRV0246,Meru,2025/04/16,8.62,182.74,,1.0,  Pool  ,Wallet, Ahmedabad
ORD002857,CUST00398,DRV0003,  InDrive  ,01-10-2024,8.6,159.09,0.0,1.0,Bike,wallet,Lucknow
ORD000450,CUST02580,DRV0370,Namma Yatri,25 Jan 2023,5.16,113.65,0.0,2.0,Bike,Cash,bhopal
ORD001998,CUST01041,DRV0199,Uber,24/03/2025,17.74,269.64,30.97,3.0,Prime,WALLET,Bhopal
ORD002595,CUST00714,DRV0114, Rapido,00-00-0000,1.45,54.65,0.0,2.0,Auto,Net Banking,Ahmedabad
ORD003398,CUST02858,DRV0046,blusmart,01-29-2024,13.35,162.63,23.02,3.0,XL,wallet,CHENNAI
ORD000989,CUST02874,DRV0241,uber,27-10-2025,12.75,219.53,0.0,4.0,prime,Wallet,Ahmedabad
ORD000970,CUST02945,DRV0386,OLA,00-00-0000,8.54,127.39,,3.0,  SUV  , Cash,Kolkata
ORD000137,CUST02647,DRV0065,BluSmart,22-06-2025,20.78,369.19,,4.0,Pool,wallet,Gurugram
ORD001897,CUST00253,DRV0123,Jugnoo,2025/10/18,2.19,73.84,0.0,5.0,Bike,Net Banking,  Noida  
ORD000175,CUST00241,DRV0292,meru,13/04/2024,6.45,92.03,,5.0, SUV, Wallet,mumbai
ORD002303,CUST02650,DRV0215,Ola,2025/02/07,0.66,50.32,0.0,1.0,XL,Wallet,Indore
ORD003206,CUST02875,DRV0488,  Uber  ,01-14-2024,6.19,102.09,0.0,1.0,XL,CARD,kolkata
ORD004820,CUST02597,DRV0051,INDRIVE,25 Feb 2024,4.31,98.21,12.36,2.0,Auto,card,  Hyderabad  
ORD000445,CUST02745,DRV0387,Rapido,07-13-2023,3.3,79.13,75.61,3.0,  Auto  ,NET BANKING,kolkata
ORD001828,CUST02420,DRV0193,OLA,01/12/2024,,,0.0,4.0,bike,Cash,Delhi
ORD002886,CUST00394,DRV0360,namma yatri,24 Nov 2024,5.63,99.98,50.17,3.0,Prime,Wallet,lucknow
ORD001582,CUST02760,DRV0333,  InDrive  ,09-02-2025,10.93,,0.0,3.0,suv,NET BANKING,Jaipur
ORD000090,CUST02388,DRV0393,,17/09/2023,5.54,119.33,0.0,2.0,POOL,Wallet,BHOPAL
ORD000795,CUST00187,,Meru,2025/04/13,2.53,70.5,62.97,4.0,Mini,Card,JAIPUR
ORD002049,CUST00299,DRV0415,Rapido,18 Jan 2023,,,,2.0,XL, Cash,  Bangalore  
ORD002178,CUST02210,DRV0327,  Meru  ,12/11/2023,7.46,156.31,0.0,3.0,Mini,UPI,Gurugram
ORD001030,CUST02142,DRV0466,rapido,2025/02/17,6.66,99.02,68.98,2.0,Bike,CARD,Pune
ORD003415,CUST01564,DRV0467,Uber,24-11-2023,0.92,53.91,,2.0,Auto,UPI,Bhopal
ORD003954,CUST02328,DRV0400,,,1.49,66.15,,1.0,Bike,card,  Bangalore  
ORD001330,CUST00472,DRV0396,Namma Yatri,2023/01/12,1.77,56.89,0.0,5.0,  Prime  ,UPI,Lucknow
ORD003174,CUST02270,DRV0286,BluSmart,2025/03/12,16.88,247.52,-36.32,2.0, XL,Wallet,jaipur
ORD003125,CUST01160,DRV0338,  BluSmart  ,2023/03/09,14.98,197.72,,2.0,Sedan,UPI,HYDERABAD
ORD000040,CUST00133,DRV0466,OLA,21-08-2024,6.79,155.23,0.0,1.0,Mini, UPI,BANGALORE
ORD000944,CUST00397,DRV0402, Rapido,02/12/2024,-10.24,,,5.0,Sedan,Wallet,Hyderabad
ORD003601,CUST00339,DRV0431,Ola,,14.38,180.13,,2.0,Auto,CARD,  Delhi  
ORD000666,CUST01214,DRV0101,Ola,22-04-2023,5.41,125.37,80.2,2.0,xl,Card,delhi
ORD004012,CUST01794,DRV0047,Meru,22/02/2025,14.15,223.21,30.5,4.0,XL,WALLET,Mumbai
ORD000453,CUST02884,DRV0105,Namma Yatri,09-25-2023,6.19,100.35,26.28,3.0,bike,Wallet,NOIDA
ORD001685,CUST00127,DRV0060,meru,04-09-2025,9.75,151.7,0.0,4.0,AUTO,net banking,delhi
ORD001149,CUST00044,DRV0061,INDRIVE,2023/01/24,,,0.0,4.0,Prime,Cash, Lucknow
ORD004274,CUST02800,DRV0104,rapido,2025/06/17,4.97,94.32,21.2,3.0,Mini, Net Banking,Ahmedabad
ORD002185,CUST01003,DRV0440,meru,17-06-2025,5.07,83.46,0.0,1.0,SUV,UPI,Jaipur
ORD000337,CUST02480,DRV0030,BluSmart,03-01-2024,6.55,155.02,0.0,, Mini,UPI,Faridabad
ORD002167,CUST01648,DRV0294,InDrive,11-14-2023,18.69,241.13,51.43,3.0, SUV,UPI,PUNE
ORD004993,CUST01416,DRV0427,BluSmart,23-06-2023,6.41,131.43,0.0,2.0,Mini,  UPI  ,Pune
ORD002978,CUST01326,DRV0061,Rapido,2023/07/05,7.71,103.82,49.38,3.0,sedan,net banking,Chandigarh
ORD001601,CUST02912,DRV0033,RAPIDO,18-01-2024,14.36,195.44,,4.0,Pool,Wallet,Mumbai
ORD001642,CUST01323,DRV0442,Namma Yatri,11-12-2025,11.23,170.2,0.0,2.0,SUV,UPI,Chandigarh
ORD000352,CUST01659,DRV0317,InDrive,2024/08/20,10.37,162.83,,4.0,Pool, UPI,ahmedabad
ORD000625,CUST01499,, InDrive,27/07/2023,16.41,271.99,0.0,4.0,mini,CASH,Jaipur
ORD002184,CUST02590,DRV0137,Uber,12/12/2024,0.2,43.53,,4.0,  XL  ,cash,Kolkata
ORD002509,,DRV0431,meru,10-04-2024,1.24,Rs 53.87,0.0,1.0,SUV,Cash,  Gurugram  
ORD002090,CUST02556,DRV0468,Ola,2023/02/09,3.49,70.37,,5.0,Pool,Cash,mumbai
ORD000359,CUST01131,DRV0391,Meru,05-17-2024,13.38,235.8,0.0,2.0,auto,Net Banking,Jaipur
ORD001322,CUST02885,DRV0149,BluSmart,2025/02/11,15.65,254.45,18.51,2.0,bike,net banking,Bangalore
ORD001614,CUST02332,DRV0092,BluSmart,21-04-2025,8.61,127.16,,2.0, SUV,Cash,Indore
ORD001857,CUST02087,DRV0401,Rapido,10-07-2024,1.38,59.23,,1.0,Bike,  Net Banking  , Noida
ORD001526,CUST02857,DRV0007,OLA,2023/03/17,4.85,84.81,0.0,1.0,  SUV  ,Net Banking,noida
ORD001435,CUST01357,DRV0379,indrive,15-06-2025,8.96,161.21,,5.0,mini,UPI,Gurugram
ORD004771,CUST01473,DRV0105,JUGNOO,31 Oct 2025,11.35,164.41,,4.0,Bike,  Cash  ,MUMBAI
ORD004888,CUST02352,DRV0166, Jugnoo,2025/07/02,16.1,211.46,0.0,3.0,SUV,, Mumbai
ORD004811,CUST01894,DRV0427,InDrive,15-09-2024,9.79,125.67,0.0,1.0,Mini,UPI,Chennai
ORD001420,CUST00749,DRV0174,Rapido,00-00-0000,10.81,176.52,81.22,5.0,Pool,Net Banking, Jaipur
ORD001703,CUST00646,DRV0265,RAPIDO,07-08-2023,12.51,144.7,,4.0,prime,Wallet,Bhopal
ORD002650,CUST01116,DRV0398,  Ola  ,00-00-0000,6.37,Rs 109.81,48.64,0.0,XL,Card,Bangalore
ORD003759,CUST01964,DRV0036,Jugnoo,08-10-2023,,,0.0,,  Sedan  ,Card, Gurugram
ORD000777,CUST02000,DRV0199,Meru,2023/02/11,11.46,195.7,,3.0,XL,Wallet,Kolkata
ORD002576,CUST01024,DRV0477,NAMMA YATRI,2023/05/16,6.69,126.43,0.0,4.0, Sedan,,Bhopal
ORD003755,,DRV0255,  Ola  ,2024/07/13,,,,3.0,Prime,Wallet,MUMBAI
ORD003832,CUST02282,DRV0334,Namma Yatri,27-11-2025,23.81,,0.0,4.0,Prime,CASH,lucknow
ORD001766,CUST00573,DRV0093,Rapido,06-01-2025,0.03,40.28,,5.0,Mini, Wallet,Bhopal
ORD000474,CUST01256,DRV0063,OLA,00-00-0000,14.12,162.11,0.0,4.0,  Sedan  ,UPI,chandigarh
ORD004703,CUST01972,DRV0057,Meru,2023/09/22,14.4,204.59,,1.0,Pool,Wallet, Chennai
ORD003493,CUST00445,DRV0404,INDRIVE,2023/01/30,9.82,202.43,,4.0,Pool,Net Banking,Kolkata
ORD003904,CUST02767,DRV0359,InDrive,13-12-2024,11.26,182.91,0.0,2.0,suv,Net Banking,Pune
ORD002415,CUST01362,DRV0304,Rapido,00-00-0000,13.77,240.46,,2.0,  SUV  ,CARD,lucknow
ORD004990,CUST02774,DRV0207,blusmart,2024/02/26,5.69,128.5,14.65,2.0,Auto,UPI,  Bhopal  
ORD003663,CUST00934,DRV0492,blusmart,02-25-2024,1.76,64.98,,2.0,SUV,Net Banking,INDORE
ORD004747,CUST00090,DRV0500,UBER,08-04-2023,15.4,237.6,,4.0,bike,cash,BANGALORE
ORD004495,CUST01166,DRV0270,  Meru  ,27-10-2024,10.89,206.85,36.82,0.0,Mini,Net Banking, Bangalore
ORD003535,CUST00161,DRV0379,Jugnoo,2024/01/14,4.23,74.05,,2.0,Bike,Cash,  Hyderabad  
ORD001581,CUST01318,DRV0263,NAMMA YATRI,05-30-2024,11.28,157.72,0.0,0.0,Bike, Cash,INDORE
ORD000480,CUST02991,DRV0106,Rapido,15/03/2024,2.38,62.19,84.63,1.0,POOL,  Net Banking  ,MUMBAI
ORD002638,CUST02588,DRV0080,Ola,22-08-2023,4.68,0,54.93,5.0,Prime,UPI,Ahmedabad
ORD000103,CUST01371,DRV0224,Meru,06-04-2023,2.41,64.96,0.0,2.0,Auto,Cash,delhi
ORD001479,CUST02769,DRV0263,Uber,11-08-2024,7.41,124.2,13.76,4.0,XL,Cash,  Kolkata  
ORD004733,CUST01023,DRV0302,  Uber  ,28 Dec 2024,8.81,0,0.0,5.0,POOL,Cash,Chandigarh
ORD004066,CUST01400,DRV0143,Jugnoo,2023/09/20,11.24,142.98,0.0,1.0,Mini,upi,gurugram
ORD002712,CUST02524,DRV0092,InDrive,2023/05/13,7.96,148.39,0.0,1.0,Pool,Net Banking,CHENNAI
ORD003947,CUST02685,DRV0082,Rapido,02-11-2024,10.4,194.04,,2.0,xl,card,Bhopal
ORD003826,CUST00152,DRV0320,Rapido,16-07-2023,16.98,283.07,,1.0,XL,UPI,Chennai
ORD000743,CUST00243,DRV0182,Meru,07-19-2024,1.72,54.7,54.69,3.0,Prime,  Cash  , Mumbai
ORD000054,CUST01579,DRV0031,MERU,22-06-2025,2.47,78.91,,2.0,MINI,cash,Indore
ORD000988,CUST02925,DRV0428,InDrive,24-02-2025,6.64,120.33,,4.0,XL,UPI, Chennai
ORD003757,CUST02683,DRV0437,  Jugnoo  ,25-12-2023,9.47,152.51,,3.0,,Card,kolkata
ORD000069,cust00465,DRV0249, Meru,19 Dec 2024,11.12,189.27,0.0,5.0,SUV,Wallet,LUCKNOW
ORD004846,CUST01988,DRV0070,indrive,,11.97,140.18,,2.0,Auto,cash,HYDERABAD
ORD004037,CUST02600,DRV0379,Jugnoo,,12.0,200.62,0.0,1.0,AUTO,UPI,chandigarh
ORD003619,CUST01959,,Namma Yatri,,10.13,171.57,0.0,3.0,auto,NET BANKING,GURUGRAM
ORD004489,CUST00164,DRV0364,namma yatri,2025/07/18,10.16,220.59,0.0,5.0,Bike,Wallet,JAIPUR
ORD002775,CUST01542,DRV0088,  Uber  ,2025/09/08,6.36,91.5,,3.0, Sedan,wallet,Bhopal
ORD004430,CUST02301,DRV0287,Rapido,2025/06/11,10.47,194.56,0.0,5.0,MINI, Cash,Lucknow
ORD003344,CUST00385,DRV0274,Ola,2025/05/22,10.29,220.22,21.95,2.0,AUTO,Cash,Faridabad
ORD004838,CUST01772,DRV0264,  Rapido  ,2024/11/28,12.34,198.86,,2.0,SUV,cash,Noida
ORD003325,CUST01543,DRV0076,,09-02-2023,12.82,186.73,0.0,2.0,Prime,cash,Delhi
ORD001240,CUST01178,DRV0073,Meru,01/08/2023,14.34,162.25,0.0,4.0,  SUV  ,Wallet,Faridabad
ORD000785,CUST01551,DRV0083,uber,2023/10/03,16.81,248.59,0.0,4.0, Sedan,Cash,Gurugram
ORD003773,CUST02333,DRV0374,Meru,,11.94,154.85,85.11,5.0,Auto,  Card  , Jaipur
ORD002707,CUST00680,DRV0011,  Namma Yatri  ,23-10-2024,8.8,189.87,59.06,4.0,Sedan,  Card  ,Lucknow
ORD004224,CUST00312,DRV0039,Rapido,2024/11/05,6.91,103.49,,5.0,XL, Net Banking,  Hyderabad  
ORD001975,CUST02950,DRV0359,Namma Yatri,20 Mar 2025,,,0.0,2.0,Pool,Net Banking,Delhi
ORD002971,CUST00426,DRV0461,uber,2025/04/11,5.08,115.63,97.71,3.0,Mini,WALLET,Faridabad
ORD003581,CUST02667,DRV0159,BluSmart,15-07-2025,11.06,237.71,0.0,4.0,Sedan,card,jaipur
ORD004970,CUST02280,DRV0383,Rapido,26 Jun 2025,8.85,158.4,,5.0,xl,Card,Ahmedabad
ORD001107,CUST00718,DRV0312,Jugnoo,23-07-2025,8.87,188.78,0.0,4.0,XL,Net Banking,Chennai
ORD000951,CUST01650,DRV0379, Rapido,25/09/2025,14.84,291.89,0.0,3.0,Bike,Net Banking,Lucknow
ORD003128,CUST02820,DRV0252,blusmart,25-10-2023,8.91,148.95,13.67,,  Prime  ,upi,Indore
ORD002123,CUST00325,DRV0382,MERU,,7.31,138.48,0.0,5.0,SEDAN,Cash,Lucknow
ORD003838,CUST01675,DRV0195,MERU,2023/11/30,3.12,89.65,,4.0,sedan, Cash,Indore
ORD003236,CUST00453,DRV0155, Namma Yatri,11-08-2023,4.61,,,3.0,XL,Card,hyderabad
ORD000640,CUST00752,DRV0119,InDrive,02-07-2025,5.3,106.28,,1.0,Prime,Cash,Mumbai
ORD003383,CUST00680,DRV0042,Ola,08-07-2024,14.74,256.39,74.21,1.0,Auto,Cash, Bangalore
ORD002567,CUST01268,DRV0221,meru,08-04-2024,3.33,91.15,,3.0,Bike,net banking,Hyderabad
ORD000758,CUST02008,DRV0026,INDRIVE,2025/04/21,7.89,151.1,,1.0,Bike,WALLET,Gurugram
ORD003664,CUST00245,DRV0439,indrive,2023/03/13,7.07,121.32,,5.0,Sedan,cash,Bhopal
ORD000879,CUST01047,DRV0042,  Jugnoo  ,20/07/2024,3.03,71.8,19.56,4.0,prime,  Wallet  , Lucknow
ORD000231,CUST02550,DRV0072,NAMMA YATRI,10-10-2024,10.17,125.85,0.0,5.0,XL,Card,Ahmedabad
ORD004691,CUST02502,DRV0472,  Namma Yatri  ,17-08-2025,12.08,226.41,0.0,2.0,Pool, Card,JAIPUR
ORD002461,CUST02052,DRV0272,  Ola  ,09 Jul 2024,16.21,234.58,0.0,5.0,  Pool  ,Cash,Indore
ORD004060,CUST00221,DRV0237,InDrive,12-23-2024,3.36,,0.0,4.0,xl,UPI,Lucknow
ORD001561,CUST02015,DRV0036,Namma Yatri,29-03-2023,0.76,50.14,,5.0,Mini,Cash,Delhi
ORD004111,CUST01471,DRV0491,Ola,26-11-2024,1.46,55.81,0.0,2.0,SUV,NET BANKING, Chandigarh
ORD004624,CUST00154,DRV0249,  Ola  ,2024/01/21,6.88,106.2,,1.0,XL,,Bhopal
ORD000099,CUST01305,DRV0135,Jugnoo,07-04-2024,8.72,190.72,0.0,,sedan,Net Banking,  Pune  
ORD003697,CUST00667,DRV0041,,00-00-0000,0.81,48.21,0.0,3.0,Sedan,  Card  ,Noida
ORD001431,CUST01337,,,2024/08/16,8.35,-130.24,0.0,2.0,Sedan,cash,Bhopal
ORD001251,CUST00741,DRV0201,InDrive,07-16-2025,9.72,189.8,0.0,1.0,auto, Card,  Jaipur  
ORD002693,CUST02425,DRV0012,NAMMA YATRI,2024/11/09,8.26,115.78,0.0,1.0,SUV,Cash,Ahmedabad
ORD001888,CUST00331,DRV0425,Ola,15-06-2024,12.09,202.21,16.65,1.0,Mini,cash,  Indore  
ORD004659,CUST02119,DRV0034,OLA,2023/03/17,3.6,72.26,0.0,1.0, Sedan,Net Banking,gurugram
ORD004701,CUST01311,DRV0087,InDrive,,11.53,,,3.0,SUV,UPI,Bhopal
ORD003552,CUST01769,DRV0234,BluSmart,,11.35,140.77,,4.0,mini,Wallet,Jaipur
ORD003652,CUST02161,DRV0005,InDrive,11/11/2023,3.43,89.42,28.02,5.0,pool,Net Banking,Kolkata
ORD002061,CUST01016,DRV0233,rapido,14 Jun 2025,12.27,228.25,,, SUV,NET BANKING,Mumbai
ORD000295,CUST02890,DRV0364,ola,2024/07/11,5.83,110.77,60.37,0.0,xl,upi,gurugram
ORD002770,CUST00390,DRV0222,uber,,12.87,260.83,0.0,3.0,SUV,UPI,gurugram
ORD004763,CUST01034,DRV0321,Uber,18-02-2024,8.78,174.62,,1.0,POOL,Wallet,  Pune  
ORD002354,CUST01059,DRV0233,Jugnoo,03/05/2025,4.31,85.68,,4.0,Bike,cash,
ORD003254,CUST01799,DRV0258,,10/03/2025,20.0,329.12,,5.0,,cash,Indore
ORD000160,CUST01043,DRV0165, Jugnoo,13 Mar 2024,11.93,153.65,,1.0,BIKE,Net Banking,DELHI
ORD001237,CUST01524,DRV0335,Meru,2023/12/29,13.81,191.06,0.0,3.0,Mini,UPI, Noida
ORD004808,CUST00625,DRV0348,Uber,28/08/2024,10.67,220.85,0.0,3.0,Auto,Net Banking,hyderabad
ORD000910,CUST02281,DRV0093,InDrive,2024/08/24,1.6,56.35,,2.0,Auto,wallet,delhi
ORD002432,CUST02105,DRV0122,Meru,00-00-0000,10.09,138.38,51.11,4.0, XL,,Bangalore
ORD001558,CUST01631,DRV0265,blusmart,25 Jun 2024,14.16,290.21,33.01,5.0,XL,CASH,Bhopal
ORD000321,CUST02974,DRV0089,Rapido,02-23-2025,12.17,219.52,0.0,1.0,Mini, Card,KOLKATA
ORD003809,CUST00002,DRV0226,JUGNOO,09 May 2025,1.22,59.91,0.0,3.0,Bike,  Net Banking  ,Faridabad
ORD000015,CUST00578,DRV0445,Meru,08/12/2023,,,0.0,2.0,Mini,cash,HYDERABAD
ORD004564,CUST02217,DRV0124,ola,2024/08/28,12.45,177.5,,1.0,Prime,UPI,KOLKATA
ORD003465,CUST00570,, Rapido,04 Jan 2025,2.59,70.0,0.0,4.0,mini,Card,Indore
ORD001447,CUST01268,DRV0265,Namma Yatri,2024/09/02,0.58,49.25,,4.0,Pool,UPI, Faridabad
ORD003476,CUST01216,DRV0383,Namma Yatri,28/07/2025,9.8,164.12,22.11,5.0,Sedan,  Cash  ,Jaipur
ORD000888,CUST00349,DRV0099,Namma Yatri,2023/04/27,7.36,139.85,37.67,8.0,auto,  Cash  ,Mumbai
ORD001693,CUST02128,DRV0491,ola,2023/01/15,12.85,,,3.0,Sedan,Wallet, Faridabad
ORD003700,CUST01165,,Namma Yatri,00-00-0000,19.82,310.64,84.79,3.0, Mini,wallet,Ahmedabad
ORD004644,CUST01385,DRV0493,  InDrive  ,08-23-2025,,,,2.0,Mini,NET BANKING,  Gurugram  
ORD001720,CUST00861,DRV0105,  Uber  ,2024/12/06,6.88,97.3,48.18,5.0,Auto, Net Banking,BHOPAL
ORD004928,CUST02732,DRV0245,Rapido,16-09-2024,2.37,69.59,0.0,5.0,  Prime  ,Cash,bangalore
ORD000652,CUST01093,DRV0244,  BluSmart  ,27 Jul 2023,8.61,152.11,0.0,5.0,Bike,Wallet,Ahmedabad
ORD004350,CUST01541,DRV0059,BLUSMART,2024/04/04,10.13,198.85,,1.0,Sedan,  Cash  ,KOLKATA
ORD000919,CUST02168,DRV0356,Rapido,12-28-2024,14.42,198.11,0.0,2.0,SUV,UPI,indore
ORD000883,CUST02393,DRV0441,  Ola  ,03-09-2024,6.78,153.58,94.07,2.0,  Prime  ,Wallet,CHENNAI
ORD000292,CUST01947,DRV0238,uber,02-03-2023,7.96,156.32,0.0,3.0,  Pool  ,Net Banking,bhopal
ORD000234,CUST02149,DRV0078,rapido,11-05-2025,17.41,262.77,,3.0,XL,  Cash  , Ahmedabad
ORD002790,CUST02482,DRV0186,Uber,2024/03/02,12.31,224.69,0.0,4.0,  Pool  ,UPI, Ahmedabad
ORD003438,CUST00741,DRV0265,Meru,2025/05/08,3.41,96.19,95.94,3.0,Pool,Net Banking, Hyderabad
ORD003482,CUST02849,DRV0146,BLUSMART,11-18-2023,18.45,314.53,,5.0,,NET BANKING,Indore
ORD001995,CUST00760,DRV0481,Uber,2025/08/27,9.03,153.42,70.8,3.0,Prime,  Card  ,NOIDA
ORD001305,CUST02218,DRV0364,BluSmart,04-21-2023,13.64,221.0,0.0,,mini,wallet,CHANDIGARH
ORD003392,CUST00031,DRV0279,InDrive,,10.98,169.24,93.8,,pool,Cash,GURUGRAM
ORD002272,CUST02011,DRV0203,Jugnoo,18-04-2024,9.46,175.84,,5.0,XL,,Ahmedabad
ORD003132,CUST02675,DRV0024,ola,23/02/2025,16.4,274.38,15.32,3.0,  SUV  ,Card,Bhopal
ORD002026,CUST02251,DRV0284,,2025/06/09,18.19,212.34,,5.0,sedan,Card,noida
ORD003395,CUST00604,DRV0460, Ola,07-05-2025,3.31,83.58,,1.0,  SUV  ,cash,Lucknow
ORD001486,CUST00292,DRV0483,Rapido,2024/02/01,5.86,101.53,0.0,5.0, Mini,Card,Indore
ORD002977,CUST01369,DRV0178,INDRIVE,05-06-2023,6.27,121.52,40.96,4.0,sedan,  Wallet  ,Kolkata
ORD004642,CUST00328,DRV0463,Uber,2025/06/30,5.14,93.01,,2.0,Mini,Wallet,kolkata
ORD000526,CUST01035,DRV0488,Rapido,2024/06/29,3.82,87.85,0.0,4.0,  Auto  ,Wallet,Hyderabad
ORD001081,CUST02158,DRV0438,  InDrive  ,08-08-2025,3.56,97.68,0.0,2.0,Mini,UPI,  Kolkata  
ORD003444,CUST02262,DRV0312,Rapido,2024/04/11,9.33,173.73,0.0,3.0,BIKE,Net Banking,chandigarh
ORD002448,CUST01559,DRV0419,namma yatri,14-12-2025,11.45,165.91,-38.45,5.0,  Sedan  ,Cash,  Gurugram  
ORD004770,CUST01362,DRV0127,Meru,2024/08/10,10.43,187.87,0.0,2.0,SUV,CARD,PUNE
ORD000674,CUST02990,DRV0026,  BluSmart  ,18-07-2023,0.83,54.9,,4.0,  Mini  ,Net Banking,Chandigarh
ORD000481,CUST00712,DRV0452,indrive,00-00-0000,11.35,243.02,,2.0,Pool,Net Banking, Faridabad
ORD002155,CUST00153,DRV0408, Uber,2024/04/28,9.26,204.45,,5.0,XL,CARD,chandigarh
ORD003788,CUST02461,DRV0366,  Rapido  ,00-00-0000,8.52,145.62,,3.0,SUV,net banking,Pune
ORD000252,CUST00823,DRV0088,  Ola  ,03/04/2025,2.9,80.88,0.0,1.0,SUV,Net Banking,  Noida  
ORD000391,CUST01170,DRV0049,Jugnoo,18-03-2025,0.42,47.01,,2.0,sedan,Card,Bangalore
ORD001468,CUST02467,DRV0464, BluSmart,23-08-2023,11.65,236.24,0.0,5.0,auto,,Gurugram
ORD004647,CUST00825,DRV0211,INDRIVE,2024/05/11,12.74,159.09,0.0,5.0,Mini,Wallet, Pune
ORD003288,CUST02968,DRV0068,Meru,09-04-2024,12.37,154.74,0.0,,Prime, Net Banking,Chandigarh
ORD001985,CUST02083,DRV0047,Rapido,09-14-2023,11.72,229.82,0.0,5.0,SUV,upi,Kolkata
ORD001934,CUST01589,DRV0339,Uber,00-00-0000,8.21,148.52,,,Mini,Card,Pune
ORD002105,CUST01511,DRV0294,Meru,31-01-2023,7.0,121.17,28.33,5.0,SUV,CASH,Noida
ORD001206,CUST01138,DRV0311,uber,06 Aug 2023,1.64,66.43,0.0,1.0,Prime,Cash,  Gurugram  
ORD003139,,,,25-06-2024,14.5,172.35,,1.0,Sedan,  Card  ,Hyderabad
ORD002395,CUST02401,DRV0483,RAPIDO,03-20-2025,8.49,129.95,0.0,2.0,Prime,Net Banking, Bhopal
ORD004248,CUST01250,DRV0097,MERU,00-00-0000,13.96,222.77,0.0,2.0,SUV,  Cash  ,LUCKNOW
ORD004844,CUST01984,DRV0395,InDrive,14/09/2024,,,24.28,3.0,Bike,Wallet,Noida
ORD000828,CUST00880,DRV0187,,2025/09/28,9.75,152.6,,1.0,POOL,  UPI  ,Pune
ORD000525,CUST01745,DRV0167,InDrive,00-00-0000,9.54,118.76,0.0,1.0,SUV,UPI, Noida
ORD001266,CUST02447,DRV0387,Uber,22 Oct 2024,12.23,235.12,92.79,4.0,XL,Card,  Faridabad  
ORD002070,CUST01307,DRV0192,  Rapido  ,2025/05/14,20.08,365.54,90.41,2.0,XL, Net Banking,Ahmedabad
ORD000406,CUST00811,DRV0186, BluSmart,2023/06/02,2.41,62.8,,3.0,SUV,Cash,Bhopal
ORD004354,CUST01179,DRV0402,Meru,12 Aug 2024,14.83,-206.17,15.59,2.0,SUV,,kolkata
ORD004902,CUST00746,DRV0311,  Uber  ,23-10-2023,2.14,75.14,,4.0,Mini,Card,Chandigarh
ORD002437,CUST01718,DRV0051,Uber,00-00-0000,17.6,228.01,0.0,1.0,  Mini  ,  Card  ,Hyderabad
ORD003767,CUST00753,DRV0367,  Uber  ,14-09-2024,9.31,169.3,0.0,5.0,Pool, Wallet,Bhopal
ORD004282,CUST00013,DRV0360,uber,04-25-2025,948.57,12666.99,0.0,5.0,  Auto  ,Wallet,FARIDABAD
ORD004570,CUST02978,DRV0181,Uber,00-00-0000,5.65,127.65,0.0,4.0,XL,UPI,Chandigarh
ORD002901,CUST01919,DRV0449,Ola,12-29-2024,5.67,136.12,0.0,3.0, Sedan,,Kolkata
ORD002389,CUST00164,DRV0029,INDRIVE,08-06-2025,18.28,243.67,0.0,3.0,SUV,Cash,Gurugram
ORD004649,CUST02053,DRV0073,uber,2024/08/26,1.34,61.89,0.0,5.0, Mini,Wallet,mumbai
ORD004461,CUST02276,DRV0077,Namma Yatri,2024/02/22,12.24,245.9,0.0,3.0,Prime,upi,Chandigarh
ORD003902,CUST01592,DRV0075,Uber,26/10/2023,22.6,353.94,0.0,5.0,Pool,UPI,Chandigarh
ORD001859,CUST01950,DRV0389,namma yatri,2024/07/16,17.97,251.46,0.0,2.0,Bike,Cash,Hyderabad
ORD003009,CUST02278,DRV0318, Rapido,05/03/2023,12.35,259.8,,3.0,Mini,Cash,GURUGRAM
ORD004641,CUST01979,DRV0119,,09-11-2023,1.66,61.17,,1.0,  Pool  ,card,PUNE
ORD001351,CUST02708,DRV0008,Rapido,06-04-2025,0.82,,,3.0,suv,  Cash  ,bangalore
ORD004426,CUST02334,DRV0044,InDrive,06-23-2024,5.91,102.47,0.0,4.0,sedan,upi,PUNE
ORD000513,CUST01229,DRV0458,Uber,15-10-2024,,,0.0,3.0,XL,CARD,Chandigarh
ORD000663,CUST02477,DRV0155,InDrive,2025/03/15,16.3,189.5,0.0,2.0, SUV,upi, Lucknow
ORD004442,CUST02691,DRV0480,BluSmart,15-03-2023,4.13,82.37,0.0,1.0,prime,,Indore
ORD001604,CUST02529,DRV0264, Jugnoo,08-31-2023,11.03,222.13,0.0,4.0,Pool,UPI, Delhi
ORD001677,CUST00041,DRV0483,JUGNOO,14/04/2024,10.68,152.44,,5.0,Pool, UPI,Faridabad
ORD004959,CUST02035,DRV0468,Rapido,10-07-2025,2.56,80.78,,2.0,Mini,net banking,Faridabad
ORD000067,CUST02946,DRV0087,Jugnoo,2024/04/30,9.39,195.74,,3.0, Prime,wallet,Lucknow
ORD001951,CUST00784,DRV0311,Meru,2024/08/05,9.63,173.68,42.46,3.0,Bike,UPI,Faridabad
ORD004995,CUST00612,DRV0483,Rapido,2024/10/18,14.37,244.65,,,Auto,UPI, Mumbai
ORD002421,CUST01158,DRV0244,Meru,,14.62,255.3,55.3,3.0,Mini,Cash, Kolkata
ORD002692,CUST01389,DRV0131, Uber,2024/09/03,3.86,73.48,,5.0,Sedan,UPI,Chennai
ORD004331,CUST02552,DRV0167,ola,,3.8,93.58,0.0,5.0,Bike,CASH,  Pune  
ORD003356,CUST00256,DRV0039,JUGNOO,05/09/2023,0.24,43.65,0.0,5.0,XL, Wallet,Chennai
ORD000646,CUST02345,DRV0179,Uber,2023/03/05,17.77,262.98,0.0,4.0,Mini,UPI,Ahmedabad
ORD002348,CUST02352,DRV0226,blusmart,02-20-2025,5.85,121.9,,3.0,sedan,NET BANKING, Kolkata
ORD001667,CUST02412,DRV0009,meru,00-00-0000,12.15,183.62,0.0,5.0,Mini,Card,  Kolkata  
ORD001139,CUST02286,DRV0062,Meru,11-29-2025,10.63,228.49,25.96,4.0,Pool,UPI,Delhi
ORD000542,CUST02664,DRV0228,Jugnoo,24/09/2024,0.0,40.0,,3.0,  SUV  ,Wallet,Jaipur
ORD001314,CUST01138,DRV0107,meru,00-00-0000,2.89,85.97,43.41,5.0, Mini,Wallet,Faridabad
ORD004297,CUST02584,DRV0275,UBER,06-27-2025,5.63,93.9,0.0,2.0,Mini,Wallet,  Ahmedabad  
ORD001964,CUST02498,DRV0068,OLA,05-13-2025,9.3,177.86,0.0,2.0,Prime,WALLET,Hyderabad
ORD002362,CUST01183,DRV0321, Uber,2023/03/26,12.41,239.72,0.0,3.0,suv,Card,Kolkata
ORD000307,CUST02013,DRV0372,BluSmart,23/01/2025,13.43,279.15,0.0,5.0,,  Cash  ,Kolkata
ORD004894,CUST00068,DRV0060,blusmart,03-19-2025,9.32,189.36,,1.0,SEDAN,UPI,BHOPAL
ORD000130,CUST00502,DRV0453,UBER,,-12.45,30,,3.0,bike,Card,faridabad
ORD000396,CUST02432,DRV0189,namma yatri,29-04-2024,0.06,41.03,0.0,1.0,SUV,NET BANKING,  Kolkata  
ORD004925,CUST02218,DRV0308,InDrive,,11.12,234.02,,5.0,Auto,Card,Pune
ORD001930,CUST02490,DRV0400,ola,26-03-2025,17.53,321.4,0.0,4.0,PRIME,cash,bhopal
ORD004423,CUST01449,DRV0339,Jugnoo,08-01-2025,1.02,52.65,0.0,5.0,Mini,wallet,Delhi
ORD004288,CUST00008,DRV0013,Jugnoo,2025/11/02,8.24,138.7,0.0,5.0,Prime,net banking,  Pune  
ORD000723,CUST01800,DRV0298,BluSmart,04/09/2023,3.75,92.09,,3.0,Bike,UPI,Gurugram
ORD003222,,DRV0307,  Rapido  ,,11.78,230.07,,4.0,Mini,card,Jaipur
ORD003764,CUST02033,,BluSmart,10-01-2025,17.65,229.84,0.0,5.0,  XL  ,Wallet, Ahmedabad
ORD000308,CUST02426,DRV0070,meru,2023/11/19,15.36,295.25,,2.0,Sedan,UPI,Chandigarh
ORD004592,CUST02576,DRV0076,Meru,10-07-2025,4.56,106.44,,5.0,Pool,Cash,  Noida  
ORD003081,CUST01951,DRV0211,Namma Yatri,2023/01/23,3.92,83.18,,3.0,XL,Card,  Indore  
ORD000385,CUST00544,DRV0443,uber,01-02-2025,10.76,137.53,0.0,4.0, Prime,Wallet, Ahmedabad
ORD002559,CUST01085,DRV0339, Jugnoo,02-04-2025,7.76,108.51,,4.0,Pool,Wallet,LUCKNOW
ORD002701,CUST00735,DRV0268,BluSmart,30-12-2023,15.77,250.65,,5.0,  Prime  ,  Cash  ,  Pune  
ORD000583,CUST02777,DRV0280,blusmart,13-02-2025,8.16,172.43,,3.0,XL,CARD,Faridabad
ORD004494,CUST01068,DRV0414,InDrive,16-07-2025,10.11,133.09,30.57,5.0,xl,Wallet,Gurugram
ORD004985,CUST02119,DRV0420,Namma Yatri,04 Sep 2023,8.5,172.22,73.76,1.0, Bike,UPI,Noida
ORD000939,CUST00145,DRV0405,blusmart,26-04-2025,2.25,79.57,0.0,4.0,Prime,Cash,
ORD002581,CUST00307,DRV0003,BluSmart,26-07-2025,0.19,Rs 43.01,16.68,2.0,MINI,WALLET,
ORD002811,CUST01195,DRV0054,Ola,01-05-2024,0.51,47.97,,2.0,SUV,Card,Noida
ORD000162,CUST01896,DRV0424,InDrive,09/06/2023,13.27,165.01,0.0,1.0,SUV,Wallet,AHMEDABAD
ORD001335,CUST01676,DRV0149,Namma Yatri,11-11-2023,2.51,82.7,93.23,2.0,AUTO,Wallet,indore
ORD004802,CUST00084,DRV0048,namma yatri,2023/05/06,8.88,194.26,,1.0,Mini,Cash,  Kolkata  
ORD000937,CUST00169,DRV0134,MERU,21-12-2025,5.14,111.36,50.68,,SUV,upi,Bhopal
ORD001367,CUST01483,DRV0183, InDrive,2024/05/07,8.75,112.86,,4.0,Mini,Cash,Pune
ORD004891,CUST00071,DRV0278,Uber,2025/12/13,4.95,98.12,0.0,2.0,Mini,UPI,Bhopal
ORD003122,CUST00094,DRV0107,OLA,20-09-2025,10.95,226.71,0.0,5.0,prime,UPI,Hyderabad
ORD004023,CUST00573,DRV0179, BluSmart,16-10-2025,0.13,41.21,0.0,3.0,XL,upi,HYDERABAD
ORD001950,CUST00028,DRV0278,BluSmart,24/12/2023,10.95,166.02,72.69,1.0,Auto,  Net Banking  ,Faridabad
ORD003874,,DRV0419,Jugnoo,2023/06/10,12.36,237.35,0.0,4.0,Sedan,CASH,  Bhopal  
ORD001160,CUST01716,DRV0323,,23-07-2024,10.94,129.44,,5.0,Mini,Cash,Kolkata
ORD003990,CUST02692,DRV0188,Jugnoo,12-30-2024,22.49,389.8,0.0,2.0,XL,Net Banking,Bangalore
ORD001592,CUST01603,DRV0427,BluSmart,2023/10/12,4.02,95.64,,2.0,Sedan,  UPI  ,  Jaipur  
ORD002702,CUST02191,DRV0006,Rapido,2025/07/21,,,0.0,5.0, SUV, Cash,faridabad
ORD002745,CUST00542,DRV0342,Jugnoo,31/08/2023,6.18,135.12,0.0,3.0,SUV,UPI,Lucknow
ORD001881,CUST01074,DRV0490,Uber,18 Jan 2023,6.81,104.55,0.0,3.0,Bike,Card,bhopal
ORD003637,CUST02319,DRV0175,  BluSmart  ,2024/06/16,14.6,280.12,0.0,1.0,  Mini  ,  Cash  ,Hyderabad
ORD002530,CUST02085,DRV0085,Rapido,2025/12/27,,,0.0,,SUV,CASH,Bhopal
ORD002082,CUST02258,DRV0137,  BluSmart  ,2024/08/16,2.05,61.39,0.0,3.0,Auto,Wallet, Ahmedabad
ORD003183,CUST00510,DRV0324,BluSmart,18-01-2023,9.02,133.06,,2.0,Bike,Card,Pune
ORD004144,CUST01093,DRV0079, Uber,03-04-2025,5.44,118.51,74.17,2.0,Sedan, UPI,Chennai
ORD004126,CUST02101,DRV0213,InDrive,08-07-2023,7.57,142.1,,4.0, SUV,CASH, Faridabad
ORD003054,CUST00702,DRV0038,Ola,29 Apr 2024,16.58,182.66,,4.0,  Sedan  ,NET BANKING,Chennai
ORD003226,CUST00794,DRV0128,Uber,2024/06/12,5.77,124.18,,3.0, SUV,Wallet,  Hyderabad  
ORD004598,CUST00765,DRV0130,UBER,10-06-2023,7.15,111.11,0.0,1.0,Pool,  Card  ,GURUGRAM
ORD001847,CUST01860,DRV0190, BluSmart,,2.29,61.89,,3.0,Bike, Net Banking,Mumbai
ORD004829,CUST02803,DRV0470,Jugnoo,09 Mar 2025,3.37,83.69,,2.0,XL,Card,lucknow
ORD001269,CUST00444,DRV0482,Rapido,,2.13,63.41,56.5,4.0,auto,CARD,Ahmedabad
ORD003231,CUST01694,DRV0319,  Namma Yatri  ,10-04-2025,9.43,206.23,0.0,2.0,suv,Card,Bhopal
ORD004529,CUST00374,DRV0393,InDrive,09-29-2025,1.72,59.78,67.13,2.0,Pool,Wallet,AHMEDABAD
ORD002302,CUST00352,DRV0180,indrive,14/03/2024,15.51,223.33,0.0,1.0,auto,UPI,chandigarh
ORD000997,CUST00163,DRV0132,meru,01-12-2025,1.41,63.67,0.0,1.0,Prime,Net Banking,Pune
ORD000045,CUST01707,DRV0127,Meru,11 Dec 2023,9.19,168.23,0.0,5.0,SUV,Wallet,bangalore
ORD002740,CUST01729,DRV0101, BluSmart,01-04-2024,9.19,192.85,61.43,3.0,Prime, Wallet, Faridabad
ORD004463,CUST00508,DRV0430,Namma Yatri,05-01-2024,3.4,85.53,,4.0,SUV,UPI,Bhopal
ORD003839,CUST00837,DRV0002,meru,29-07-2023,10.51,172.95,11.24,, XL,Cash,Indore
ORD000261,CUST01023,DRV0017,Uber,,8.39,114.68,,1.0,XL,CARD,Mumbai
ORD002861,CUST02431,DRV0040,Rapido,30-01-2024,9.03,129.34,65.72,3.0,  XL  ,CASH,Hyderabad
ORD002784,CUST00162,DRV0108,InDrive,2025/04/27,8.43,151.55,40.46,4.0,mini,Card,Bhopal
ORD003097,CUST01965,DRV0088,  Uber  ,2023/12/13,5.6,107.01,0.0,5.0,POOL,UPI,Chennai
ORD004653,CUST02821,DRV0325,uber,17-01-2023,,,0.0,4.0,bike,  Cash  ,Bangalore
ORD002624,CUST01892,DRV0334,Uber,26/04/2025,3.52,73.04,,4.0,MINI,Wallet, Bhopal
ORD004669,CUST00148,DRV0209, Namma Yatri,14-05-2025,7.78,107.56,,2.0,Pool,cash,  Noida  
ORD004968,CUST00213,,Rapido,11-25-2024,17.11,255.59,0.0,5.0,Pool,UPI,Hyderabad
ORD003327,CUST01451,DRV0115,  Ola  ,2023/04/04,4.69,102.84,0.0,4.0,MINI,NET BANKING,Pune
ORD000600,CUST02046,DRV0442,Rapido,11-12-2024,12.61,239.77,0.0,2.0,XL,NET BANKING,  Jaipur  
ORD004752,,DRV0022,  Uber  ,2023/11/18,,,0.0,1.0,Bike,UPI,  Bhopal  
ORD000420,CUST00529,DRV0432,Uber,07-14-2025,7.92,139.88,54.92,2.0,XL,net banking,Mumbai
ORD002137,CUST00611,DRV0089,InDrive,03-12-2025,7.39,116.06,95.79,,  Sedan  ,UPI,  Ahmedabad  
ORD001247,CUST02152,DRV0312,  Rapido  ,14-07-2024,1.14,49.98,,5.0,Mini,card,Gurugram
ORD001233,CUST02448,,Meru,10-04-2023,4.9,87.65,0.0,1.0,Mini,Wallet,Pune
ORD002267,CUST02842,DRV0082,Ola,06-09-2023,6.65,113.09,,2.0,  Auto  ,Net Banking,bhopal
ORD002205,CUST02227,DRV0411,UBER,,7.98,114.16,,4.0,Auto,net banking,Hyderabad
ORD001813,CUST02108,DRV0202,Ola,12-06-2024,16.39,263.76,,4.0,Bike,wallet,FARIDABAD
ORD000276,CUST00862,DRV0459,InDrive,26-12-2023,0.0,40.0,,2.0,Prime,Cash,KOLKATA
ORD000706,CUST02343,DRV0041,UBER,05/12/2024,10.08,135.53,0.0,5.0,prime,net banking,HYDERABAD
ORD003843,CUST02047,DRV0414,uber,28-03-2024,7.64,122.59,0.0,3.0,Mini,  Card  ,lucknow
ORD004550,CUST01764,DRV0242,rapido,12-10-2025,12.7,224.81,,5.0,xl,  UPI  ,JAIPUR
ORD000114,CUST00143,DRV0282, Meru,27/07/2025,4.34,84.17,,3.0, Auto,Card,  Hyderabad  
ORD004168,CUST02396,DRV0209,  Rapido  ,,7.9,111.94,,3.0,XL,UPI,ahmedabad
ORD004014,CUST01835,DRV0301,BluSmart,11-09-2023,22.84,,0.0,,  Sedan  ,  Card  ,  Chandigarh  
ORD002131,CUST02287,DRV0237, InDrive,06-26-2025,0.08,41.13,95.83,2.0,  SUV  ,  Net Banking  ,NOIDA
ORD003229,CUST01348,DRV0175,InDrive,21-06-2025,19.98,239.44,0.0,1.0,Sedan,UPI,Ahmedabad
ORD002927,CUST01041,DRV0236,Meru,2023/03/03,14.15,247.18,,3.0, SUV,wallet, Gurugram
ORD000142,CUST00035,DRV0189,indrive,28-09-2023,14.35,205.92,,4.0,Sedan,upi,BHOPAL
ORD004548,CUST01462,DRV0254,  Rapido  ,11/10/2025,12.33,252.61,,3.0,Pool,UPI,Delhi
ORD004580,CUST00408,DRV0267,Meru,03-02-2023,0.27,44.36,0.0,3.0,AUTO,Wallet,faridabad
ORD001566,CUST02095,DRV0340,Uber,19-08-2025,6.89,133.89,0.0,3.0,  SUV  ,upi,  Indore  
ORD003766,CUST00727,DRV0097,Uber,00-00-0000,10.61,184.5,,5.0,Mini,NET BANKING,indore
ORD003989,CUST01545,DRV0441,Jugnoo,2025/03/30,1.75,68.42,0.0,1.0,Bike,cash, Ahmedabad
ORD002413,CUST02800,DRV0370,namma yatri,19 Feb 2023,8.26,172.85,,1.0,  Sedan  ,UPI,Lucknow
ORD001654,CUST00103,DRV0438,ola,19/02/2024,8.19,137.27,,3.0,Bike,Card,  Ahmedabad  
ORD003532,CUST00308,DRV0200,BluSmart,07/08/2025,15.28,268.31,19.02,2.0,XL,Wallet,Faridabad
ORD000105,CUST02704,DRV0409,Namma Yatri,04-05-2025,,,0.0,4.0,SEDAN,Cash,Pune
ORD004053,CUST02803,DRV0272,Rapido,17-11-2023,5.39,98.26,65.71,4.0,prime,Card,FARIDABAD
ORD001858,cust01641,DRV0273,NAMMA YATRI,05-10-2025,4.39,102.96,,0.0, SUV,  Net Banking  ,  Noida  
ORD004890,CUST00481,DRV0125,Ola,26-01-2025,2.95,91.77,,1.0,Auto,  Card  ,Chennai
ORD004941,CUST02802,DRV0250,jugnoo,10/01/2024,2.11,75.05,9.91,4.0, Sedan,wallet,ahmedabad
ORD002330,CUST00485,DRV0189,Meru,11/10/2023,2.99,84.19,,,BIKE,Cash,Faridabad
ORD003977,CUST02966,DRV0065,Ola,05-13-2023,8.26,143.21,,0.0,  SUV  ,CASH,faridabad
ORD003890,CUST02346,DRV0095,Ola,00-00-0000,16.0,202.25,0.0,2.0,xl,UPI,  Jaipur  
ORD002710,CUST01729,DRV0475,BluSmart,05-19-2023,2.15,64.73,0.0,3.0,BIKE,cash,Chandigarh
ORD004338,CUST02025,,Meru,16-06-2024,2.45,61.66,0.0,2.0,auto,Card,  Indore  
ORD002479,CUST01419,DRV0346,BluSmart,02-14-2023,17.19,266.61,0.0,5.0,SUV,UPI,chandigarh
ORD002863,,DRV0163,Meru,20-07-2024,0.64,50.82,0.0,2.0,Bike, UPI,DELHI
ORD004193,CUST01326,DRV0029,Ola,12-07-2024,7.7,108.57,,3.0,Pool,Card,  Lucknow  
ORD002516,CUST02958,DRV0383,NAMMA YATRI,00-00-0000,23.76,330.94,0.0,1.0,Prime,Wallet, Jaipur
ORD004753,CUST02114,DRV0300,ola,21/08/2024,5.74,99.01,0.0,1.0,Pool,Card,Faridabad
ORD003565,CUST01425,DRV0327,rapido,11-16-2024,1.58,58.29,79.89,3.0,Bike,Card,INDORE
ORD000085,CUST02400,,NAMMA YATRI,15 Jul 2023,20.2,303.48,,4.0,SUV,upi,CHENNAI
ORD001719,CUST02651,DRV0301,  Rapido  ,20-09-2024,5.36,109.59,0.0,2.0,  Sedan  ,WALLET,NOIDA
ORD004106,CUST02068,DRV0231,Rapido,,6.23,131.4,94.44,4.0, SUV,UPI,Lucknow
ORD002653,CUST00150,DRV0070,indrive,24-10-2023,5.58,100.62,,5.0,Pool,Net Banking,Indore
ORD001340,CUST01787,DRV0009,  Ola  ,2025/01/03,10.34,202.35,,4.0,bike,Net Banking,Noida
ORD003896,CUST00332,DRV0086,Ola,25/02/2024,10.23,201.18,0.0,4.0, Pool,Wallet,  Bangalore  
ORD000277,CUST02676,DRV0166,Uber,2023/09/02,14.13,228.66,,4.0,  Pool  ,  Card  ,Mumbai
ORD001409,CUST01338,DRV0447,Namma Yatri,2023/12/31,3.21,69.89,0.0,4.0,Pool,wallet,Bhopal
ORD001373,CUST00856,DRV0065,uber,03-01-2025,3.4,0,64.52,3.0,  Auto  ,  Wallet  ,bhopal
ORD003845,CUST01400,DRV0300,BluSmart,2025/12/12,10.51,176.57,0.0,5.0,Auto,CASH, Gurugram
ORD003995,CUST02132,DRV0450,Rapido,,7.0,118.13,57.25,4.0, SUV,upi,  Ahmedabad  
ORD004185,CUST01798,DRV0163, InDrive,00-00-0000,8.18,111.4,,1.0,Pool,UPI,INDORE
ORD000091,CUST01213,DRV0291,  BluSmart  ,29/09/2023,3.71,77.84,0.0,5.0,SUV,card,Delhi
ORD004377,CUST00050,DRV0297,Ola,2025/08/18,13.03,215.49,,1.0,SUV,UPI, Bangalore
ORD003056,CUST01043,DRV0051,Jugnoo,05/07/2024,,,0.0,3.0,SUV,cash,Chennai
ORD001907,CUST01498,DRV0467,BluSmart,09-26-2023,9.84,177.11,,3.0,Sedan,Wallet,Kolkata
ORD002700,CUST00429,DRV0346,uber,2024/08/05,6.36,141.79,,2.0,Mini,Card, Lucknow
ORD001824,CUST00751,DRV0113,Meru,23-05-2024,6.21,,,2.0,XL,Card,Chennai
ORD003418,CUST02784,DRV0109,Uber,2025/01/15,24.31,395.31,31.17,5.0,  Pool  ,card,Bhopal
ORD001427,CUST02868,,  Uber  ,29/05/2023,9.81,0,0.0,2.0,,Net Banking,Indore
ORD003413,CUST01135,DRV0247, BluSmart,15/10/2025,10.64,215.23,22.06,1.0,Bike,CARD, Hyderabad
ORD004462,CUST02863,DRV0435,indrive,,5.31,,,1.0, Sedan,Cash,Chennai
ORD002072,CUST01481,DRV0163,Namma Yatri,00-00-0000,5.36,83.65,,,Sedan,Cash,  Bhopal  
ORD002027,CUST02090,DRV0141, Ola,12-08-2025,6.71,109.22,,3.0,Sedan,wallet,DELHI
ORD000999,CUST01753,DRV0156,Ola,22/11/2024,12.94,261.87,,5.0,XL,Cash, Faridabad
ORD002359,CUST02422,DRV0316,Namma Yatri,21-04-2023,7.24,125.45,,1.0,Pool,cash,Gurugram
ORD003109,CUST00288,DRV0479,Rapido,29-09-2023,14.22,163.61,0.0,2.0, Bike,  Wallet  ,Chennai
ORD003426,CUST01187,DRV0046,indrive,02/08/2023,20.2,233.73,,4.0,  SUV  , Cash,Bangalore
ORD001760,CUST01225,DRV0407,  BluSmart  ,10/03/2023,,,,3.0,Prime,Cash,FARIDABAD
ORD003452,CUST00177,DRV0166,Namma Yatri,2025/08/22,6.55,117.76,17.33,2.0,MINI,Cash,Chennai
ORD002289,CUST02516,DRV0047,Uber,30-10-2025,19.45,319.68,0.0,3.0,XL,Card,Hyderabad
ORD002715,CUST02222,DRV0265,Namma Yatri,03 Oct 2023,5.82,95.1,,5.0,Bike,UPI,bangalore
ORD001343,CUST01984,DRV0023, Meru,12-12-2025,2.01,57.39,0.0,3.0,SUV,Card,CHANDIGARH
ORD004191,CUST00044,DRV0042,BluSmart,18/02/2024,11.43,150.46,-48.47,2.0,SUV,  UPI  , Jaipur
ORD002147,CUST02062,DRV0151,blusmart,06-02-2024,7.45,114.5,0.0,4.0,  SUV  ,UPI,Bhopal
ORD000168,CUST02317,DRV0185,RAPIDO,17-01-2023,5.88,111.13,0.0,3.0,  Bike  ,NET BANKING,chandigarh
ORD000497,CUST02884,DRV0080,Jugnoo,05-08-2025,2.88,Rs 75.36,0.0,2.0,SUV,Card,mumbai
ORD003162,CUST02188,DRV0371,Uber,12-21-2025,6.71,120.45,,1.0,Pool,Net Banking,Bangalore
ORD004428,CUST02088,DRV0401,,24-11-2025,15.28,285.74,0.0,4.0,SUV,Net Banking,Hyderabad
ORD000220,CUST02633,DRV0365,BluSmart,22/04/2023,13.58,178.32,,3.0,Sedan, Cash,  Pune  
ORD002482,CUST02143,DRV0030, Jugnoo,2025/12/20,8.32,187.69,0.0,3.0,Bike,Wallet,noida
ORD004989,CUST00221,DRV0307,Namma Yatri,2024/07/17,0.59,48.56,22.69,3.0,  Pool  , Cash,bangalore
ORD002535,CUST02444,DRV0175,Namma Yatri,02-03-2023,5.36,132.01,70.77,5.0,MINI,  Net Banking  ,KOLKATA
ORD003731,CUST01052,DRV0450,Meru,22-09-2024,5.5,133.92,0.0,3.0,auto,  Card  ,Lucknow
ORD001538,CUST01296,DRV0434,Jugnoo,05-07-2023,8.63,182.02,0.0,5.0,Bike, Card,indore
ORD004628,CUST00986,DRV0206,  Rapido  ,25-10-2023,0.84,-53.88,,4.0,XL,cash,Hyderabad
ORD000306,CUST02479,DRV0456,Rapido,08-12-2023,13.7,235.61,,2.0,  XL  ,Wallet,HYDERABAD
ORD003844,CUST02845,DRV0005,indrive,21-01-2024,5.87,135.48,0.0,3.0, XL,upi,Mumbai
ORD000197,CUST00058,DRV0200,Rapido,20/03/2024,12.88,236.11,0.0,1.0,Auto,  Net Banking  ,PUNE
ORD001147,CUST00719,DRV0035,Ola,01 Nov 2023,,,18.49,4.0, Auto, Cash,gurugram
ORD004591,CUST02199,DRV0357,  Meru  ,2025/07/20,6.49,119.63,0.0,5.0,Bike,  Cash  ,Pune
ORD000111,CUST02726,DRV0179,Uber,01/11/2024,2.1,63.59,,2.0,,UPI,Noida
ORD003555,CUST01074,DRV0038,Namma Yatri,23 Feb 2025,6.24,136.55,67.51,2.0,  Bike  ,Net Banking,Kolkata
ORD004466,CUST02504,DRV0044,OLA,12/07/2024,3.38,90.41,,,SEDAN,Card,Ahmedabad
ORD004996,CUST01813,DRV0029,namma yatri,04-02-2025,3.14,71.94,,5.0,Pool,UPI,Mumbai
ORD000927,CUST01717,DRV0275,Rapido,07-08-2025,4.1,80.55,,0.0, Auto,UPI,AHMEDABAD
ORD001816,CUST00578,DRV0145,Meru,27-03-2024,5.24,119.02,8.45,2.0,  Mini  , UPI,Gurugram
ORD004493,CUST01316,DRV0293,indrive,2023/03/31,1.54,54.55,,3.0,Bike,CASH,Mumbai
ORD000798,CUST02309,DRV0483,Ola,2025/02/04,6.9,120.27,0.0,1.0,auto,Card,Pune
ORD001299,CUST00627,DRV0388,Jugnoo,2024/08/12,0.65,47.76,,5.0,Auto,Wallet,MUMBAI
ORD003260,CUST02060,DRV0408,InDrive,21/11/2025,5.03,126.24,53.12,2.0,,UPI,Kolkata
ORD001063,CUST01394,DRV0033,Uber,11 Sep 2025,,,,1.0,prime,CARD,Bhopal
ORD004515,CUST01421,DRV0326,Ola,2025/04/04,18.56,,90.7,4.0,Pool,Cash,Bangalore
ORD003281,CUST00515,DRV0240,Namma Yatri,2025/07/30,12.63,214.35,71.5,2.0,auto,Cash,jaipur
ORD004472,CUST02393,DRV0216,Namma Yatri,07-06-2023,13.34,266.59,0.0,3.0,auto,  Net Banking  ,NOIDA
ORD004567,CUST00609,DRV0303,UBER,04-03-2023,9.71,204.84,0.0,,Mini,WALLET, Gurugram
ORD003321,CUST02194,DRV0123,InDrive,2023/05/28,,,0.0,2.0, Auto,wallet,Chennai
ORD003972,cust01079,DRV0350,INDRIVE,,9.68,137.49,0.0,2.0,Sedan, UPI,  Indore  
ORD003318,CUST02044,DRV0270,Meru,27/07/2025,3.36,83.5,31.89,5.0,AUTO,Card,KOLKATA
ORD001360,CUST01222,DRV0480,Meru,23-03-2024,6.63,,70.55,5.0,Mini,upi,Kolkata
ORD001762,CUST02293,DRV0382,namma yatri,2025/11/22,9.9,154.2,,3.0,pool,Wallet,CHENNAI
ORD002060,CUST02180,DRV0126,INDRIVE,04-23-2025,9.48,199.13,0.0,2.0,XL,,Lucknow
ORD002893,CUST02040,DRV0342,Ola,05 Aug 2023,12.75,245.62,,5.0,sedan,card,Faridabad
ORD003735,CUST02674,DRV0472,Namma Yatri,28-06-2025,5.58,135.87,,5.0,SEDAN,upi,Noida
ORD003558,CUST02934,DRV0209,OLA,03-25-2023,13.44,179.9,,5.0,mini,upi,  Mumbai  
ORD001487,CUST02613,DRV0315,  Uber  ,2024/10/12,12.69,170.71,99.11,1.0,Auto,Cash,Noida
ORD004635,CUST02838,DRV0183,InDrive,31/10/2023,19.84,347.17,0.0,2.0,Auto,Cash,BHOPAL
ORD003780,CUST01862,DRV0434,Meru,2024/01/03,0.16,41.79,0.0,1.0,POOL,Net Banking,Chandigarh
ORD004577,CUST02218,DRV0066,Ola,2024/06/05,7.16,160.21,28.49,5.0,Auto,card,Jaipur
ORD004320,cust02992,DRV0452,Ola,2023/06/22,12.31,210.56,0.0,4.0,Sedan,NET BANKING, Indore
ORD000673,CUST01601,DRV0316,NAMMA YATRI,2024/02/13,0.1,40.98,13.36,5.0,Prime,Cash, Faridabad
ORD004072,CUST01773,DRV0453,meru,07-19-2023,3.93,104.4,,2.0,XL,  Card  ,Mumbai
ORD001394,CUST01664,DRV0017,indrive,07-03-2024,10.77,158.43,0.0,5.0,pool,Net Banking,Ahmedabad
ORD003142,CUST00933,DRV0293,Meru,10 Dec 2023,10.65,228.85,57.47,3.0,Sedan,Card,Noida
ORD002654,CUST02920,DRV0190,Jugnoo,02-01-2024,5.99,138.22,0.0,5.0,bike,Card,DELHI
ORD000581,CUST01696,DRV0397,,04-02-2024,8.63,186.86,87.63,4.0, Mini,Net Banking,Faridabad
ORD001046,CUST00336,DRV0489,Jugnoo,30-08-2023,4.16,104.65,0.0,2.0, SUV,Card, Lucknow
ORD004174,CUST01543,DRV0294,OLA,08-10-2024,11.51,221.83,12.4,3.0,SUV,Wallet,jaipur
ORD002596,CUST01031,DRV0229,Uber,05-18-2024,1.79,66.4,0.0,5.0,SUV,upi,Ahmedabad
ORD002797,CUST00109,DRV0323,blusmart,2024/11/25,16.5,,,2.0,mini,Card, Hyderabad
ORD003478,CUST02172,DRV0350,Ola,17-12-2023,5.61,114.59,0.0,3.0,auto, Card,Hyderabad
ORD004222,,DRV0295,meru,2023/09/08,14.01,279.47,33.04,1.0,sedan,CARD,Faridabad
ORD003115,CUST02084,DRV0229,Ola,24/12/2023,5.14,119.25,81.03,1.0,Mini,cash,Chandigarh
ORD003589,CUST00657,DRV0170,Rapido,2024/08/21,6.76,143.0,62.51,4.0,Sedan,CASH,Gurugram
ORD003962,CUST00835,,BLUSMART,22/01/2025,2.99,,,2.0, Bike,card,delhi
ORD001961,CUST02938,DRV0193,Jugnoo,24 Oct 2023,18.35,309.55,,3.0,XL,WALLET,Chennai
ORD001933,CUST00239,DRV0052,Rapido,05-03-2023,8.58,132.58,0.0,5.0,Pool,NET BANKING, Jaipur
ORD001597,CUST02659,DRV0423,Uber,00-00-0000,17.25,316.02,0.0,5.0,sedan,wallet,Faridabad
ORD004673,CUST02738,DRV0033,Meru,04-05-2025,5.62,102.37,0.0,2.0,pool, Card,chennai
ORD004718,CUST01529,DRV0259,meru,01-01-2025,3.96,78.1,63.85,1.0,MINI,Card,Ahmedabad
ORD000768,CUST02300,DRV0322,INDRIVE,2025/04/02,14.05,250.54,0.0,3.0,PRIME,UPI,Bangalore
ORD000660,CUST02780,DRV0437,BluSmart,01-05-2024,1.91,74.31,,2.0,prime,UPI,KOLKATA
ORD004833,CUST00908,DRV0304,Jugnoo,13/03/2024,9.09,164.02,,1.0,suv,net banking, Chandigarh
ORD003573,CUST00149,DRV0019,Namma Yatri,01-07-2024,17.86,200.02,0.0,5.0,Bike,WALLET,Bangalore
ORD000623,CUST01483,DRV0305,ola,20-12-2024,8.43,134.85,,2.0,Sedan,UPI,Hyderabad
ORD004858,CUST00126,DRV0363,Uber,11-01-2023,2.51,83.75,,1.0,SUV,Cash, Jaipur
ORD004356,CUST01451,,indrive,21-02-2025,12.77,157.88,,3.0,SUV,  Cash  , Chennai
ORD004379,CUST02156,DRV0037,JUGNOO,24-10-2024,10.15,200.28,0.0,1.0,Bike,Cash,Hyderabad
ORD004052,CUST00763,DRV0070,Namma Yatri,01-09-2025,12.37,205.13,94.73,3.0,Pool,Cash,LUCKNOW
ORD002683,CUST01092,DRV0108,Namma Yatri,00-00-0000,3.38,90.52,,1.0,SUV,NET BANKING,indore
ORD001185,cust01358,DRV0306,Meru,2025/11/07,1.72,61.75,,,MINI, Net Banking,Jaipur
ORD001974,CUST01510,DRV0080,OLA,07-01-2024,1.11,50.12,0.0,2.0,xl,Cash,Mumbai
ORD004552,CUST00391,DRV0401,Ola,18 Aug 2024,9.99,171.95,,,PRIME,wallet,Mumbai
ORD003859,CUST00012,DRV0223,Meru,2025/06/24,4.12,73.14,0.0,3.0,pool,Wallet,Mumbai
ORD004531,CUST00703,DRV0302,InDrive,03-05-2025,,,0.0,5.0,mini,Cash,Chandigarh
ORD003736,CUST02523,DRV0346,Rapido,01 May 2025,5.4,88.91,,2.0,Auto,net banking,Mumbai
ORD002936,CUST01236,DRV0446,  Namma Yatri  ,12-14-2024,14.17,154.1,0.0,2.0,mini,UPI,MUMBAI
ORD004396,CUST00642,DRV0256, BluSmart,30-10-2025,11.55,173.48,28.63,3.0,MINI,Net Banking,Ahmedabad
ORD003993,CUST00675,DRV0189,indrive,19-09-2025,6.17,113.13,75.17,3.0,pool,card,Chandigarh
ORD004926,CUST00614,DRV0383,BluSmart,30/08/2023,10.22,207.41,,2.0, Prime,  Net Banking  , Mumbai
ORD004535,CUST01755,DRV0487,Rapido,2023/07/04,17.47,,,4.0,Mini,CARD,AHMEDABAD
ORD002374,CUST00066,DRV0184,Uber,2024/03/30,13.5,157.5,,4.0,Sedan,upi,Kolkata
ORD002452,CUST02127,DRV0043,Ola,05-04-2023,13.34,Rs 264.58,,5.0, Pool,  UPI  ,Ahmedabad
ORD003338,CUST02602,DRV0126, Namma Yatri,2023/08/06,9.32,167.41,,1.0,SUV,Wallet,
ORD004009,CUST02544,DRV0480,namma yatri,2025/10/17,14.63,282.7,,1.0,xl,Wallet, Chandigarh
ORD004389,CUST01646,DRV0015, BluSmart,2024/11/12,8.96,153.18,0.0,5.0,SUV,upi,delhi
ORD001838,CUST00566,DRV0184,  Rapido  ,2025/10/18,12.0,152.48,0.0,5.0,XL,Cash,Kolkata
ORD004375,CUST01351,DRV0230,Namma Yatri,2023/06/25,1.23,52.65,0.0,3.0,Prime,CARD,Chandigarh
ORD000656,CUST00601,DRV0250,Rapido,18 Apr 2025,5.96,116.4,,1.0,Pool,  Card  , Mumbai
ORD001059,CUST02641,DRV0395,Jugnoo,11-25-2023,8.69,,0.0,3.0,Auto,UPI,Jaipur
ORD000733,CUST01200,DRV0212,InDrive,10-06-2025,5.97,122.95,64.4,3.0,prime,UPI,Gurugram
ORD003784,CUST01925,DRV0355,RAPIDO,02/09/2023,0.03,40.29,60.68,1.0,Mini,NET BANKING,Chennai
ORD000554,CUST00873,DRV0380,JUGNOO,10/11/2024,9.41,196.66,0.0,4.0,auto,Card,Jaipur
ORD002143,CUST00057,DRV0484,uber,21/11/2023,2.42,65.41,,3.0,auto,card,Chennai
ORD000278,CUST01238,DRV0458,Rapido,00-00-0000,4.72,113.3,19.57,4.0,BIKE,Wallet, Jaipur
ORD001901,CUST01022,DRV0095,InDrive,02-01-2025,1.54,64.0,67.48,5.0,  Prime  ,CARD,Noida
ORD003304,CUST01297,DRV0100,Meru,2024/09/22,11.71,206.79,0.0,2.0,xl,card,Hyderabad
ORD002294,CUST02252,DRV0372, Namma Yatri,00-00-0000,4.38,77.94,11.56,3.0,BIKE,Wallet,Jaipur
ORD003898,CUST00465,DRV0211,Namma Yatri,2024/01/14,8.98,174.89,84.61,1.0,Prime,Wallet,Delhi
ORD001192,CUST02521,DRV0466,BluSmart,19-07-2025,0.0,40.0,0.0,3.0,pool,  UPI  ,Bhopal
ORD001357,CUST02261,DRV0116,  Uber  ,09-11-2024,13.1,152.47,17.37,2.0,XL, Wallet,Indore
ORD001695,CUST00116,DRV0346,BLUSMART,2023/08/30,2.92,82.96,,1.0,  SUV  ,Net Banking,CHENNAI
ORD003807,CUST01692,DRV0293,RAPIDO,12/07/2024,12.08,154.72,0.0,4.0,Auto,  Card  ,Noida
ORD000427,CUST02697,DRV0166,Namma Yatri,2024/09/15,2.02,61.93,5.03,5.0,  Mini  ,Net Banking, Indore
ORD001187,CUST00969,DRV0092,Meru,07-23-2025,8.54,152.1,0.0,3.0,SUV,Card,Chandigarh
ORD000866,CUST02177,DRV0037,UBER,10-09-2024,9.2,183.06,0.0,3.0,  Mini  ,net banking,pune
ORD003016,CUST02115,DRV0165,UBER,2025/02/20,22.66,404.49,0.0,5.0,Pool,UPI,MUMBAI
ORD001710,CUST01178,DRV0406,BluSmart,18-07-2024,20.85,368.55,0.0,5.0,mini,Wallet,Mumbai
ORD001246,CUST02237,DRV0314,RAPIDO,23-05-2024,7.42,99.91,,5.0, XL,Card, Pune
ORD003670,CUST02044,DRV0464,  BluSmart  ,29/11/2023,6.49,92.35,39.2,4.0,Pool,Card,Bhopal
ORD001529,CUST02271,DRV0434,Namma Yatri,01-11-2023,15.44,279.83,0.0,2.0,sedan,card,Kolkata
ORD004698,CUST01574,DRV0120,meru,00-00-0000,10.88,221.09,69.24,3.0,XL,Net Banking,Bangalore
ORD003107,CUST00476,DRV0233,InDrive,23/07/2024,3.76,98.11,0.0,2.0, Mini,WALLET,Chennai
ORD000218,CUST02965,DRV0276,  Rapido  ,13/03/2025,5.57,101.01,0.0,3.0,Bike,  Cash  , Jaipur
ORD004310,CUST01972,DRV0174,Jugnoo,2025/04/20,8.56,167.77,0.0,,Sedan,  Net Banking  ,jaipur
ORD004132,CUST01597,DRV0253,meru,31-08-2025,20.72,339.66,,2.0,pool,Cash,mumbai
ORD002956,CUST00015,DRV0088,uber,2024/03/02,8.43,168.07,,2.0,Bike,Wallet,BHOPAL
ORD003695,CUST02599,DRV0274,UBER,22/09/2024,7.98,157.58,0.0,3.0,XL, Cash,AHMEDABAD
ORD004464,CUST00833,DRV0289,InDrive,2023/12/11,25.3,335.01,,4.0,XL,WALLET,Faridabad
ORD004109,CUST01731,DRV0211,  Uber  ,14/10/2025,3.67,105.2,,5.0,Mini,Card,Lucknow
ORD000477,CUST01139,DRV0219,JUGNOO,,7.64,,,4.0,pool,CASH,  Gurugram  
ORD003416,CUST00421,DRV0455,Ola,30/03/2023,17.58,232.28,0.0,1.0,XL, Card,Gurugram
ORD003271,CUST01031,DRV0091,InDrive,01-05-2025,9.3,168.88,,2.0,AUTO,CASH,Pune
ORD002283,CUST01166,DRV0055,OLA,28-07-2025,17.76,356.68,0.0,5.0,POOL,net banking,Bangalore
ORD002744,CUST02902,DRV0401,BLUSMART,01-04-2023,9.44,170.21,0.0,2.0,BIKE,Net Banking,Hyderabad
ORD000729,CUST00462,DRV0240,InDrive,16/09/2023,21.75,216.09,0.0,1.0,suv,NET BANKING,  Bhopal  
ORD001633,CUST01296,DRV0316,Meru,19-03-2024,8.21,179.56,,2.0,  Prime  ,WALLET,  Jaipur  
ORD004046,CUST02849,DRV0024,BluSmart,01-10-2024,13.86,187.17,77.36,1.0,  Prime  ,Cash,  Jaipur  
ORD000014,CUST01481,DRV0193,  InDrive  ,21-12-2023,7.19,155.01,0.0,5.0,prime,card,JAIPUR
ORD001024,CUST02604,DRV0431, Meru,10/08/2023,5.7,140.64,76.3,1.0,Prime,CARD,Bangalore
ORD004704,CUST00002,DRV0205,uber,2023/12/21,9.67,149.26,0.0,3.0,Bike,Net Banking,Chandigarh
ORD000436,CUST00602,DRV0349,blusmart,00-00-0000,15.77,286.15,,2.0,Pool,UPI,Ahmedabad
ORD004114,CUST00949,DRV0317,InDrive,14-01-2025,,,0.0,5.0,Bike,cash,Pune
ORD001783,CUST01223,DRV0187,InDrive,2024/12/12,9.34,195.12,,5.0,SEDAN, Net Banking,LUCKNOW
ORD001804,CUST00858,DRV0392,indrive,11-02-2025,7.65,110.1,0.0,2.0,Sedan,net banking,Bangalore
ORD001115,CUST01471,DRV0396,Rapido,01-05-2023,5.93,89.22,0.0,3.0,Mini,UPI,CHANDIGARH
ORD003380,CUST00008,DRV0384,Rapido,2023/09/17,5.8,119.62,0.0,3.0,Prime,wallet,Delhi
ORD002390,CUST00158,DRV0151,Namma Yatri,2023/09/25,8.25,179.12,,1.0,XL,UPI,Bangalore
ORD001954,CUST02934,DRV0176,,,10.49,169.63,0.0,5.0,Bike,,Lucknow
ORD000345,CUST00872,DRV0362,Jugnoo,28-09-2024,9.42,181.88,,2.0,sedan,upi,Chennai
ORD000033,CUST02014,DRV0033,Namma Yatri,01-05-2025,4.21,97.96,64.0,4.0,Auto,Wallet,BANGALORE
ORD003936,CUST01709,DRV0066,  Jugnoo  ,10-05-2024,0.7,52.18,0.0,5.0,XL,Card,Pune
ORD002600,CUST02808,DRV0318,  InDrive  ,04-03-2025,9.23,180.59,25.41,2.0,,Cash,AHMEDABAD
ORD002647,CUST00228,DRV0411,Rapido,00-00-0000,5.65,134.12,,4.0,XL,Card,Lucknow
ORD004129,CUST01161,DRV0093,jugnoo,07-13-2024,1.42,59.85,0.0,5.0,mini,CASH,Chennai
ORD000373,CUST00315,DRV0291,  Uber  ,21/12/2025,7.92,116.85,0.0,,Bike,UPI,AHMEDABAD
ORD000658,CUST02571,DRV0442,Meru,2024/07/30,12.64,178.58,0.0,3.0,SUV,Wallet,Chandigarh
ORD003743,CUST00649,DRV0349,JUGNOO,26-06-2023,7.55,105.04,88.5,3.0,mini,upi,Jaipur
ORD001087,CUST00637,DRV0308,blusmart,00-00-0000,4.77,104.84,0.0,2.0,Auto, UPI,Delhi
ORD003099,CUST02204,DRV0356,Jugnoo,20/08/2024,13.16,179.96,,1.0, XL,net banking,Indore
ORD004981,CUST02775,DRV0217,  Namma Yatri  ,23-01-2024,5.77,93.67,0.0,2.0,Auto,Wallet,Indore
ORD002249,CUST02908,DRV0400,RAPIDO,,22.22,252.33,,2.0,Bike,cash,  Mumbai  
ORD000861,CUST01823,DRV0007,Jugnoo,2024/12/15,7.15,124.89,,5.0,prime,UPI, Chennai
ORD004141,CUST02664,DRV0456, BluSmart,10-03-2024,0.44,44.6,66.43,3.0,PRIME,WALLET,Noida
ORD001535,CUST01570,DRV0029,Namma Yatri,09-08-2025,5.81,128.4,37.04,5.0,Pool,Cash,Faridabad
ORD002593,CUST02686,DRV0296, Namma Yatri,2025/07/13,10.33,131.34,0.0,3.0,Prime,Wallet, Jaipur
ORD002783,CUST01675,DRV0242,JUGNOO,2025/08/05,13.27,188.29,83.15,5.0,XL,Net Banking, Lucknow
ORD000490,CUST01210,DRV0353,namma yatri,2025/04/23,0.1,40.88,0.0,1.0,Mini,  Net Banking  ,Kolkata
ORD004600,CUST02731,DRV0048,Rapido,06 Aug 2023,12.6,185.48,0.0,4.0,auto,Cash,kolkata
ORD000134,CUST01932,DRV0457,InDrive,02-03-2023,0.35,44.17,86.49,4.0,XL,UPI,CHENNAI
ORD002109,CUST00405,DRV0499,Meru,00-00-0000,4.97,109.33,0.0,1.0,Auto,Card,Lucknow
ORD000691,CUST02219,DRV0388,jugnoo,20/02/2025,12.66,261.5,0.0,2.0,auto,Card,FARIDABAD
ORD002075,CUST02229,DRV0351,Rapido,00-00-0000,6.16,124.4,,1.0,SUV,Card,CHANDIGARH
ORD002149,CUST01229,DRV0011,Uber,03 Sep 2024,5.83,115.31,0.0,,SUV,,Gurugram
ORD003604,CUST01993,DRV0144,  Rapido  ,2023/08/18,6.0,143.41,0.0,5.0,suv,Net Banking,Bhopal
ORD004873,CUST01234,DRV0333,namma yatri,23-11-2025,17.41,306.6,,1.0,Auto,Wallet,Ahmedabad
ORD004885,CUST02990,DRV0032,Jugnoo,00-00-0000,11.18,206.83,0.0,3.0,Sedan,  Card  ,FARIDABAD
ORD000364,CUST00521,DRV0455,Rapido,,18.08,314.08,79.11,3.0, Prime,Net Banking,Gurugram
ORD004892,CUST02019,DRV0219,rapido,04/04/2025,4.55,94.75,94.38,2.0,SUV, Card,Chennai
ORD001629,CUST01706,DRV0412,UBER,10-04-2025,18.59,310.03,69.12,4.0,Prime,WALLET,Jaipur
ORD001277,CUST02303,DRV0227,uber,21 Feb 2023,15.12,231.28,,3.0,SUV,CASH,Jaipur
ORD002490,CUST01473,DRV0021,Namma Yatri,21-12-2024,3.09,91.64,0.0,5.0,Bike,UPI,  Delhi  
ORD000648,CUST01534,DRV0159,Jugnoo,04/12/2023,7.51,,,3.0,Pool,CARD,Noida
ORD001004,CUST00295,DRV0247,InDrive,05-01-2025,8.01,122.51,74.12,1.0,Auto,cash,Ahmedabad
ORD002525,CUST01639,DRV0345,rapido,30/05/2025,0.07,40.76,0.0,3.0,AUTO,NET BANKING,Ahmedabad
ORD002111,CUST01797,DRV0152,Uber,2025/10/17,10.45,137.58,,2.0,Auto,CARD,  Chennai  
ORD001173,CUST00119,DRV0070,Meru,04 Jul 2025,6.29,Rs 111.5,0.0,2.0,XL,Net Banking,Faridabad
ORD000484,CUST01391,DRV0465,meru,07-02-2025,5.57,133.97,7.73,4.0,SUV,Card,Indore
ORD001811,CUST02226,DRV0137,indrive,14/09/2025,14.26,187.16,0.0,4.0,Sedan, Net Banking, Ahmedabad
ORD003330,CUST00278,DRV0461,Jugnoo,30-01-2023,3.1,84.42,,4.0,Prime,UPI,BANGALORE
ORD004149,CUST00468,DRV0486,BluSmart,,10.96,192.0,0.0,5.0,POOL, Net Banking,Ahmedabad
ORD000243,CUST02569,DRV0395,indrive,17/03/2024,8.61,186.51,,2.0,Sedan,Net Banking,HYDERABAD
ORD002084,CUST02696,DRV0255,Ola,21-07-2025,9.76,123.18,,2.0,SUV,Wallet,Lucknow
ORD001203,CUST00389,DRV0282,BluSmart,08-20-2024,9.31,192.03,,3.0,XL,Wallet,Kolkata
ORD003752,CUST00176,DRV0352,RAPIDO,07-01-2023,0.19,Rs 41.53,0.0,4.0,SUV,Cash,indore
ORD004835,CUST02479,DRV0261,rapido,13 Nov 2025,14.31,178.49,0.0,3.0,Mini,UPI,Ahmedabad
ORD002169,CUST01716,DRV0342, Ola,03/07/2023,20.43,306.91,,3.0,Mini,Net Banking,Chennai
ORD001020,CUST01220,DRV0394,ola,07-06-2024,1.05,58.02,,5.0,SEDAN,Net Banking,  Chandigarh  
ORD002093,CUST01881,DRV0073,Meru,2025/12/31,7.56,110.26,,4.0,mini,Cash,Delhi
ORD003373,CUST02789,DRV0482,Jugnoo,14-01-2023,2.2,77.8,49.53,5.0,bike,Net Banking,Lucknow
ORD004933,CUST02103,DRV0103,Rapido,27-02-2023,1.39,61.19,,3.0,SUV,upi,Pune
ORD002125,CUST02792,DRV0125,Uber,,9.34,135.55,,3.0,Prime,card,Mumbai
ORD001745,CUST00118,DRV0424,InDrive,2023/06/13,0.7,52.42,,2.0,suv,CASH,Jaipur
ORD004465,CUST02811,DRV0341,NAMMA YATRI,07/11/2025,8.06,172.32,,2.0,SUV, Net Banking,Chennai
ORD002955,CUST00647,DRV0399, Namma Yatri,2024/11/28,11.09,215.57,,1.0,Bike,UPI,Bangalore
ORD003285,CUST00061,DRV0421,Uber,2023/03/22,11.63,Rs 137.31,,5.0,XL,  Net Banking  ,  Pune  
ORD004364,CUST00451,DRV0187,Jugnoo,2024/01/05,1.33,53.88,,3.0,Pool,,  Delhi  
ORD003384,CUST02810,DRV0057,Rapido,2025/12/07,7.33,160.24,,2.0,MINI,Cash,Ahmedabad
ORD004825,CUST00050,DRV0085,  Meru  ,09/09/2024,2.56,69.32,94.58,2.0,Pool,net banking,Bhopal
ORD002493,CUST01633,DRV0477,jugnoo,2024/04/28,21.38,231.91,,3.0, Sedan,Wallet, Noida
ORD001520,CUST01889,DRV0188,MERU,2023/06/04,7.57,126.48,,2.0,Prime,UPI,Chennai
ORD001034,,DRV0328,BLUSMART,10-11-2023,4.53,89.19,0.0,2.0,  SUV  ,UPI,bangalore
ORD001713,CUST02024,DRV0018,Ola,26-04-2025,2.85,73.98,0.0,4.0,Mini,Net Banking,Indore
ORD000296,CUST02956,DRV0220,Namma Yatri,2025/12/08,0.39,44.12,,4.0,XL,Net Banking,  Chennai  
ORD001849,,DRV0290,blusmart,00-00-0000,1.81,61.11,0.0,2.0, Sedan,Cash,Hyderabad
ORD004722,CUST01389,DRV0246,Rapido,2023/03/07,15.66,,,3.0,POOL,Cash, Kolkata
ORD004374,CUST02638,DRV0436,Rapido,2025/07/27,12.02,240.91,25.65,1.0,  XL  ,,
ORD000498,CUST01800,DRV0167,uber,02-13-2024,10.48,214.73,,1.0,Sedan,Wallet,DELHI
ORD003676,CUST00387,DRV0241,Meru,,13.36,248.09,,3.0,XL,Wallet,Lucknow
ORD000485,CUST00880,DRV0303,,11-01-2023,4.87,126.31,46.23,1.0, Auto,UPI,Chennai
ORD001521,CUST01442,DRV0465,Uber,,0.75,53.42,0.0,5.0,Bike,net banking,Pune
ORD000183,CUST01090,DRV0424,UBER,10-08-2023,7.2,125.06,,4.0,Pool,Net Banking,FARIDABAD
ORD000685,CUST00159,DRV0364,BluSmart,09-28-2025,13.37,219.94,,2.0, XL,Cash,BHOPAL
ORD001769,CUST01538,DRV0379,Meru,11-19-2023,0.56,50.03,0.0,4.0,XL,cash,Mumbai
ORD004955,CUST01924,DRV0067,Rapido,,2.12,74.03,0.0,1.0,Sedan,  Wallet  ,Pune
ORD002051,CUST02281,DRV0086,BluSmart,04-09-2025,15.43,206.04,0.0,2.0, Sedan,UPI, Kolkata
ORD000755,CUST00039,DRV0280,BLUSMART,2023/07/26,15.77,285.93,,,SUV,Net Banking,Bangalore
ORD004605,CUST00831,DRV0281,  Ola  ,03-19-2025,15.96,185.75,,8.0,POOL,  Net Banking  ,GURUGRAM
ORD002546,CUST02065,DRV0226,JUGNOO,14-01-2024,2.45,71.14,,3.0,,  UPI  ,Indore
ORD003362,CUST01208,DRV0302,MERU,,17.01,293.6,,5.0,Pool,UPI,Bangalore
ORD003633,CUST01569,DRV0037,RAPIDO,2024/09/14,2.44,79.22,,1.0,AUTO,Wallet,  Chennai  
ORD001439,CUST02868,DRV0414,UBER,08-28-2025,17.58,355.35,53.35,2.0,, Card,Pune
ORD001446,CUST02186,DRV0024,Uber,23 Oct 2023,8.59,185.84,0.0,5.0,Mini,Net Banking,Noida
ORD004238,CUST01273,,MERU,01-10-2025,8.59,156.53,67.57,,Sedan,UPI,Bangalore
ORD000865,CUST01365,DRV0011,BLUSMART,13-08-2025,11.14,133.44,,5.0, XL,UPI, Ahmedabad
ORD002232,CUST02147,DRV0063,Jugnoo,07-12-2025,7.18,123.6,0.0,5.0,PRIME,wallet,Lucknow
ORD002323,CUST02987,DRV0182,InDrive,2025/11/13,4.25,102.62,,,Bike,  Wallet  ,Indore
ORD002961,CUST00586,DRV0303, Meru,21/12/2023,6.53,149.57,,3.0,  Pool  ,Net Banking,Faridabad
ORD003745,CUST00608,DRV0208,BluSmart,01-03-2024,3.8,97.39,0.0,1.0,Prime,Cash,Jaipur
ORD004945,CUST00069,DRV0155,InDrive,15-12-2024,6.02,117.37,0.0,,pool,Cash,  Chennai  
ORD003985,CUST01488,,Rapido,05-19-2025,8.2,178.04,56.57,1.0,auto, Net Banking,Pune
ORD002780,CUST01454,DRV0256, Ola,15 Nov 2023,7.92,124.46,0.0,4.0,SUV,Net Banking,
ORD003684,CUST02480,DRV0459,blusmart,28/08/2024,9.78,164.7,0.0,4.0,MINI,CASH,chandigarh
ORD003045,CUST02154,DRV0069,NAMMA YATRI,2025/05/18,3.2,70.52,0.0,1.0,XL,CARD, Faridabad
ORD004984,CUST00452,DRV0061,meru,08-02-2023,,,0.0,,Bike,Card,delhi
ORD004214,CUST01154,DRV0242,Uber,2025/10/21,4.19,90.31,0.0,5.0,BIKE,Net Banking,  Hyderabad  
ORD003074,CUST02889,DRV0031,meru,05-17-2024,8.66,182.82,0.0,3.0,Sedan,Net Banking,DELHI
ORD002162,CUST00915,DRV0077, Ola,03-21-2025,5.48,134.77,,5.0,  Pool  ,  UPI  ,Chennai
ORD000546,CUST02972,DRV0150,Uber,04-07-2023,9.59,204.37,,1.0,XL,net banking,Bhopal
ORD001790,CUST00083,DRV0376,MERU,06-18-2024,10.2,168.47,0.0,3.0,Pool,UPI,chennai
ORD002214,CUST02455,DRV0005,Uber,15-02-2025,12.27,159.08,,1.0,Bike,cash,  Ahmedabad  
ORD004040,CUST02749,DRV0498,  Ola  ,12-29-2023,10.81,182.25,,4.0,suv,Net Banking, Hyderabad
ORD002233,CUST01597,DRV0240,  Rapido  ,17-05-2023,,,,3.0,Bike,UPI,  Hyderabad  
ORD001397,CUST00909,DRV0217,Jugnoo,2023/08/01,13.73,254.31,0.0,2.0,Prime,Wallet,Delhi
ORD000275,CUST00613,DRV0287, Jugnoo,09-25-2024,3.6,82.93,0.0,1.0,Auto,wallet,Chennai
ORD000705,CUST00717,DRV0026,rapido,25-06-2023,,,0.0,5.0,AUTO,card,  Ahmedabad  
ORD001025,CUST01301,DRV0405, Jugnoo,,9.91,138.46,50.83,3.0,SUV,  Wallet  ,AHMEDABAD
ORD000384,CUST01234,,RAPIDO,25/04/2025,12.61,255.41,,2.0,Mini,Cash,  Jaipur  
ORD002610,CUST00638,DRV0164, Uber,07-12-2023,17.44,253.69,,1.0,XL,CARD,  Bhopal  
ORD004273,CUST00411,DRV0130,Rapido,2023/11/25,25.08,320.22,0.0,4.0,  Prime  ,net banking,Lucknow
ORD003244,CUST00833,DRV0057,jugnoo,2023/03/13,15.69,187.79,,5.0,xl,  Cash  , Chandigarh
ORD002568,CUST00331,DRV0221,Ola,08 Mar 2023,4.83,102.13,,,Prime,WALLET,  Lucknow  
ORD004927,CUST01339,DRV0195,uber,,20.39,402.91,0.0,2.0,Prime,net banking,  Kolkata  
ORD001643,CUST02477,DRV0459,Jugnoo,25/06/2024,5.75,91.56,38.97,3.0,Auto,  Cash  ,Chandigarh
ORD004719,CUST01089,DRV0337,Uber,00-00-0000,0.22,43.39,,3.0,SUV,card,Gurugram
ORD000859,CUST02088,DRV0224,  Rapido  ,17/05/2025,5.55,86.78,26.03,2.0,Sedan,Card,mumbai
ORD004020,CUST00546,DRV0241,Uber,12-08-2025,0.72,50.93,,4.0,POOL,CASH,Bhopal
ORD004738,CUST01970,DRV0237, BluSmart,02-08-2023,,,,3.0,POOL,CASH,Mumbai
ORD003389,CUST00886,DRV0093, Namma Yatri,,6.69,,94.26,2.0,pool,Net Banking,delhi
ORD002307,CUST01010,DRV0197,JUGNOO,00-00-0000,11.77,242.73,,5.0,suv,upi,FARIDABAD
ORD000835,CUST00469,DRV0120, Rapido,13/06/2024,4.74,122.31,0.0,4.0, Auto,NET BANKING,Hyderabad
ORD002711,,DRV0339,INDRIVE,05-25-2025,3.69,97.2,0.0,5.0,suv,Card,Ahmedabad
ORD001499,CUST00836,DRV0015,InDrive,19 May 2024,2.8,64.65,,2.0,Mini,upi,DELHI
ORD004434,CUST01636,DRV0001, Ola,11-06-2023,8.69,173.8,,3.0,Bike,cash,AHMEDABAD
ORD003611,CUST02685,DRV0130, Namma Yatri,2024/08/23,1.15,49.54,0.0,5.0,Mini,Cash,MUMBAI
ORD003577,CUST00174,DRV0083,  BluSmart  ,22-04-2023,6.8,104.13,0.0,5.0,SEDAN,UPI,Noida
ORD001448,CUST02786,DRV0295,meru,2025/02/03,4.75,90.76,0.0,3.0,  Auto  ,WALLET,Mumbai
ORD002529,CUST01210,DRV0207,uber,19-05-2023,10.54,211.02,0.0,2.0,XL,wallet,lucknow
ORD001706,CUST02162,DRV0122,Meru,03-06-2024,20.73,287.16,65.18,5.0,  Sedan  ,,AHMEDABAD
ORD002924,CUST01511,DRV0404,  BluSmart  ,2024/10/27,1.68,69.16,7.04,2.0,Sedan,,  Bangalore  
ORD002708,CUST01672,DRV0470,ola,00-00-0000,11.37,150.46,0.0,1.0,Pool,CASH,Pune
ORD003070,CUST00382,DRV0408,Uber,00-00-0000,15.91,300.22,,3.0,sedan,net banking,Bangalore
ORD000790,CUST00889,DRV0433,OLA,,9.25,145.56,,4.0,Mini,NET BANKING,Faridabad
ORD000969,CUST02136,DRV0015,Meru,2025/09/04,6.96,116.59,9.86,5.0,  XL  , Card,CHANDIGARH
ORD001668,CUST00133,DRV0450, Uber,24-09-2023,2.25,,42.77,5.0,XL,Cash,faridabad
ORD003322,CUST02235,DRV0060,Ola,,8.45,160.13,0.0,3.0, Pool,Cash,Jaipur
ORD001689,CUST02991,DRV0421,blusmart,2025/04/16,1.79,61.4,0.0,3.0,AUTO,card,bhopal
