customer_id,name,age,gender,city,email,signup_date
CUST00001,Sneha Tiwari,35.0,male,  Pune  ,sneha.tiwari326@mail.com,2020/04/01
CUST00002,Ishaan Nair,37.0,Male,Hyderabad,ISHAAN.NAIR832@GMAIL.COM,13/04/2019
CUST00003,Shreya Kapoor,25.0,Female,Faridabad,shreya.kapoor574@outlook.com,01-31-2022
CUST00004,Shreya Nair,40.0,Male,noida,shreya.nair281@gmail.com,30/09/2021
CUST00005,Navya Chopra,28.0,Male,Pune,navya.chopra497@outlook.com,2021/07/03
CUST00006,Kabir Nair,17.0,Female,Ahmedabad,kabir.nair266@yahoo.com,25-07-2020
CUST00007,Riya Gupta,14.0,M,Mumbai,riya.gupta662@yahoo.com,02-24-2020
CUST00008,Arjun Desai,34.0,Male,bangalore,arjun.desai587@mail.com,02-11-2025
CUST00009,Kiara Reddy,35.0,F,Delhi,kiara.reddy806@yahoo.com,12-23-2019
CUST00010,  Zara Malhotra  ,33.0,Female,Mumbai,zara.malhotra281@mail.com,00-00-0000
CUST00011,Tanvi Ansari,53.0,male,hyderabad,tanvi.ansari904@yahoo.com,25-09-2023
CUST00012,Anika Verma,33.0,Female,Ahmedabad,anika.verma316@yahoo.com,11/05/2019
CUST00013,Sandeep Menon,48.0,Female,Chennai,sandeep.menon280@yahoo.com,
CUST00014,,46.0,Female,Indore,user14693@mail.com,19/01/2020
CUST00015,Mohammed Chauhan,27.0,male,bangalore,mohammed.chauhan499@gmail.com,06-14-2021
CUST00016,Zara Singh,57.0,Female,CHANDIGARH,zara.singh784@yahoo.com,10-08-2021
CUST00017,Imran Iyer,54.0,Female,Jaipur,imran.iyer530@gmail.com,31/08/2024
CUST00018,Zara Chauhan,28.0,Male,indore,zara.chauhan920@outlook.com,01-10-2025
CUST00019,Ayaan Bansal,36.0,Female,Delhi,ayaan.bansal536@gmail.com,19-04-2019
CUST00020,Kabir Pandey,24.0,Other,Mumbai,kabir.pandey52@mail.com,
CUST00021,Zara Nair,29.0,M, Gurugram,zara.nair685@outlook.com,25-03-2021
CUST00022,Ananya Kapoor,16.0,Female,Hyderabad,ananya.kapoor297@mail.com,02-10-2025
CUST00023,Aadhya Khan,29.0,Male,Noida,aadhya.khan918@gmail.com,15-09-2023
CUST00024,Neha Bansal,31.0,Female,Bhopal,neha.bansal794@outlook.com,06-21-2021
CUST00025,Kiara Yadav,9.0,Female,Bangalore,kiara.yadav844@gmail.com,14-01-2024
CUST00026,Aadhya Desai,40.0,Male,  Gurugram  ,aadhya.desai364@mail.com,2025/08/10
CUST00027,Ayaan Saxena,23.0,female,Pune,ayaan.saxena423@gmail.com,02-13-2022
CUST00028,Reyansh Singh,33.0,Female,  Kolkata  ,reyansh.singh442@outlook.com,
CUST00029,Shreya Verma,39.0,Male,,shreya.verma246@gmail.com,15/10/2020
CUST00030,Mohammed Yadav,-29.0,Female,bhopal,mohammed.yadav800@gmail.com,00-00-0000
CUST00031,Aditya Singh,31.0,Female,Gurugram,aditya.singh812@outlook.com,25-10-2022
CUST00032,Arjun Bansal,35.0,Female,PUNE,arjun.bansal173@yahoo.com,12/02/2022
CUST00033,Ganesh Pandey,45.0,Female,Chandigarh,ganesh.pandey461@outlook.com,2020/09/28
CUST00034,Reyansh Singh,42.0,Female,bangalore,nan,2021/05/31
CUST00035,Myra Kapoor,35.0,Male,Hyderabad,myra.kapoor786@outlook.com,10-10-2022
CUST00036,Neha Chauhan,31.0,Other,Faridabad,neha.chauhan56@gmail.com,23-02-2020
CUST00037,Vihaan Reddy,122.0,Male,noida,vihaan.reddy668@gmail.com,
CUST00038,Vihaan Ansari,36.0,Male,Chandigarh,vihaan.ansari209@outlook.com,
CUST00039,Krishna Khan,30.0,Female, Jaipur,krishna.khan918@gmail.com,00-00-0000
CUST00040,Suresh Verma,26.0,Male,Noida,suresh.verma842@yahoo.com,10-01-2023
CUST00041,Sneha Bansal,35.0,Female,Kolkata,sneha.bansal120@mail.com,2022/11/09
CUST00042,Zara Joshi,35.0,Male,Chennai,zara.joshi25@yahoo.com,08-10-2025
CUST00043,Rahul Chopra,17.0,F,Chennai,rahul.chopra623@mail.com,19-12-2021
CUST00044,Pari Bansal,34.0,Female,  Bhopal  ,pari.bansal749@yahoo.com,2019/06/27
CUST00045,Aditya Bhatt,37.0,Other,Bhopal,aditya.bhatt238@gmail.com,25-02-2024
CUST00046,Sandeep Singh,36.0,Male,Indore,sandeep.singh235@yahoo.com,05/01/2025
CUST00047,Aarav Joshi,45.0,M,delhi,aarav.joshi449@yahoo.com,00-00-0000
CUST00048,Ayesha Yadav,17.0,Female,Jaipur,ayesha.yadav137@mail.com,2023/03/31
CUST00049,Riya Kapoor,,Female,Indore,riya.kapoor449@yahoo.com,19/11/2019
CUST00050,Pari Rao,14.0,Female,Hyderabad,pari.rao590@mail.com,11-03-2025
CUST00051,Aryan Iyer,35.0,,Noida,aryan.iyer671@mail.com,15-04-2022
CUST00052,Krishna Rao,,male,FARIDABAD,krishna.rao103@outlook.com,12-08-2025
CUST00053,Vihaan Tiwari,31.0,Male,  Kolkata  ,vihaan.tiwari152@gmail.com,21 Jan 2023
CUST00054,Krishna Sharma,16.0,Male,hyderabad,krishna.sharma322@mail.com,2025/06/22
CUST00055,Kavya Pandey,36.0,F,INDORE,kavya.pandey815@gmail.com,02-26-2021
CUST00056,Myra Pandey,-13.0,Female,Ahmedabad,myra.pandey163@yahoo.com,2019/10/12
CUST00057,Aryan Ansari,22.0,Male, Lucknow,ARYAN.ANSARI822@GMAIL.COM,07-07-2019
CUST00058,Amit Bansal,49.0,Male,BANGALORE,amit.bansal61@gmail.com,
CUST00059,  Dhruv Sharma  ,40.0,Female,bangalore,dhruv.sharma621@yahoo.com,31/03/2022
CUST00060,  Kiara Ansari  ,42.0,Female,  Noida  ,kiara.ansari532@outlook.com,23/11/2019
CUST00061,Riya Ansari,29.0,Male,  Gurugram  ,riya.ansari888@yahoo.com,11-08-2021
CUST00062,Ayaan Agarwal,20.0,Male,Hyderabad,ayaan.agarwal652@outlook.com,02-18-2020
CUST00063,Diya Singh,23.0,Male,  Hyderabad  ,diya.singh978@mail.com,2023/04/06
CUST00064,Farhan Iyer,41.0,Male,  Lucknow  ,farhan.iyer332@gmail.com,2022/02/12
CUST00065,Vivaan Khan,31.0,Male, Ahmedabad,vivaan.khan521@gmail.com,
CUST00066,Aditya Pandey,31.0,F,Chandigarh,aditya.pandey355@mail.com,03-02-2023
CUST00067,Suresh Nair,14.0,Male,Ahmedabad,suresh.nair160@outlook.com,2020/10/28
CUST00068,Isha Rathore,47.0,Male,pune,isha.rathore617@gmail.com,2023/02/25
CUST00069,Ishaan Pandey,46.0,Male,Delhi,ishaan.pandey939@yahoo.com,12-26-2022
CUST00070,Pari Menon,32.0,Male,Jaipur,pari.menon165yahoo.com,00-00-0000
CUST00071,Sai Sharma,34.0,Other,Kolkata,sai.sharma838@gmail.com,2021/12/29
CUST00072,Navya Verma,54.0,F,,navya.verma438@outlook.com,20-10-2019
CUST00073,Ganesh Menon,30.0,Female, Ahmedabad,ganesh.menon657@outlook.com,
CUST00074,Anika Iyer,35.0,Female,Chennai,anika.iyer990@gmail.com,2020/12/01
CUST00075,Rahul Saxena,39.0,Female,  Faridabad  ,rahul.saxena464@yahoo.com,27-12-2024
CUST00076,Karan Agarwal,35.0,M,Gurugram,karan.agarwal247@mail.com,2021/09/29
CUST00077,Dhruv Reddy,38.0,Male,Chandigarh,dhruv.reddy717@mail.com,31/10/2020
CUST00078,Navya Sharma,41.0,Male,Noida,navya.sharma544@mail.com,00-00-0000
CUST00079,Karan Khan,19.0,Female,indore,karan.khan633@yahoo.com,04-04-2023
CUST00080,Sandeep Chopra,102.0,Other,KOLKATA,sandeep.chopra604@gmail.com,
CUST00081,Yash Yadav,60.0,Male,lucknow,yash.yadav790@gmail.com,31 Mar 2025
CUST00082,Sneha Patel,32.0,nan,Bangalore,sneha.patel683@outlook.com,2021/06/18
CUST00083,Yash Malhotra,37.0,Other,  Indore  ,yash.malhotra416@outlook.com,00-00-0000
CUST00084,Mohammed Reddy,28.0,Male, Bangalore,mohammed.reddy99@gmail.com,18 Aug 2019
CUST00085,Amit Yadav,23.0,Male,jaipur,amit.yadav737@gmail.com,2021/07/27
CUST00086,Pari Nair,32.0,Male,Kolkata,pari.nair698@mail.com,12/05/2019
CUST00087,Krishna Malhotra,46.0,Female,Bhopal,krishna.malhotra289@outlook.com,16/07/2022
CUST00088,Navya Malhotra,12.0,Other,Delhi,navya.malhotra754@yahoo.com,2023/07/02
CUST00089,Diya Rao,31.0,Male, Noida,DIYA.RAO889@MAIL.COM,01-01-2022
CUST00090,Myra Patel,46.0,Male,Mumbai,myra.patel135yahoo.com,2019/09/29
CUST00091,Amit Pandey,30.0,Male,AHMEDABAD,amit.pandey619@mail.com,05-14-2021
CUST00092,Simran Kumar,39.0,Male,Bhopal,simran.kumar530@yahoo.com,2025/05/12
CUST00093,Mohammed Menon,37.0,Female, Lucknow,mohammed.menon358@mail.com,00-00-0000
CUST00094,Neha Bansal,47.0,Male,  Pune  ,neha.bansal532@gmail.com,20/05/2021
CUST00095,Ramesh Menon,31.0,Female,MUMBAI,ramesh.menon668@mail.com,08-06-2024
CUST00096,Manish Ansari,35.0,Female,,manish.ansari567@mail.com,09 Jun 2023
CUST00097,Ganesh Menon,27.0,male,Mumbai,ganesh.menon962@mail.com,2024/02/23
CUST00098,Kiara Singh,29.0,Male, Mumbai,kiara.singh880@mail.com,2020/08/08
CUST00099,Riya Nair,35.0,Female,Mumbai,riya.nair376@outlook.com,20-12-2021
CUST00100,Myra Malhotra,21.0,female,BANGALORE,myra.malhotra989@mail.com,2020/07/25
CUST00101,Reyansh Chopra,21.0,Male,JAIPUR,reyansh.chopra902@mail.com,07-10-2021
CUST00102,Imran Sharma,26.0,Male,Noida,imran.sharma790@gmail.com,
CUST00103,Ishaan Gupta,16.0,Male,Indore,ishaan.gupta795@mail.com,16/01/2025
CUST00104,Farhan Saxena,14.0,Female, Ahmedabad,nan,12-12-2021
CUST00105,Ayaan Reddy,37.0,Male,BHOPAL,ayaan.reddy149@outlook.com,07-22-2025
CUST00106,Sneha Shah,54.0,Male, Ahmedabad,sneha.shah226@mail.com,10-21-2023
CUST00107,Sandeep Chopra,22.0,Male,Bangalore,sandeep.chopra821@gmail.com,07-18-2025
CUST00108,Vivaan Joshi,19.0,Female,Hyderabad,vivaan.joshi228@outlook.com,00-00-0000
CUST00109,Ganesh Reddy,30.0,M,Ahmedabad,ganesh.reddy435@outlook.com,
CUST00110,Riya Menon,32.0,Female,kolkata,riya.menon131@gmail.com,17-06-2021
CUST00111,Simran Rao,49.0,Female,Mumbai,simran.rao750@yahoo.com,20-07-2020
CUST00112,Manish Reddy,25.0,Female,Lucknow,manish.reddy747@yahoo.com,2024/09/18
CUST00113,Imran Yadav,10.0,Male, Bangalore,imran.yadav859@yahoo.com,14/07/2024
CUST00114,Aditya Dubey,12.0,F, Jaipur,aditya.dubey790@outlook.com,2020/01/08
CUST00115,Aarav Kapoor,20.0,Other,Pune,aarav.kapoor119@mail.com,2019/07/12
CUST00116,Simran Reddy,14.0,Male,Faridabad,simran.reddy58@gmail.com,25-03-2020
CUST00117,Imran Saxena,28.0,Male,bangalore,imran.saxena561@yahoo.com,2020/09/18
CUST00118,Kavya Pandey,,Female,KOLKATA,kavya.pandey993@mail.com,17-10-2020
CUST00119,Pari Kumar,41.0,M,Pune,pari.kumar134@mail.com,2023/09/26
CUST00120,Aryan Dubey,31.0,Male,pune,aryan.dubey463@gmail.com,08-09-2025
CUST00121,Rehan Shah,25.0,Male,CHENNAI,rehan.shah786@outlook.com,18-09-2019
CUST00122,Manish Dubey,47.0,Female,JAIPUR,manish.dubey759@gmail.com,2023/04/26
CUST00123,Nikhil Verma,37.0,Male,Indore,nikhil.verma505@outlook.com,13/04/2023
CUST00124,Ramesh Dubey,28.0,male,Delhi,ramesh.dubey721@yahoo.com,2025/09/06
CUST00125,Amit Gupta,32.0,female,Bhopal,amit.gupta250@mail.com,04-01-2024
CUST00126,Yash Desai,16.0,Male,Ahmedabad,yash.desai348@mail.com,07-12-2024
CUST00127,Manish Iyer,26.0,Male,,manish.iyer340@mail.com,10-26-2021
CUST00128,Sandeep Saxena,27.0,Other,Delhi,sandeep.saxena349@yahoo.com,00-00-0000
CUST00129,Ramesh Chauhan,42.0,Male,KOLKATA,ramesh.chauhan734@outlook.com,02-17-2019
CUST00130,Saanvi Bhatt,17.0,Male,pune,saanvi.bhatt795@mail.com,2020/04/14
CUST00131,Aryan Khan,35.0,F,chandigarh,aryan.khan249@yahoo.com,01-08-2025
CUST00132,Diya Shah,20.0,Female,DELHI,diya.shah409@yahoo.com,28-12-2021
CUST00133,Diya Rathore,19.0,Female,Noida,diya.rathore997@outlook.com,10-25-2022
CUST00134,Sneha Kapoor,44.0,Male,BANGALORE,sneha.kapoor95@yahoo.com,01-04-2020
CUST00135,Tanvi Mishra,27.0,Female,Lucknow,tanvi.mishra250@mail.com,17/04/2022
CUST00136,Aadhya Rathore,34.0,,Delhi,aadhya.rathore989@outlook.com,16-11-2023
CUST00137,Zara Menon,40.0,Female,jaipur,zara.menon636@outlook.com,10-09-2020
CUST00138,Ira Desai,22.0,M,bhopal,ira.desai446mail.com,2024/02/02
CUST00139,Sai Yadav,,Other,Mumbai,sai.yadav156@outlook.com,14 Jan 2019
CUST00140,  Diya Shah  ,38.0,Female,Indore,diya.shah958@mail.com,2021/12/14
CUST00141,Nikhil Kapoor,,Female,Jaipur,nikhil.kapoor643@outlook.com,12-08-2024
CUST00142,Mohammed Rathore,29.0,Male,Ahmedabad,mohammed.rathore436@gmail.com,01-01-2021
CUST00143,,33.0,Female,Gurugram,user14378@mail.com,09-10-2024
CUST00144,Priya Joshi,42.0,Male,Bangalore,priya.joshi24@yahoo.com,11-03-2020
CUST00145,Isha Malhotra,18.0,Male,Lucknow,isha.malhotra618@gmail.com,07-05-2022
CUST00146,Kavya Malhotra,23.0,Male,Mumbai,kavya.malhotra317@mail.com,
CUST00147,Aryan Desai,25.0,Male,JAIPUR,aryan.desai287@outlook.com,30-10-2025
CUST00148,Saanvi Chopra,102.0,Female,Kolkata,saanvi.chopra394@mail.com,25-03-2021
CUST00149,Anika Shah,,Female,Jaipur,anika.shah769@mail.com,00-00-0000
CUST00150,Ganesh Ansari,36.0,Male,Mumbai,ganesh.ansari452@gmail.com,2023/03/12
CUST00151,Myra Sharma,33.0,F,Bangalore,myra.sharma973@yahoo.com,23 Oct 2020
CUST00152,Krishna Malhotra,34.0,Male,  Hyderabad  ,krishna.malhotra32@outlook.com,18/01/2025
CUST00153,Kavya Menon,51.0,Female,chennai,kavya.menon429yahoo.com,12-12-2024
CUST00154,Aadhya Khan,37.0,Female,Hyderabad,aadhya.khan526@gmail.com,01-03-2019
CUST00155,,37.0,Male,KOLKATA,user155274@yahoo.com,2025/09/19
CUST00156,Ishaan Ansari,35.0,F,Kolkata,ishaan.ansari932@yahoo.com,20/08/2022
CUST00157,Isha Rathore,32.0,Male,Indore,isha.rathore993yahoo.com,24/06/2024
CUST00158,Isha Tiwari,24.0,Female,  Ahmedabad  ,isha.tiwari265@gmail.com,00-00-0000
CUST00159,Ayesha Dubey,23.0,Male,Pune,ayesha.dubey483@mail.com,
CUST00160,Aarav Tiwari,28.0,Female,Kolkata,aarav.tiwari263@yahoo.com,26-01-2023
CUST00161,Ira Iyer,33.0,F,Lucknow,ira.iyer261@yahoo.com,13/06/2022
CUST00162,Aadhya Malhotra,45.0,Male,Lucknow,aadhya.malhotra928@yahoo.com,2021/09/07
CUST00163,Amit Nair,36.0,Male,Hyderabad,amit.nair798@mail.com,26 Aug 2019
CUST00164,Aadhya Kumar,37.0,Male,chandigarh,aadhya.kumar386@yahoo.com,2021/09/13
CUST00165,Neha Agarwal,38.0,Female,JAIPUR,neha.agarwal989@outlook.com,2025/05/12
CUST00166,Aarav Gupta,32.0,Female,Indore,AARAV.GUPTA612@OUTLOOK.COM,11-19-2019
CUST00167,Riya Mishra,36.0,Male,Faridabad,riya.mishra94@gmail.com,
CUST00168,Ishaan Kumar,36.0,Male,Faridabad,ishaan.kumar313@mail.com,2024/06/13
CUST00169,Ayesha Malhotra,34.0,Male,pune,ayesha.malhotra384@gmail.com,11/10/2019
CUST00170,Yash Chauhan,21.0,female,ahmedabad,yash.chauhan133@outlook.com,12-21-2024
CUST00171,Ayaan Menon,36.0,Female,chandigarh,ayaan.menon70@outlook.com,30/05/2020
CUST00172,Isha Sharma,26.0,Male,Mumbai,isha.sharma285@mail.com,06-09-2020
CUST00173,Farhan Ansari,34.0,Female, Gurugram,farhan.ansari263@yahoo.com,2024/04/30
CUST00174,Anika Agarwal,37.0,Female,Chennai,nan,01/03/2025
CUST00175,Aditya Yadav,40.0,Male,Bhopal,aditya.yadav970@yahoo.com,07-11-2020
CUST00176,Manish Rao,31.0,Female,  Faridabad  ,manish.rao297@outlook.com,2021/12/21
CUST00177,Kavya Yadav,43.0,Male,jaipur,kavya.yadav837@gmail.com,01/12/2024
CUST00178,Sai Gupta,31.0,Male,Indore,sai.gupta696@gmail.com,20/10/2025
CUST00179,Sneha Menon,35.0,Female,Bhopal,sneha.menon345@outlook.com,09-30-2023
CUST00180,Yash Tiwari,23.0,M,JAIPUR,yash.tiwari678@gmail.com,17 May 2021
CUST00181,Kabir Menon,38.0,Male,LUCKNOW,kabir.menon376@gmail.com,
CUST00182,Manish Joshi,42.0,Other,Lucknow,manish.joshi111gmail.com,00-00-0000
CUST00183,Nikhil Bhatt,,Female,Gurugram,nikhil.bhatt949@mail.com,00-00-0000
CUST00184,Aditya Verma,25.0,Other,JAIPUR,aditya.verma913@outlook.com,23-06-2023
CUST00185,Manish Rao,27.0,Other,Chennai,MANISH.RAO631@OUTLOOK.COM,
CUST00186,Rehan Patel,30.0,Male,Noida,rehan.patel250@gmail.com,2023/11/30
CUST00187,Ramesh Khan,30.0,Male,chennai,ramesh.khan872@gmail.com,20/10/2024
CUST00188,Sai Saxena,28.0,nan,Pune,sai.saxena16@yahoo.com,01-24-2024
CUST00189,Imran Pandey,37.0,Male,FARIDABAD,imran.pandey866@yahoo.com,2020/05/10
CUST00190,Arjun Chopra,30.0,Male,Kolkata,arjun.chopra407@yahoo.com,2021/10/12
CUST00191,Saanvi Bansal,52.0,M,Gurugram,saanvi.bansal311@mail.com,2021/07/09
CUST00192,Yash Yadav,35.0,F, Indore,yash.yadav571@yahoo.com,20-09-2019
CUST00193,Amit Ansari,31.0,Male,Mumbai,amit.ansari712@outlook.com,10-16-2022
CUST00194,Yash Rathore,46.0,,Bangalore,yash.rathore420@gmail.com,2019/03/28
CUST00195,Diya Chopra,46.0,Female,Lucknow,diya.chopra607@gmail.com,2025/08/06
CUST00196,Rahul Shah,13.0,Other,  Faridabad  ,rahul.shah745@outlook.com,03-18-2025
CUST00197,Zara Desai,23.0,Male,Chennai,zara.desai496@mail.com,31 Jul 2021
CUST00198,Navya Sharma,26.0,Female,Delhi,navya.sharma468@yahoo.com,
CUST00199,Krishna Gupta,44.0,Male,Hyderabad,krishna.gupta921@mail.com,2021/06/21
CUST00200,Ananya Yadav,,Male,  Hyderabad  ,ananya.yadav554@outlook.com,01-30-2019
CUST00201,Myra Pandey,36.0,Female,faridabad,MYRA.PANDEY770@YAHOO.COM,18/10/2019
CUST00202,Kabir Joshi,28.0,Female,Noida,kabir.joshi613@gmail.com,30-08-2019
CUST00203,Kiara Khan,36.0,M,Bangalore,kiara.khan49@outlook.com,26-07-2021
CUST00204,Pooja Joshi,33.0,Female,Bangalore,pooja.joshi453@yahoo.com,04-10-2019
CUST00205,Diya Saxena,27.0,Female,Kolkata,diya.saxena997@yahoo.com,09-05-2019
CUST00206,Kiara Desai,27.0,Male,KOLKATA,kiara.desai521@yahoo.com,2022/09/15
CUST00207,Sai Dubey,40.0,Female,Hyderabad,sai.dubey220@gmail.com,2019/10/18
CUST00208,Kabir Mishra,30.0,Female, Noida,kabir.mishra758@gmail.com,10-06-2024
CUST00209,Farhan Mishra,32.0,Male,Jaipur,farhan.mishra757@mail.com,2021/09/01
CUST00210,Ananya Ansari,25.0,Female,Pune,ananya.ansari749@outlook.com,14-02-2022
CUST00211,Ananya Pandey,,Male,Hyderabad,ananya.pandey94@yahoo.com,11-06-2024
CUST00212,Navya Kapoor,30.0,female,BHOPAL,navya.kapoor403@gmail.com,2021/05/27
CUST00213,Reyansh Menon,43.0,Male,Pune,reyansh.menon922@mail.com,17/01/2025
CUST00214,Ayaan Singh,45.0,Male,ahmedabad,ayaan.singh603@gmail.com,25/06/2020
CUST00215,Saanvi Patel,19.0,Female,  Gurugram  ,nan,
CUST00216,Imran Mishra,35.0,male,chandigarh,imran.mishra874@gmail.com,06-18-2025
CUST00217,,25.0,Male,Kolkata,user217837@yahoo.com,20-04-2024
CUST00218,Aryan Kapoor,43.0,Female,Hyderabad,aryan.kapoor715@mail.com,09-22-2021
CUST00219,Dhruv Yadav,24.0,Other,  Mumbai  ,dhruv.yadav866@outlook.com,21/04/2024
CUST00220,Reyansh Mishra,42.0,Male,Pune,reyansh.mishra773@yahoo.com,2023/07/26
CUST00221,Vihaan Nair,36.0,Male,indore,vihaan.nair350@outlook.com,02-18-2021
CUST00222,Krishna Nair,51.0,Male,kolkata,krishna.nair254@gmail.com,22-01-2020
CUST00223,Riya Nair,26.0,female, Bangalore,riya.nair680@mail.com,00-00-0000
CUST00224,Aadhya Gupta,18.0,Male,Jaipur,aadhya.gupta270@gmail.com,2023/11/01
CUST00225,Aryan Gupta,55.0,Other,Ahmedabad,aryan.gupta12@mail.com,12-22-2022
CUST00226,Arjun Shah,55.0,Male, Indore,arjun.shah205@mail.com,00-00-0000
CUST00227,Rehan Yadav,36.0,Male,Noida,rehan.yadav55@mail.com,08-11-2023
CUST00228,Aditya Agarwal,42.0,Female, Lucknow,aditya.agarwal656@gmail.com,27-03-2024
CUST00229,Ayaan Ansari,40.0,Female,CHENNAI,ayaan.ansari732@mail.com,00-00-0000
CUST00230,Anika Gupta,33.0,Male,delhi,anika.gupta303@gmail.com,02-08-2020
CUST00231,Vihaan Verma,-23.0,Male,FARIDABAD,vihaan.verma482@yahoo.com,06-09-2019
CUST00232,Shreya Dubey,22.0,Female,hyderabad,shreya.dubey96@mail.com,08/07/2023
CUST00233,Priya Yadav,,Female,Faridabad,priya.yadav814@yahoo.com,21-10-2022
CUST00234,Ganesh Gupta,,Female,Ahmedabad,ganesh.gupta699@yahoo.com,23-03-2020
CUST00235,Navya Patel,24.0,Male,INDORE,navya.patel980@gmail.com,15/10/2021
CUST00236,Ramesh Tiwari,-62.0,Male,Noida,ramesh.tiwari274@yahoo.com,23 Feb 2021
CUST00237,Kavya Ansari,25.0,Male,chandigarh,kavya.ansari448@mail.com,2021/02/18
CUST00238,Riya Nair,25.0,Male,Chennai,riya.nair801@gmail.com,05-01-2025
CUST00239,Ramesh Khan,17.0,Male,Ahmedabad,ramesh.khan15@yahoo.com,12-01-2024
CUST00240,Aadhya Yadav,30.0,Female,Lucknow,aadhya.yadav703@yahoo.com,28-07-2020
CUST00241,Anika Desai,42.0,Female,CHANDIGARH,anika.desai463@yahoo.com,09-25-2023
CUST00242,Navya Kapoor,,F,ahmedabad,NAVYA.KAPOOR319@GMAIL.COM,21-01-2021
CUST00243,Rohan Sharma,40.0,Male,Ahmedabad,rohan.sharma64@gmail.com,14-02-2022
CUST00244,Arjun Ansari,18.0,Female,pune,nan,2024/03/09
CUST00245,Aryan Yadav,21.0,Male,KOLKATA,aryan.yadav451@outlook.com,10-20-2021
CUST00246,Farhan Tiwari,12.0,Male,Lucknow,farhan.tiwari560@gmail.com,2019/11/05
CUST00247,Sneha Reddy,27.0,Female,Lucknow,sneha.reddy867@mail.com,12-21-2023
CUST00248,  Isha Chopra  ,52.0,F,chandigarh,isha.chopra556@mail.com,2025/03/04
CUST00249,Navya Kumar,40.0,Male,CHENNAI,navya.kumar478@outlook.com,06 Feb 2020
CUST00250,Diya Joshi,25.0,Male,GURUGRAM,diya.joshi658@outlook.com,27-07-2019
CUST00251,Aditya Malhotra,48.0,Female,lucknow,aditya.malhotra677@gmail.com,00-00-0000
CUST00252,Ananya Chauhan,4.0,Male,AHMEDABAD,ananya.chauhan322@yahoo.com,02-03-2019
CUST00253,Dhruv Bhatt,35.0,Female,,dhruv.bhatt30@gmail.com,18/01/2020
CUST00254,Yash Khan,,Male,Faridabad,yash.khan750@yahoo.com,
CUST00255,Rahul Chauhan,38.0,F,Ahmedabad,rahul.chauhan284@yahoo.com,12 Nov 2020
CUST00256,Rehan Rao,28.0,Female,Bhopal,rehan.rao3@yahoo.com,23/07/2023
CUST00257,Reyansh Saxena,138.0,Female,Delhi,reyansh.saxena566@outlook.com,
CUST00258,Kavya Shah,28.0,Female,Faridabad,kavya.shah609@mail.com,2024/05/25
CUST00259,Shreya Joshi,28.0,Male,delhi,shreya.joshi473@yahoo.com,05-25-2021
CUST00260,Shreya Chauhan,39.0,Female,Bangalore,shreya.chauhan161@gmail.com,01 Jul 2023
CUST00261,Pooja Rao,42.0,Female,Pune,pooja.rao514@gmail.com,
CUST00262,Rehan Nair,39.0,Male, Gurugram,rehan.nair597@yahoo.com,05-11-2020
CUST00263,Isha Saxena,37.0,Other,Bhopal,isha.saxena390@yahoo.com,2023/04/02
CUST00264,Yash Mishra,42.0,Female,gurugram,yash.mishra5@outlook.com,00-00-0000
CUST00265,Tanvi Sharma,22.0,Female,Delhi,tanvi.sharma889@yahoo.com,2023/05/19
CUST00266,Sandeep Reddy,40.0,M,Bhopal,sandeep.reddy143@gmail.com,
CUST00267,Pari Patel,20.0,Female,CHANDIGARH,nan,07/02/2024
CUST00268,Dhruv Iyer,48.0,Male,GURUGRAM,dhruv.iyer318@mail.com,14-03-2022
CUST00269,Saanvi Mishra,37.0,Male,  Hyderabad  ,saanvi.mishra882@yahoo.com,2023/09/29
CUST00270,Vivaan Iyer,45.0,Female, Delhi,vivaan.iyer171@gmail.com,2025/03/26
CUST00271,Ishaan Menon,40.0,Female, Bhopal,nan,00-00-0000
CUST00272,Ananya Gupta,24.0,Female,Hyderabad,ananya.gupta184@mail.com,26/09/2020
CUST00273,Farhan Rathore,39.0,Female, Chandigarh,farhan.rathore850@mail.com,16-02-2021
CUST00274,Shreya Rao,29.0,female,faridabad,shreya.rao958@mail.com,30-04-2022
CUST00275,Myra Yadav,51.0,Male,LUCKNOW,myra.yadav200@mail.com,2021/06/10
CUST00276,Diya Menon,37.0,Male,kolkata,diya.menon425@mail.com,2019/08/28
CUST00277,Kabir Desai,21.0,Female,AHMEDABAD,kabir.desai704@gmail.com,30 Jun 2025
CUST00278,Ramesh Reddy,21.0,Female,indore,ramesh.reddy10@gmail.com,01-29-2025
CUST00279,Sai Desai,38.0,Male,JAIPUR,sai.desai178@yahoo.com,00-00-0000
CUST00280,Sneha Pandey,45.0,Female,gurugram,sneha.pandey799@mail.com,07-08-2022
CUST00281,Sai Rao,25.0,Female,Lucknow,sai.rao475@outlook.com,2019/08/23
CUST00282,Myra Bansal,30.0,Female,Chandigarh,myra.bansal374@outlook.com,25-07-2019
CUST00283,Vihaan Reddy,37.0,Other,Bangalore,vihaan.reddy437gmail.com,20/07/2025
CUST00284,Aarav Iyer,36.0,Male,NOIDA,aarav.iyer204@outlook.com,06-05-2024
CUST00285,  Ganesh Kumar  ,47.0,female,BHOPAL,ganesh.kumar87@mail.com,21-08-2024
CUST00286,Pari Kumar,35.0,Female,noida,pari.kumar134@outlook.com,12-15-2024
CUST00287,Mohammed Singh,31.0,Female,Kolkata,mohammed.singh551@yahoo.com,10-06-2020
CUST00288,Nikhil Rao,20.0,Male,Kolkata,nikhil.rao559@gmail.com,08-21-2019
CUST00289,Reyansh Tiwari,50.0,Female,LUCKNOW,reyansh.tiwari926@gmail.com,09-11-2024
CUST00290,Imran Yadav,20.0,male,Chandigarh,imran.yadav943@gmail.com,
CUST00291,Kiara Agarwal,32.0,Male,Mumbai,kiara.agarwal189@yahoo.com,
CUST00292,Ira Kumar,35.0,Female,BHOPAL,ira.kumar651@gmail.com,2019/10/08
CUST00293,Kiara Mishra,18.0,Male,  Mumbai  ,kiara.mishra242@gmail.com,2025/09/03
CUST00294,Riya Iyer,17.0,Male,mumbai,riya.iyer495@gmail.com,06-10-2019
CUST00295,Priya Yadav,38.0,Female,indore,priya.yadav416@yahoo.com,21/08/2021
CUST00296,Aryan Khan,43.0,Female,HYDERABAD,aryan.khan546@outlook.com,2023/07/12
CUST00297,Rahul Verma,31.0,Male,noida,rahul.verma83@outlook.com,06/05/2020
CUST00298,Krishna Rao,45.0,Other,Ahmedabad,krishna.rao965@yahoo.com,22/05/2025
CUST00299,Kiara Desai,34.0,Male,CHENNAI,kiara.desai437@outlook.com,05-10-2021
CUST00300,Nikhil Malhotra,43.0,Female,DELHI,nikhil.malhotra616@yahoo.com,29 Jun 2025
CUST00301,Sai Malhotra,34.0,Male,Bangalore,sai.malhotra470@yahoo.com,01-09-2025
CUST00302,Ramesh Bansal,30.0,Female,kolkata,ramesh.bansal767@yahoo.com,2019/06/12
CUST00303,Ayesha Bansal,33.0,Female,Bhopal,ayesha.bansal637@outlook.com,2025/12/11
CUST00304,Ayaan Joshi,31.0,Male,DELHI,ayaan.joshi528@outlook.com,02-12-2019
CUST00305,Myra Gupta,,F,FARIDABAD,myra.gupta231@gmail.com,2023/09/14
CUST00306,Anika Rathore,-9.0,Female,Chandigarh,anika.rathore459@yahoo.com,18/07/2025
CUST00307,Ganesh Singh,32.0,Female,Jaipur,ganesh.singh968@mail.com,04-05-2025
CUST00308,Krishna Gupta,14.0,Female,Indore,krishna.gupta118@mail.com,11 Nov 2024
CUST00309,Sai Rathore,32.0,Male,Mumbai,sai.rathore66@yahoo.com,07-19-2022
CUST00310,Arjun Yadav,,Male,ahmedabad,arjun.yadav153@outlook.com,12-04-2021
CUST00311,Priya Chopra,45.0,Male,Chennai,priya.chopra625@outlook.com,16 Apr 2021
CUST00312,Reyansh Kapoor,30.0,Other,CHENNAI,reyansh.kapoor340@yahoo.com,10-07-2022
CUST00313,Anika Rathore,37.0,Other,Delhi,anika.rathore319@yahoo.com,04/09/2021
CUST00314,Vivaan Saxena,24.0,Female,bhopal,vivaan.saxena856@mail.com,12-23-2021
CUST00315,Aarav Tiwari,28.0,Male,BANGALORE,aarav.tiwari761@outlook.com,2023/06/10
CUST00316,Rohan Malhotra,23.0,Male,FARIDABAD,rohan.malhotra13@gmail.com,06-20-2020
CUST00317,Amit Sharma,30.0,M,  Jaipur  ,amit.sharma905@outlook.com,13-05-2022
CUST00318,Mohammed Mishra,51.0,F, Kolkata,nan,16-02-2024
CUST00319,Shreya Joshi,23.0,M,Faridabad,shreya.joshi519@mail.com,19-07-2022
CUST00320,Vihaan Kapoor,41.0,Female,Indore,vihaan.kapoor993@outlook.com,2019/10/25
CUST00321,Shreya Patel,35.0,Female,Hyderabad,SHREYA.PATEL170@OUTLOOK.COM,02-08-2019
CUST00322,Tanvi Nair,6.0,Female,bangalore,tanvi.nair581@yahoo.com,2024/02/21
CUST00323,Pari Rao,36.0,Male,ahmedabad,pari.rao904@outlook.com,2025/12/19
CUST00324,Sandeep Bhatt,35.0,Female,,sandeep.bhatt534@outlook.com,25-04-2025
CUST00325,Pari Joshi,33.0,Male,  Lucknow  ,pari.joshi800@mail.com,02-14-2020
CUST00326,Aarav Patel,37.0,M,CHANDIGARH,aarav.patel911@outlook.com,10-28-2019
CUST00327,Manish Saxena,36.0,Male,Delhi,manish.saxena704@mail.com,2025/01/11
CUST00328,Amit Nair,35.0,Male,mumbai,amit.nair904@gmail.com,23/05/2021
CUST00329,Aditya Menon,9.0,Male,Jaipur,aditya.menon327@mail.com,2024/09/03
CUST00330,Tanvi Rao,15.0,Female,Delhi,tanvi.rao493@yahoo.com,12-22-2021
CUST00331,Aarav Tiwari,25.0,Female,Ahmedabad,aarav.tiwari973@gmail.com,2020/06/26
CUST00332,Pooja Chopra,23.0,M,Pune,pooja.chopra732@mail.com,11-30-2022
CUST00333,Kavya Agarwal,17.0,M,GURUGRAM,kavya.agarwal920gmail.com,2019/10/09
CUST00334,Ganesh Kumar,31.0,Female,KOLKATA,ganesh.kumar345@yahoo.com,27/09/2021
CUST00335,  Pari Bansal  ,56.0,Male,Lucknow,pari.bansal660@outlook.com,2023/02/22
CUST00336,Navya Gupta,23.0,Female,INDORE,navya.gupta662@mail.com,
CUST00337,Sneha Agarwal,36.0,Female,bhopal,sneha.agarwal729@gmail.com,08-10-2020
CUST00338,Ramesh Dubey,27.0,Male,Kolkata,ramesh.dubey717@gmail.com,30 Nov 2023
CUST00339,Ananya Nair,38.0,Female,chandigarh,ananya.nair512@mail.com,03-02-2025
CUST00340,Neha Desai,35.0,Male,lucknow,neha.desai959@gmail.com,24/05/2022
CUST00341,Krishna Yadav,31.0,,faridabad,krishna.yadav917@mail.com,10 Nov 2025
CUST00342,Myra Malhotra,44.0,Male,Bangalore,myra.malhotra407@yahoo.com,12-06-2024
CUST00343,Sai Chopra,38.0,Female,CHANDIGARH,sai.chopra142@outlook.com,
CUST00344,Vihaan Khan,35.0,Female,delhi,vihaan.khan793@mail.com,21/03/2025
CUST00345,Saanvi Chopra,36.0,Male,chennai,saanvi.chopra134@outlook.com,2022/05/11
CUST00346,Ananya Kapoor,28.0,Female,Gurugram,ananya.kapoor418@yahoo.com,29-02-2020
CUST00347,Ramesh Shah,27.0,Male,  Pune  ,ramesh.shah915@mail.com,04/07/2020
CUST00348,Rehan Yadav,40.0,Male,DELHI,rehan.yadav582@outlook.com,19-12-2021
CUST00349,Nikhil Yadav,0.0,female,Pune,nikhil.yadav66@mail.com,04-17-2020
CUST00350,Pari Kumar,22.0,Male,AHMEDABAD,pari.kumar948@gmail.com,2020/03/14
CUST00351,Myra Gupta,25.0,male,  Bhopal  ,myra.gupta867@yahoo.com,2025/03/16
CUST00352,Reyansh Chauhan,35.0,Other,Delhi,nan,28 Sep 2020
CUST00353,Myra Ansari,43.0,Female,Faridabad,myra.ansari29@gmail.com,01-20-2022
CUST00354,Ganesh Rao,34.0,Female, Noida,ganesh.rao179@mail.com,2022/02/28
CUST00355,Rehan Verma,134.0,Male, Delhi,rehan.verma878@outlook.com,2025/10/13
CUST00356,Ananya Patel,29.0,Male,BANGALORE,ananya.patel519@yahoo.com,12-05-2021
CUST00357,Navya Reddy,30.0,Male, Pune,navya.reddy238@yahoo.com,05/11/2022
CUST00358,Ananya Pandey,22.0,Male,Lucknow,ananya.pandey355@yahoo.com,13 Apr 2021
CUST00359,Imran Singh,5.0,Female,hyderabad,imran.singh480@outlook.com,2021/12/17
CUST00360,Farhan Shah,16.0,Female,chennai,farhan.shah219@yahoo.com,
CUST00361,Ayesha Nair,36.0,Male,Faridabad,ayesha.nair276@gmail.com,2024/06/24
CUST00362,Amit Nair,32.0,Male,  Faridabad  ,amit.nair981@outlook.com,25 Oct 2021
CUST00363,Manish Verma,26.0,Female,chandigarh,manish.verma690@outlook.com,28-07-2019
CUST00364,Kabir Khan,21.0,Female,hyderabad,kabir.khan343@gmail.com,2020/01/14
CUST00365,Kiara Sharma,28.0,Female,delhi,kiara.sharma465@yahoo.com,01-10-2023
CUST00366,Rehan Desai,23.0,Male,CHENNAI,rehan.desai267@outlook.com,02-07-2022
CUST00367,Rahul Mishra,37.0,Female,CHANDIGARH,rahul.mishra167@outlook.com,30/06/2019
CUST00368,Tanvi Chauhan,17.0,Female,Pune,tanvi.chauhan958@yahoo.com,15 Jan 2019
CUST00369,Anika Bhatt,53.0,Male,Mumbai,anika.bhatt8@mail.com,28-09-2022
CUST00370,Anika Menon,34.0,Male,indore,anika.menon598@gmail.com,19-06-2020
CUST00371,Neha Ansari,22.0,Female,Faridabad,neha.ansari549@outlook.com,2021/12/08
CUST00372,Krishna Malhotra,50.0,Male,  Bangalore  ,krishna.malhotra941@outlook.com,23-10-2020
CUST00373,Manish Kapoor,38.0,Male, Noida,manish.kapoor932@mail.com,2023/12/15
CUST00374,Saanvi Chauhan,41.0,Female,Pune,saanvi.chauhan231@outlook.com,09-03-2025
CUST00375,Ayesha Shah,36.0,Male,Pune,ayesha.shah611@gmail.com,10-18-2023
CUST00376,Sai Chauhan,23.0,Female,GURUGRAM,sai.chauhan124@gmail.com,
CUST00377,Ishaan Reddy,17.0,Male,Noida,ishaan.reddy227@gmail.com,00-00-0000
CUST00378,Ira Pandey,5.0,Male, Kolkata,ira.pandey102gmail.com,04-03-2020
CUST00379,Karan Nair,20.0,Female,  Ahmedabad  ,karan.nair249@gmail.com,05/11/2019
CUST00380,Imran Shah,,Female,Bhopal,imran.shah528@outlook.com,02-09-2020
CUST00381,  Aarav Singh  ,35.0,Male,Noida,aarav.singh110@mail.com,2025/02/12
CUST00382,Simran Saxena,40.0,Male,Bhopal,simran.saxena52@outlook.com,28-05-2019
CUST00383,Vihaan Kumar,18.0,Male,BHOPAL,vihaan.kumar873@gmail.com,2023/02/21
CUST00384,,23.0,Female,Kolkata,user384405@outlook.com,2025/07/13
CUST00385,Ishaan Desai,38.0,Female,lucknow,ishaan.desai697@mail.com,13-03-2025
CUST00386,Manish Pandey,32.0,Male,Bhopal,manish.pandey650@mail.com,29-08-2020
CUST00387,Farhan Bansal,47.0,M,  Kolkata  ,farhan.bansal916@outlook.com,27-10-2023
CUST00388,Ira Bansal,10.0,Female,  Lucknow  ,ira.bansal554@outlook.com,06 Jun 2020
CUST00389,Karan Menon,22.0,Female,Chandigarh,karan.menon528yahoo.com,
CUST00390,Neha Patel,38.0,Male,  Chennai  ,neha.patel79@mail.com,2022/06/16
CUST00391,Aadhya Gupta,25.0,F,  Gurugram  ,aadhya.gupta437@yahoo.com,02-02-2023
CUST00392,Simran Chopra,26.0,Male,Kolkata,simran.chopra848@yahoo.com,13/06/2019
CUST00393,Simran Saxena,35.0,F,Chennai,simran.saxena927@outlook.com,01-05-2023
CUST00394,Sandeep Sharma,30.0,Other,  Mumbai  ,sandeep.sharma490mail.com,10/05/2021
CUST00395,Kiara Joshi,49.0,Female,chandigarh,kiara.joshi56@mail.com,19-10-2021
CUST00396,Saanvi Malhotra,30.0,Female,  Chennai  ,saanvi.malhotra312@gmail.com,26-02-2020
CUST00397,Aditya Shah,51.0,Other,pune,aditya.shah686@yahoo.com,19/12/2022
CUST00398,Yash Kapoor,35.0,Female,Delhi,yash.kapoor7@mail.com,00-00-0000
CUST00399,Suresh Kumar,33.0,Other,lucknow,suresh.kumar760@gmail.com,23 Jul 2023
CUST00400,Ayaan Chauhan,34.0,Female,Mumbai,ayaan.chauhan6@mail.com,12-17-2025
CUST00401,Krishna Yadav,48.0,Female,BANGALORE,krishna.yadav144@mail.com,09-25-2020
CUST00402,Sneha Gupta,20.0,Male,Mumbai,nan,2021/08/27
CUST00403,Nikhil Iyer,30.0,Male,indore,nikhil.iyer662@yahoo.com,
CUST00404,  Ayesha Nair  ,25.0,M,  Chennai  ,ayesha.nair476@yahoo.com,12-26-2020
CUST00405,Diya Singh,47.0,Male,Ahmedabad,diya.singh146@yahoo.com,16/08/2023
CUST00406,Aryan Verma,43.0,Male,Chennai,aryan.verma453@yahoo.com,2019/04/12
CUST00407,Simran Sharma,39.0,female,Faridabad,simran.sharma621@mail.com,2021/01/04
CUST00408,Yash Shah,39.0,F,  Bangalore  ,yash.shah268@gmail.com,22-09-2022
CUST00409,Priya Desai,31.0,M,NOIDA,priya.desai326@outlook.com,14/08/2023
CUST00410,Sneha Kapoor,23.0,Male,Faridabad,sneha.kapoor411@yahoo.com,10-13-2021
CUST00411,Ira Sharma,22.0,Female,Pune,ira.sharma68@outlook.com,28-12-2021
CUST00412,Navya Kapoor,40.0,Female,lucknow,navya.kapoor84@mail.com,14-10-2020
CUST00413,Neha Malhotra,-8.0,Female,LUCKNOW,neha.malhotra768@gmail.com,2020/03/18
CUST00414,Ananya Kumar,32.0,Male,Mumbai,ananya.kumar53@yahoo.com,16-04-2023
CUST00415,Tanvi Patel,27.0,Male,kolkata,tanvi.patel289@mail.com,08/06/2019
CUST00416,  Shreya Saxena  ,31.0,M,Pune,shreya.saxena968@outlook.com,2024/04/11
CUST00417,Neha Rao,38.0,M,jaipur,neha.rao373mail.com,30-06-2021
CUST00418,Pooja Yadav,34.0,Female,DELHI,POOJA.YADAV291@OUTLOOK.COM,28 Mar 2021
CUST00419,Aditya Gupta,33.0,Male,Lucknow,aditya.gupta615@yahoo.com,29-02-2024
CUST00420,Ganesh Chopra,21.0,Male,Hyderabad,ganesh.chopra774@mail.com,2022/12/03
CUST00421,Saanvi Dubey,30.0,male,Indore,saanvi.dubey612@gmail.com,06-04-2022
CUST00422,Manish Rathore,41.0,male,GURUGRAM,manish.rathore292@mail.com,21-07-2021
CUST00423,Karan Shah,15.0,Female, Kolkata,karan.shah930@mail.com,2021/07/02
CUST00424,Amit Chauhan,,Female,Faridabad,amit.chauhan870@gmail.com,
CUST00425,Ishaan Malhotra,16.0,Female,Gurugram,ishaan.malhotra819@gmail.com,03-02-2021
CUST00426,Sai Desai,29.0,Female,Jaipur,sai.desai878@outlook.com,21-06-2023
CUST00427,Karan Saxena,26.0,Male,  Pune  ,karan.saxena202@outlook.com,06/09/2022
CUST00428,Kavya Singh,23.0,Female,bangalore,kavya.singh334@outlook.com,15-02-2022
CUST00429,Rehan Bhatt,37.0,Female,Bangalore,rehan.bhatt462@mail.com,12/10/2019
CUST00430,Rohan Agarwal,31.0,Female,Bhopal,nan,17/02/2022
CUST00431,Pooja Ansari,10.0,Male,CHANDIGARH,pooja.ansari77@gmail.com,12-09-2022
CUST00432,Ananya Yadav,38.0,Female,pune,ananya.yadav42@outlook.com,
CUST00433,Zara Rathore,30.0,Female,LUCKNOW,zara.rathore540@gmail.com,26/06/2023
CUST00434,Imran Malhotra,44.0,Male,jaipur,imran.malhotra528@outlook.com,05/01/2025
CUST00435,Kiara Tiwari,31.0,Male,Noida,nan,18-09-2022
CUST00436,Ganesh Rathore,34.0,Other,Chennai,ganesh.rathore798@gmail.com,24-04-2019
CUST00437,Myra Pandey,50.0,Female, Noida,myra.pandey46@mail.com,17/04/2020
CUST00438,  Navya Nair  ,13.0,Female,chennai,navya.nair606@mail.com,05-12-2021
CUST00439,Isha Rao,24.0,Female,Indore,isha.rao500@outlook.com,2021/01/01
CUST00440,Karan Patel,42.0,F,Delhi,karan.patel764@outlook.com,06 Jul 2025
CUST00441,Amit Chauhan,27.0,Female,Bhopal,amit.chauhan853@yahoo.com,23-12-2021
CUST00442,Tanvi Yadav,26.0,female,Chandigarh,tanvi.yadav643@mail.com,06 Jun 2019
CUST00443,Shreya Kumar,29.0,Male,Indore,shreya.kumar993@gmail.com,2020/03/20
CUST00444,  Yash Chopra  ,30.0,Female, Ahmedabad,yash.chopra55@mail.com,09-09-2025
CUST00445,Sandeep Verma,35.0,Male,  Indore  ,sandeep.verma401@yahoo.com,2023/11/15
CUST00446,Aadhya Patel,33.0,Female,  Bangalore  ,aadhya.patel108@mail.com,16-11-2022
CUST00447,Sai Patel,38.0,Female,CHANDIGARH,sai.patel67@gmail.com,2022/07/08
CUST00448,Priya Chopra,33.0,Other, Mumbai,priya.chopra237@mail.com,2023/11/23
CUST00449,Nikhil Shah,33.0,Male,,nikhil.shah132@gmail.com,19/10/2025
CUST00450,Aditya Yadav,29.0,Female,Kolkata,aditya.yadav275@yahoo.com,
CUST00451,Pooja Yadav,17.0,Female,Faridabad,pooja.yadav649@outlook.com,18 Apr 2020
CUST00452,Rehan Reddy,36.0,Male,Faridabad,rehan.reddy6@outlook.com,04-27-2023
CUST00453,Dhruv Bhatt,30.0,Male, Gurugram,dhruv.bhatt428@outlook.com,2025/06/19
CUST00454,Riya Ansari,28.0,Female,pune,riya.ansari780@outlook.com,17-02-2021
CUST00455,Ayesha Yadav,30.0,female,Delhi,ayesha.yadav505@yahoo.com,09/11/2021
CUST00456,Ishaan Menon,23.0,Female,pune,ishaan.menon664@outlook.com,01-07-2019
CUST00457,Anika Malhotra,39.0,Female, Bangalore,anika.malhotra311@yahoo.com,22 Nov 2023
CUST00458,Rehan Chauhan,39.0,Female,hyderabad,rehan.chauhan168@mail.com,07-01-2019
CUST00459,Aryan Khan,31.0,Male,Chennai,aryan.khan911@mail.com,30-10-2024
CUST00460,Sai Gupta,24.0,Other,,sai.gupta813@yahoo.com,01-14-2025
CUST00461,Mohammed Sharma,39.0,Female,  Faridabad  ,mohammed.sharma268@mail.com,03-18-2021
CUST00462,Imran Mishra,46.0,Male,Bhopal,imran.mishra933@outlook.com,
CUST00463,Mohammed Mishra,25.0,Other,Mumbai,mohammed.mishra349@yahoo.com,02-11-2023
CUST00464,Zara Kumar,48.0,Male,Faridabad,zara.kumar608@outlook.com,14 Oct 2019
CUST00465,Simran Patel,35.0,Female, Noida,simran.patel379@yahoo.com,14 Sep 2022
CUST00466,Ayaan Ansari,29.0,Female,Indore,ayaan.ansari621@mail.com,2025/12/27
CUST00467,Shreya Reddy,24.0,Female,INDORE,shreya.reddy520@mail.com,09-07-2022
CUST00468,Amit Menon,25.0,Male,jaipur,amit.menon252@yahoo.com,25/05/2020
CUST00469,Reyansh Bhatt,39.0,female,PUNE,reyansh.bhatt202@mail.com,05-15-2022
CUST00470,Rahul Verma,18.0,Male,Gurugram,rahul.verma118@outlook.com,08-09-2024
CUST00471,,29.0,Male,mumbai,user471449@outlook.com,06-20-2022
CUST00472,Kavya Agarwal,32.0,Male, Chandigarh,kavya.agarwal317@gmail.com,07-31-2023
CUST00473,Pooja Menon,48.0,Other,gurugram,pooja.menon812@gmail.com,29/08/2022
CUST00474,Kavya Iyer,46.0,Female,Gurugram,kavya.iyer92@outlook.com,07/07/2023
CUST00475,Karan Bansal,41.0,M,Gurugram,karan.bansal401@outlook.com,26-04-2022
CUST00476,Ira Dubey,51.0,Female,Gurugram,ira.dubey908@yahoo.com,20-03-2025
CUST00477,Dhruv Ansari,,Female,  Chennai  ,dhruv.ansari472@outlook.com,06-05-2020
CUST00478,Rehan Joshi,38.0,Female,INDORE,rehan.joshi206@mail.com,2021/02/24
CUST00479,Neha Bansal,30.0,Male,Mumbai,neha.bansal342@yahoo.com,19-09-2023
CUST00480,Vivaan Reddy,22.0,Female,Chennai,vivaan.reddy273@mail.com,00-00-0000
CUST00481,Riya Joshi,23.0,M,Kolkata,riya.joshi240@mail.com,13 Dec 2020
CUST00482,Ayaan Agarwal,29.0,Female,Bangalore,ayaan.agarwal762@outlook.com,00-00-0000
CUST00483,Yash Agarwal,20.0,Female,Pune,yash.agarwal967@mail.com,20-05-2025
CUST00484,,38.0,Female, Ahmedabad,user484985@mail.com,17-05-2022
CUST00485,Farhan Reddy,29.0,Female,Mumbai,nan,22/07/2023
CUST00486,Saanvi Pandey,48.0,Male,Delhi,saanvi.pandey267@gmail.com,22-02-2025
CUST00487,Aarav Mishra,44.0,M,Indore,aarav.mishra451@yahoo.com,02/01/2019
CUST00488,Karan Tiwari,21.0,Male,DELHI,karan.tiwari72@gmail.com,
CUST00489,Rahul Shah,31.0,Female,  Chandigarh  ,rahul.shah326@gmail.com,21-03-2022
CUST00490,Riya Bansal,44.0,Female,Ahmedabad,riya.bansal435@yahoo.com,10-05-2021
CUST00491,Ananya Singh,12.0,F,Ahmedabad,ananya.singh458@yahoo.com,27-10-2023
CUST00492,Ishaan Bhatt,35.0,Female,Indore,ishaan.bhatt234@gmail.com,2025/07/03
CUST00493,Reyansh Malhotra,38.0,Female,Bangalore,reyansh.malhotra625@outlook.com,10-20-2025
CUST00494,Sandeep Malhotra,25.0,Male,Chennai,sandeep.malhotra275@outlook.com,12 Aug 2022
CUST00495,Mohammed Mishra,28.0,Female,  Gurugram  ,mohammed.mishra762@gmail.com,19-03-2024
CUST00496,Sandeep Shah,-27.0,Female, Lucknow,sandeep.shah909@yahoo.com,2023/12/15
CUST00497,Shreya Bhatt,25.0,Other, Hyderabad,shreya.bhatt268@yahoo.com,12-17-2023
CUST00498,Farhan Malhotra,31.0,Female,  Chennai  ,farhan.malhotra380@yahoo.com,05-25-2021
CUST00499,Vihaan Gupta,21.0,Female,Ahmedabad,vihaan.gupta507@mail.com,09-24-2024
CUST00500,Suresh Kumar,18.0,Female, Mumbai,suresh.kumar949@mail.com,2024/04/22
CUST00501,Krishna Singh,32.0,Female,Mumbai,krishna.singh463@gmail.com,11-26-2020
CUST00502,Isha Sharma,51.0,female,chennai,isha.sharma400@gmail.com,00-00-0000
CUST00503,Neha Bansal,51.0,Female,faridabad,neha.bansal347@mail.com,08/03/2022
CUST00504,Myra Chopra,40.0,Male,NOIDA,myra.chopra904@yahoo.com,10-12-2024
CUST00505,Anika Agarwal,24.0,Male,,anika.agarwal897@yahoo.com,11-12-2025
CUST00506,Ramesh Verma,24.0,Male,Gurugram,ramesh.verma608@yahoo.com,04-10-2022
CUST00507,Karan Mishra,29.0,Female,Bangalore,karan.mishra72@yahoo.com,18/01/2020
CUST00508,Imran Chauhan,18.0,Female,  Gurugram  ,imran.chauhan884@gmail.com,20/08/2021
CUST00509,Yash Kumar,24.0,Male,Gurugram,yash.kumar414@outlook.com,25/06/2022
CUST00510,Kavya Desai,25.0,Female,Jaipur,kavya.desai548@mail.com,09/07/2021
CUST00511,Tanvi Ansari,47.0,Female,faridabad,tanvi.ansari141@yahoo.com,2021/03/26
CUST00512,Karan Yadav,35.0,Female,Gurugram,karan.yadav567@outlook.com,08-26-2020
CUST00513,Aryan Chauhan,27.0,Male,Delhi,aryan.chauhan982@outlook.com,11-04-2019
CUST00514,Vihaan Sharma,33.0,Other,  Noida  ,vihaan.sharma734@outlook.com,00-00-0000
CUST00515,Simran Joshi,,Female,LUCKNOW,simran.joshi590@gmail.com,29-09-2021
CUST00516,Imran Ansari,38.0,Male,INDORE,imran.ansari482@yahoo.com,04-30-2024
CUST00517,  Kiara Ansari  ,48.0,Male,Indore,kiara.ansari221@mail.com,08-11-2025
CUST00518,Saanvi Gupta,42.0,Male,bhopal,saanvi.gupta978@mail.com,2019/10/26
CUST00519,Ananya Nair,142.0,Male,Pune,ananya.nair377@outlook.com,09/02/2024
CUST00520,Suresh Gupta,28.0,,CHANDIGARH,suresh.gupta758@mail.com,25/08/2023
CUST00521,Farhan Mishra,55.0,Female,Faridabad,farhan.mishra573@mail.com,2025/06/15
CUST00522,,42.0,Male,KOLKATA,user522979@outlook.com,07-03-2021
CUST00523,Nikhil Khan,24.0,Female,Indore,nikhil.khan230@outlook.com,22 Apr 2023
CUST00524,Aarav Mishra,49.0,Female,CHENNAI,aarav.mishra26@yahoo.com,17-07-2024
CUST00525,Aadhya Mishra,36.0,M,  Lucknow  ,aadhya.mishra723@yahoo.com,06-25-2023
CUST00526,Isha Gupta,37.0,Male,faridabad,isha.gupta352@yahoo.com,26/09/2021
CUST00527,Vivaan Dubey,26.0,Female,Bangalore,vivaan.dubey734@gmail.com,
CUST00528,Aarav Ansari,24.0,Female,indore,aarav.ansari303@gmail.com,01-23-2019
CUST00529,Myra Reddy,36.0,Female,  Gurugram  ,myra.reddy692@mail.com,03-12-2020
CUST00530,Aarav Ansari,30.0,Female,Pune,aarav.ansari868@gmail.com,08/10/2023
CUST00531,Nikhil Reddy,52.0,Male,  Faridabad  ,nikhil.reddy27@mail.com,15-06-2021
CUST00532,Ganesh Tiwari,26.0,Other,Hyderabad,ganesh.tiwari463@outlook.com,2020/12/21
CUST00533,Riya Ansari,34.0,M,Kolkata,riya.ansari610@yahoo.com,22/10/2024
CUST00534,Diya Iyer,40.0,Male,Delhi,diya.iyer680@yahoo.com,00-00-0000
CUST00535,Amit Sharma,31.0,Female,BANGALORE,amit.sharma718@mail.com,00-00-0000
CUST00536,Reyansh Iyer,41.0,Male,Gurugram,reyansh.iyer640@outlook.com,00-00-0000
CUST00537,Manish Desai,31.0,Male,GURUGRAM,manish.desai786@gmail.com,2021/10/17
CUST00538,Manish Bansal,64.0,Male,LUCKNOW,manish.bansal966@mail.com,2020/05/12
CUST00539,Krishna Ansari,38.0,Female,Lucknow,krishna.ansari389@mail.com,00-00-0000
CUST00540,Aadhya Singh,39.0,Female,jaipur,aadhya.singh82@gmail.com,
CUST00541,Kavya Patel,38.0,Female,Faridabad,kavya.patel769@yahoo.com,18-03-2024
CUST00542,Ishaan Rathore,42.0,Female,GURUGRAM,ishaan.rathore958@mail.com,2024/12/15
CUST00543,Navya Iyer,23.0,Male,ahmedabad,navya.iyer35@gmail.com,08/04/2025
CUST00544,Aarav Bhatt,23.0,Male,  Noida  ,nan,09-04-2025
CUST00545,Suresh Dubey,42.0,Other,lucknow,suresh.dubey706@yahoo.com,23-07-2022
CUST00546,Anika Yadav,20.0,Female,Bhopal,anika.yadav928@outlook.com,18-12-2023
CUST00547,Riya Chopra,45.0,Female,pune,riya.chopra736@outlook.com,2025/11/14
CUST00548,Kiara Kapoor,36.0,Female,Jaipur,kiara.kapoor730@yahoo.com,08-29-2024
CUST00549,Pooja Saxena,32.0,Female,delhi,pooja.saxena363@yahoo.com,2023/10/14
CUST00550,Diya Joshi,29.0,Female,bangalore,nan,22-02-2025
CUST00551,Reyansh Sharma,33.0,Male,,reyansh.sharma502@gmail.com,01-01-2024
CUST00552,Pari Menon,20.0,Female,Ahmedabad,pari.menon670@outlook.com,10-13-2020
CUST00553,Aditya Bhatt,30.0,Male,chennai,aditya.bhatt189@outlook.com,28-04-2024
CUST00554,Tanvi Agarwal,37.0,Other,MUMBAI,tanvi.agarwal461@mail.com,01-18-2024
CUST00555,Aryan Ansari,,M,lucknow,aryan.ansari670@outlook.com,2021/11/27
CUST00556,Kavya Rao,24.0,Male,Kolkata,kavya.rao660@outlook.com,
CUST00557,Sai Desai,-17.0,F,CHANDIGARH,sai.desai28@gmail.com,09-02-2022
CUST00558,Aryan Dubey,33.0,Male,Gurugram,aryan.dubey22@mail.com,00-00-0000
CUST00559,Sneha Reddy,41.0,Female,Pune,sneha.reddy896@gmail.com,00-00-0000
CUST00560,Vihaan Chopra,28.0,Female,Gurugram,vihaan.chopra548@yahoo.com,06-09-2021
CUST00561,Sneha Kumar,23.0,Female,Lucknow,nan,2022/01/29
CUST00562,Shreya Khan,28.0,Female,MUMBAI,shreya.khan254@mail.com,07 Dec 2023
CUST00563,Rahul Rathore,40.0,Male,Hyderabad,rahul.rathore167@mail.com,00-00-0000
CUST00564,Myra Kumar,41.0,Male, Gurugram,myra.kumar934@gmail.com,
CUST00565,Anika Mishra,,Other,Indore,anika.mishra663@yahoo.com,18-08-2021
CUST00566,Arjun Chopra,13.0,Male,hyderabad,arjun.chopra577@mail.com,2022/01/17
CUST00567,Navya Tiwari,5.0,Female,jaipur,navya.tiwari760@gmail.com,07 Oct 2022
CUST00568,Simran Tiwari,47.0,Male,indore,simran.tiwari118@yahoo.com,2022/08/02
CUST00569,Ayaan Kumar,29.0,Female,Kolkata,ayaan.kumar589@mail.com,21/01/2025
CUST00570,Kavya Patel,36.0,F, Lucknow,nan,2019/11/27
CUST00571,Diya Rao,,Female,Mumbai,diya.rao377@yahoo.com,20-07-2020
CUST00572,Aditya Agarwal,20.0,Female,bhopal,aditya.agarwal915@gmail.com,
CUST00573,Diya Agarwal,17.0,Female,Noida,diya.agarwal634@mail.com,05-08-2021
CUST00574,Ayesha Ansari,25.0,Male,Hyderabad,ayesha.ansari790@gmail.com,18/04/2023
CUST00575,Priya Pandey,30.0,Female,  Lucknow  ,priya.pandey577@outlook.com,17/09/2020
CUST00576,Ganesh Malhotra,18.0,Female,  Bangalore  ,ganesh.malhotra256@outlook.com,2021/05/26
CUST00577,Nikhil Bhatt,26.0,Male,Ahmedabad,nikhil.bhatt215@outlook.com,2019/09/21
CUST00578,Imran Verma,53.0,Male,CHENNAI,imran.verma91@outlook.com,27-08-2023
CUST00579,Rehan Yadav,29.0,Female,Bhopal,rehan.yadav124@gmail.com,28-07-2023
CUST00580,Ramesh Malhotra,40.0,Female,Delhi,ramesh.malhotra458@mail.com,17-09-2022
CUST00581,Rehan Menon,20.0,Female,Gurugram,rehan.menon944@yahoo.com,31 Jan 2025
CUST00582,Ishaan Sharma,33.0,female,Jaipur,ishaan.sharma815@mail.com,23/03/2024
CUST00583,Sneha Menon,47.0,Male,hyderabad,sneha.menon692@mail.com,08-31-2023
CUST00584,Vihaan Verma,19.0,Female,Chennai,vihaan.verma135@yahoo.com,2019/09/13
CUST00585,Farhan Reddy,12.0,Female,pune,farhan.reddy360@yahoo.com,27-04-2021
CUST00586,Suresh Reddy,42.0,Male,Faridabad,nan,00-00-0000
CUST00587,Tanvi Chauhan,37.0,female,Noida,tanvi.chauhan814@mail.com,15/05/2023
CUST00588,Myra Rathore,46.0,Male,ahmedabad,myra.rathore479@mail.com,20-07-2025
CUST00589,Navya Chopra,22.0,male,Delhi,navya.chopra101yahoo.com,22/03/2019
CUST00590,Aryan Yadav,38.0,Male,Faridabad,aryan.yadav895@outlook.com,06-16-2025
CUST00591,Aarav Patel,-29.0,Female,DELHI,aarav.patel492@outlook.com,08 Apr 2023
CUST00592,Krishna Bhatt,53.0,Male,Ahmedabad,krishna.bhatt752@outlook.com,05-07-2024
CUST00593,Vivaan Patel,31.0,Female,ahmedabad,vivaan.patel938@yahoo.com,
CUST00594,Saanvi Sharma,,Male,Pune,saanvi.sharma603@gmail.com,11-12-2022
CUST00595,Pooja Patel,28.0,Male,faridabad,pooja.patel65@yahoo.com,08-05-2022
CUST00596,Aditya Rathore,37.0,Female,JAIPUR,aditya.rathore951@mail.com,05-17-2023
CUST00597,Navya Reddy,54.0,Male,Hyderabad,navya.reddy397@mail.com,13-09-2023
CUST00598,Ira Khan,24.0,F,Bhopal,ira.khan807@yahoo.com,01-13-2025
CUST00599,Arjun Verma,37.0,Female,chandigarh,arjun.verma583@gmail.com,02-14-2025
CUST00600,Imran Mishra,10.0,Male,  Jaipur  ,imran.mishra568@outlook.com,06-10-2025
CUST00601,Rehan Menon,38.0,Female,Hyderabad,rehan.menon592@mail.com,06-22-2021
CUST00602,Farhan Saxena,31.0,F,  Jaipur  ,farhan.saxena496@outlook.com,22/06/2024
CUST00603,Ganesh Rathore,34.0,Female,BHOPAL,ganesh.rathore203@mail.com,2021/06/17
CUST00604,Aryan Ansari,33.0,Female,Kolkata,aryan.ansari79@gmail.com,01-22-2022
CUST00605,Reyansh Chopra,38.0,Male,gurugram,reyansh.chopra697@yahoo.com,21-11-2023
CUST00606,Pooja Shah,48.0,Male,INDORE,pooja.shah177@mail.com,
CUST00607,Amit Yadav,34.0,Female,Lucknow,amit.yadav832@outlook.com,29/04/2019
CUST00608,Tanvi Sharma,35.0,F,lucknow,tanvi.sharma819@yahoo.com,12-05-2023
CUST00609,Karan Ansari,46.0,Male,Jaipur,karan.ansari472@gmail.com,08-10-2022
CUST00610,Pari Kumar,120.0,Female,,pari.kumar673@gmail.com,2023/07/15
CUST00611,Amit Khan,14.0,female,Hyderabad,amit.khan323@gmail.com,07-11-2020
CUST00612,Pari Rao,18.0,Male,Gurugram,pari.rao937@mail.com,29 Mar 2024
CUST00613,Kavya Tiwari,19.0,Other,AHMEDABAD,kavya.tiwari408@outlook.com,06-06-2020
CUST00614,Karan Agarwal,,Male,Faridabad,karan.agarwal903@outlook.com,23/12/2025
CUST00615,Ishaan Singh,37.0,Male,Chandigarh,ishaan.singh865@gmail.com,2024/12/27
CUST00616,Rahul Singh,24.0,Female, Hyderabad,rahul.singh835@outlook.com,21-04-2019
CUST00617,Aadhya Rathore,19.0,Female, Kolkata,aadhya.rathore72@outlook.com,06-02-2023
CUST00618,Sneha Rao,21.0,Other,Chandigarh,sneha.rao931@yahoo.com,21/08/2025
CUST00619,Riya Khan,37.0,M,  Chandigarh  ,riya.khan231@yahoo.com,30/04/2025
CUST00620,Pooja Ansari,27.0,Male,Hyderabad,pooja.ansari26@mail.com,2019/04/22
CUST00621,Tanvi Menon,33.0,M,GURUGRAM,tanvi.menon621@outlook.com,10/12/2019
CUST00622,Ganesh Khan,25.0,M,Jaipur,ganesh.khan655@yahoo.com,22 Oct 2023
CUST00623,Pooja Mishra,32.0,Other,,pooja.mishra155@yahoo.com,09/07/2020
CUST00624,Diya Malhotra,28.0,Female,Faridabad,diya.malhotra837@yahoo.com,06-03-2024
CUST00625,Shreya Rao,47.0,Female,,shreya.rao855@mail.com,01-14-2021
CUST00626,Saanvi Agarwal,18.0,Female,Gurugram,saanvi.agarwal500@gmail.com,25-07-2019
CUST00627,Ira Ansari,52.0,Other,Jaipur,ira.ansari950@outlook.com,12-01-2021
CUST00628,Ananya Verma,20.0,Male,,ananya.verma257@yahoo.com,2023/04/02
CUST00629,Rahul Joshi,13.0,Female,Jaipur,rahul.joshi801@gmail.com,02/09/2022
CUST00630,Myra Reddy,10.0,Male, Chandigarh,myra.reddy897@gmail.com,
CUST00631,Shreya Khan,36.0,Male,Gurugram,shreya.khan307outlook.com,2024/02/06
CUST00632,Zara Kapoor,29.0,Female,BANGALORE,zara.kapoor982@outlook.com,2022/08/31
CUST00633,Vihaan Chopra,36.0,Male,delhi,vihaan.chopra744@yahoo.com,10-14-2022
CUST00634,Ayaan Rathore,39.0,F,Mumbai,ayaan.rathore642@outlook.com,02-04-2023
CUST00635,Zara Nair,,Female, Ahmedabad,zara.nair108@outlook.com,13-02-2022
CUST00636,Manish Singh,20.0,Male, Chennai,manish.singh301@yahoo.com,
CUST00637,Saanvi Singh,42.0,Male,Pune,saanvi.singh279@mail.com,2021/10/30
CUST00638,Vihaan Kapoor,39.0,Male,Faridabad,vihaan.kapoor229@outlook.com,02/12/2019
CUST00639,Ishaan Kumar,52.0,Male,Bangalore,nan,10-04-2024
CUST00640,Sai Tiwari,52.0,Female,  Ahmedabad  ,sai.tiwari210@gmail.com,21-03-2019
CUST00641,Ananya Shah,,Male,delhi,ananya.shah91outlook.com,2025/01/18
CUST00642,Mohammed Rathore,36.0,Male,faridabad,mohammed.rathore590@yahoo.com,02/08/2019
CUST00643,Vihaan Reddy,136.0,Female,Chandigarh,vihaan.reddy696@outlook.com,04/12/2022
CUST00644,Shreya Rao,27.0,Male,  Ahmedabad  ,shreya.rao166@mail.com,07-07-2021
CUST00645,Kiara Kumar,42.0,Male,Chandigarh,kiara.kumar493@mail.com,09-10-2019
CUST00646,Pari Malhotra,21.0,Male,ahmedabad,pari.malhotra726@gmail.com,14 Jun 2019
CUST00647,Pooja Chauhan,24.0,Female,INDORE,pooja.chauhan161@gmail.com,08-05-2019
CUST00648,Ramesh Mishra,36.0,Other,Pune,ramesh.mishra991@outlook.com,09 Oct 2021
CUST00649,Suresh Rao,32.0,M,Gurugram,suresh.rao521@mail.com,
CUST00650,Aarav Verma,20.0,Female,Bhopal,aarav.verma174@yahoo.com,03-25-2019
CUST00651,Reyansh Nair,49.0,Male,GURUGRAM,reyansh.nair390@outlook.com,00-00-0000
CUST00652,Aarav Khan,20.0,Male,JAIPUR,aarav.khan473@yahoo.com,09-16-2020
CUST00653,  Saanvi Kumar  ,37.0,Male,Noida,saanvi.kumar277@mail.com,04-09-2021
CUST00654,Ayaan Kapoor,18.0,Female,faridabad,ayaan.kapoor751@outlook.com,2020/06/01
CUST00655,Sai Khan,30.0,Male, Kolkata,sai.khan867@yahoo.com,2024/04/23
CUST00656,Dhruv Joshi,27.0,M, Indore,dhruv.joshi746@yahoo.com,2020/04/13
CUST00657,Aarav Shah,32.0,Male,Ahmedabad,aarav.shah469@mail.com,29-04-2025
CUST00658,Kiara Malhotra,41.0,Female,Bhopal,kiara.malhotra54@yahoo.com,06-11-2021
CUST00659,Ayaan Kapoor,,Female,kolkata,ayaan.kapoor272@outlook.com,2024/03/19
CUST00660,Ayaan Yadav,28.0,Other,noida,ayaan.yadav57@gmail.com,15/11/2021
CUST00661,Vivaan Reddy,29.0,Male,Chandigarh,vivaan.reddy115@yahoo.com,19-02-2023
CUST00662,Imran Kumar,36.0,Female,faridabad,nan,18/11/2020
CUST00663,Mohammed Singh,28.0,Male,Hyderabad,mohammed.singh973@gmail.com,17 Oct 2025
CUST00664,Manish Joshi,37.0,Other,CHENNAI,manish.joshi360@yahoo.com,2025/10/23
CUST00665,Arjun Bhatt,34.0,Male,  Hyderabad  ,arjun.bhatt140@gmail.com,14-04-2020
CUST00666,Rahul Gupta,12.0,Other,Pune,rahul.gupta204mail.com,01 Nov 2020
CUST00667,Imran Rao,51.0,Female,  Indore  ,imran.rao70@yahoo.com,28/06/2022
CUST00668,Ishaan Saxena,40.0,Male,,ishaan.saxena118@gmail.com,18 Mar 2020
CUST00669,Arjun Sharma,31.0,Female,  Jaipur  ,arjun.sharma269@mail.com,06-28-2025
CUST00670,Krishna Kapoor,37.0,Male,  Chandigarh  ,krishna.kapoor983@mail.com,16 Apr 2019
CUST00671,Myra Kumar,27.0,Male,Bangalore,myra.kumar694@yahoo.com,2022/07/01
CUST00672,Rohan Desai,38.0,Female,  Gurugram  ,rohan.desai625@outlook.com,16-06-2025
CUST00673,Ananya Verma,42.0,Male,  Chandigarh  ,ananya.verma193@mail.com,00-00-0000
CUST00674,Simran Malhotra,27.0,Female,  Pune  ,simran.malhotra491@yahoo.com,2023/06/13
CUST00675,Reyansh Reddy,35.0,Female,Bangalore,reyansh.reddy454@yahoo.com,2021/03/23
CUST00676,Isha Ansari,20.0,Female,Mumbai,isha.ansari292@outlook.com,11-08-2019
CUST00677,Aadhya Reddy,22.0,Male,Hyderabad,aadhya.reddy928@yahoo.com,22/08/2025
CUST00678,Aarav Khan,-20.0,female,Bhopal,aarav.khan991@gmail.com,2021/09/21
CUST00679,Ramesh Sharma,46.0,Male,Chandigarh,ramesh.sharma766@mail.com,2020/02/22
CUST00680,Amit Iyer,,Male,Bhopal,amit.iyer374@mail.com,20 May 2022
CUST00681,Sandeep Mishra,37.0,F,  Hyderabad  ,sandeep.mishra404@mail.com,25/09/2025
CUST00682,Rohan Rathore,36.0,Male,Faridabad,rohan.rathore756outlook.com,10 May 2020
CUST00683,Krishna Verma,47.0,Female,Hyderabad,krishna.verma103@mail.com,2025/05/07
CUST00684,Saanvi Singh,29.0,Female,NOIDA,saanvi.singh868@yahoo.com,06-18-2019
CUST00685,Ananya Sharma,26.0,Female,Mumbai,ananya.sharma254@gmail.com,2022/11/23
CUST00686,Suresh Khan,33.0,Female,Gurugram,suresh.khan513@gmail.com,12-22-2024
CUST00687,Ananya Verma,35.0,Female,,ananya.verma312@outlook.com,10-21-2023
CUST00688,Imran Sharma,21.0,Male,Lucknow,imran.sharma170@yahoo.com,02-26-2023
CUST00689,Ira Shah,22.0,Male,Pune,ira.shah701@gmail.com,10-10-2019
CUST00690,Tanvi Gupta,43.0,Male, Faridabad,tanvi.gupta969@yahoo.com,2024/09/03
CUST00691,Simran Joshi,-55.0,Other,chennai,simran.joshi552@gmail.com,29 Oct 2022
CUST00692,Sneha Sharma,25.0,Female,Gurugram,sneha.sharma386@outlook.com,2019/02/21
CUST00693,Riya Iyer,21.0,Female,PUNE,riya.iyer974@yahoo.com,09-17-2023
CUST00694,Ira Khan,40.0,Female, Gurugram,ira.khan192@outlook.com,30/06/2024
CUST00695,Dhruv Joshi,24.0,Male,Bangalore,dhruv.joshi542@yahoo.com,08-03-2020
CUST00696,Amit Shah,33.0,female,,amit.shah111@yahoo.com,
CUST00697,Rohan Pandey,38.0,Male,  Gurugram  ,rohan.pandey83@outlook.com,2023/01/23
CUST00698,Navya Ansari,11.0,Female,Faridabad,navya.ansari762@mail.com,
CUST00699,Ayaan Bhatt,30.0,Male,Ahmedabad,ayaan.bhatt690@gmail.com,09-18-2020
CUST00700,Rohan Malhotra,15.0,Other,lucknow,rohan.malhotra824@mail.com,2023/11/19
CUST00701,Rehan Kumar,30.0,Female,Delhi,rehan.kumar83@yahoo.com,
CUST00702,Navya Nair,39.0,female,Ahmedabad,navya.nair490@outlook.com,07-11-2024
CUST00703,Yash Agarwal,27.0,Male,CHANDIGARH,yash.agarwal146@yahoo.com,11/01/2022
CUST00704,Neha Shah,32.0,Other,CHANDIGARH,neha.shah662@gmail.com,2025/11/27
CUST00705,Dhruv Bansal,28.0,Female,hyderabad,dhruv.bansal64@mail.com,2025/01/13
CUST00706,Mohammed Yadav,40.0,Female,Jaipur,mohammed.yadav810@yahoo.com,06-03-2024
CUST00707,Ishaan Joshi,34.0,Female,  Lucknow  ,ishaan.joshi980@gmail.com,19-03-2024
CUST00708,,48.0,Female,Delhi,user708747@mail.com,20-11-2023
CUST00709,Aarav Iyer,26.0,Female,Kolkata,aarav.iyer25@outlook.com,23/08/2025
CUST00710,Priya Yadav,20.0,Male, Bangalore,priya.yadav888@mail.com,04/01/2022
CUST00711,Vivaan Rathore,24.0,Female,Lucknow,vivaan.rathore264@mail.com,
CUST00712,Simran Menon,23.0,Male,Indore,simran.menon460@yahoo.com,10-02-2021
CUST00713,Dhruv Sharma,-34.0,M,ahmedabad,dhruv.sharma96@gmail.com,21-12-2019
CUST00714,Ishaan Dubey,25.0,Male,Jaipur,ishaan.dubey500@yahoo.com,16/02/2022
CUST00715,Kiara Dubey,22.0,Male,chandigarh,KIARA.DUBEY487@OUTLOOK.COM,21/01/2024
CUST00716,Zara Ansari,24.0,Female,faridabad,zara.ansari939@mail.com,25-09-2021
CUST00717,  Ganesh Desai  ,3.0,Female,Lucknow,ganesh.desai39@mail.com,00-00-0000
CUST00718,Saanvi Rathore,33.0,Female,Bhopal,saanvi.rathore749@outlook.com,23-05-2025
CUST00719,Aryan Sharma,25.0,Male,  Faridabad  ,aryan.sharma83@outlook.com,04/11/2025
CUST00720,Ishaan Singh,27.0,Female,Faridabad,ishaan.singh224@yahoo.com,02-04-2023
CUST00721,Rohan Agarwal,38.0,Male,indore,rohan.agarwal179yahoo.com,09/10/2022
CUST00722,Priya Verma,39.0,Male,  Faridabad  ,priya.verma650@gmail.com,28-04-2019
CUST00723,  Ishaan Sharma  ,31.0,Female,BANGALORE,ishaan.sharma386@yahoo.com,07-17-2024
CUST00724,Aadhya Reddy,139.0,Female,Mumbai,aadhya.reddy849@mail.com,08-24-2022
CUST00725,Rohan Joshi,34.0,Female,  Hyderabad  ,rohan.joshi472@gmail.com,14/01/2021
CUST00726,Aryan Shah,37.0,Male,BHOPAL,aryan.shah423@yahoo.com,20-06-2024
CUST00727,Krishna Dubey,16.0,Male,  Noida  ,krishna.dubey692@gmail.com,2021/05/18
CUST00728,Amit Mishra,27.0,Female,Delhi,amit.mishra11@mail.com,24/12/2022
CUST00729,Imran Chopra,20.0,Female,Faridabad,imran.chopra506@yahoo.com,24-11-2021
CUST00730,Kiara Desai,43.0,Male,gurugram,kiara.desai890outlook.com,26-10-2022
CUST00731,Ayaan Ansari,41.0,Female,Mumbai,ayaan.ansari205@gmail.com,19/02/2022
CUST00732,Yash Menon,,Other,faridabad,yash.menon200outlook.com,07 Sep 2025
CUST00733,Ganesh Chauhan,14.0,Female, Ahmedabad,ganesh.chauhan113mail.com,2022/02/05
CUST00734,Aarav Desai,41.0,Female,LUCKNOW,aarav.desai349@mail.com,26-03-2025
CUST00735,  Saanvi Reddy  ,39.0,Other,  Chandigarh  ,saanvi.reddy339@yahoo.com,11-02-2019
CUST00736,Amit Menon,29.0,Female,kolkata,amit.menon701@yahoo.com,2024/10/17
CUST00737,Kabir Ansari,13.0,F,Indore,kabir.ansari103@yahoo.com,21-02-2021
CUST00738,Dhruv Khan,14.0,M,Chennai,dhruv.khan311@mail.com,17-12-2019
CUST00739,Pooja Ansari,,Female,Kolkata,pooja.ansari623@outlook.com,2021/09/15
CUST00740,,29.0,Male,BHOPAL,user740759@outlook.com,00-00-0000
CUST00741,Arjun Kapoor,40.0,Male,Chennai,arjun.kapoor106@yahoo.com,24-06-2024
CUST00742,Rahul Agarwal,39.0,Male,Faridabad,rahul.agarwal514@mail.com,24 Mar 2025
CUST00743,Isha Kumar,24.0,Female,Gurugram,isha.kumar37@yahoo.com,11/09/2021
CUST00744,Kabir Chopra,38.0,Male,  Indore  ,kabir.chopra813@yahoo.com,04-05-2024
CUST00745,Aarav Malhotra,16.0,Male,delhi,aarav.malhotra127@yahoo.com,03-07-2024
CUST00746,Aarav Reddy,26.0,Female,Pune,aarav.reddy954gmail.com,2024/01/10
CUST00747,Imran Bhatt,34.0,Female,Bangalore,imran.bhatt153@yahoo.com,2019/03/12
CUST00748,Yash Kapoor,39.0,Female,Delhi,yash.kapoor108@yahoo.com,17-01-2020
CUST00749,Imran Chopra,17.0,Female,jaipur,imran.chopra591@mail.com,20-04-2022
CUST00750,Yash Verma,39.0,F,  Chandigarh  ,yash.verma119@mail.com,26-06-2021
CUST00751,Aarav Chopra,37.0,Female,Chandigarh,aarav.chopra422@gmail.com,2023/07/15
CUST00752,,21.0,Male,Chennai,user75260@yahoo.com,23/09/2021
CUST00753,Riya Saxena,38.0,Female,  Faridabad  ,riya.saxena882@mail.com,08 Jun 2022
CUST00754,Vihaan Yadav,-40.0,Male,Hyderabad,vihaan.yadav313mail.com,00-00-0000
CUST00755,Vivaan Tiwari,41.0,Female,Ahmedabad,vivaan.tiwari376@gmail.com,20-02-2023
CUST00756,Ramesh Rathore,37.0,M,Chennai,ramesh.rathore439@gmail.com,22/04/2024
CUST00757,Reyansh Kapoor,28.0,Male,Kolkata,reyansh.kapoor185@yahoo.com,2025/03/17
CUST00758,Aadhya Verma,23.0,Female,Gurugram,aadhya.verma205@outlook.com,12-14-2024
CUST00759,Amit Bhatt,,Female,Lucknow,amit.bhatt572@gmail.com,11-09-2022
CUST00760,Zara Menon,33.0,Male,bhopal,zara.menon465@yahoo.com,2023/10/09
CUST00761,,42.0,Male,Chennai,user761716@mail.com,2025/03/04
CUST00762,Aarav Ansari,55.0,Female,Noida,aarav.ansari543@outlook.com,16/09/2022
CUST00763,Reyansh Agarwal,28.0,Male, Indore,reyansh.agarwal791@gmail.com,12-12-2022
CUST00764,Ganesh Rao,36.0,Male,Mumbai,ganesh.rao809@gmail.com,02/02/2024
CUST00765,Vihaan Nair,33.0,Female,Pune,vihaan.nair567@gmail.com,00-00-0000
CUST00766,Aditya Bansal,31.0,Female,Gurugram,aditya.bansal479@yahoo.com,09-06-2022
CUST00767,Krishna Singh,,Female,bhopal,krishna.singh172@outlook.com,2021/10/26
CUST00768,Dhruv Malhotra,-19.0,Male,Mumbai,dhruv.malhotra526@mail.com,00-00-0000
CUST00769,Anika Dubey,31.0,Male,FARIDABAD,anika.dubey847@mail.com,00-00-0000
CUST00770,Dhruv Nair,30.0,Female,Gurugram,dhruv.nair137@gmail.com,27-02-2021
CUST00771,Pari Rathore,36.0,Female,  Chandigarh  ,pari.rathore834@yahoo.com,16-07-2022
CUST00772,Aadhya Bhatt,39.0,Male,INDORE,aadhya.bhatt240@outlook.com,2020/05/04
CUST00773,Yash Khan,50.0,Female,BANGALORE,yash.khan366@mail.com,03/01/2025
CUST00774,,37.0,Female,Lucknow,user774698@gmail.com,01-28-2021
CUST00775,Diya Khan,29.0,male,INDORE,diya.khan652@gmail.com,2021/02/23
CUST00776,Kavya Menon,41.0,F, Faridabad,kavya.menon926@mail.com,05 Jun 2021
CUST00777,Yash Patel,39.0,Male,Bangalore,yash.patel768@outlook.com,06 Jun 2024
CUST00778,Vihaan Malhotra,36.0,Other,  Kolkata  ,vihaan.malhotra462@outlook.com,2022/02/06
CUST00779,Manish Chopra,29.0,Female,Noida,manish.chopra415@gmail.com,08-11-2025
CUST00780,Ananya Singh,22.0,Other, Bhopal,ananya.singh304@yahoo.com,00-00-0000
CUST00781,Kabir Bansal,27.0,F,Gurugram,kabir.bansal948@mail.com,10-09-2025
CUST00782,Ishaan Joshi,24.0,Female,Lucknow,ishaan.joshi985@yahoo.com,05-03-2022
CUST00783,Isha Verma,27.0,Female,Ahmedabad,isha.verma73@mail.com,16/02/2020
CUST00784,Navya Patel,32.0,Male,noida,navya.patel329@yahoo.com,06-03-2021
CUST00785,Priya Iyer,33.0,Female,Jaipur,priya.iyer991@mail.com,28-04-2022
CUST00786,Neha Singh,21.0,Female,Bangalore,neha.singh604@gmail.com,2021/07/20
CUST00787,Diya Chauhan,22.0,Female,Chennai,diya.chauhan984@gmail.com,18/01/2023
CUST00788,Vihaan Shah,31.0,Male,Mumbai,vihaan.shah12@outlook.com,01-04-2021
CUST00789,Kiara Desai,36.0,Male,,kiara.desai507@yahoo.com,23-05-2022
CUST00790,Ira Bansal,48.0,M,Delhi,ira.bansal310@outlook.com,27-02-2019
CUST00791,Myra Malhotra,36.0,Male,Jaipur,myra.malhotra817@gmail.com,2024/12/27
CUST00792,Aadhya Menon,38.0,Other,Bangalore,aadhya.menon326@mail.com,02/06/2020
CUST00793,Manish Mishra,34.0,Female,  Hyderabad  ,manish.mishra34@mail.com,2022/01/28
CUST00794,Kiara Tiwari,27.0,Male,Indore,kiara.tiwari714@outlook.com,06-07-2019
CUST00795,Imran Yadav,30.0,Male,Hyderabad,imran.yadav306@gmail.com,08-12-2019
CUST00796,Sai Kumar,28.0,Male,Delhi,sai.kumar39@outlook.com,16-03-2025
CUST00797,Pooja Saxena,49.0,Female,Faridabad,pooja.saxena282@yahoo.com,2022/04/11
CUST00798,Anika Verma,39.0,Female,GURUGRAM,anika.verma252@mail.com,01-06-2020
CUST00799,Tanvi Chauhan,25.0,Female,Hyderabad,tanvi.chauhan420@outlook.com,07-03-2024
CUST00800,Farhan Singh,36.0,Female,chandigarh,farhan.singh94@gmail.com,
CUST00801,Navya Malhotra,30.0,Female,Hyderabad,navya.malhotra335@gmail.com,20 Feb 2019
CUST00802,Zara Menon,63.0,Male,Indore,zara.menon201@outlook.com,2025/06/09
CUST00803,  Rahul Saxena  ,35.0,Male,,rahul.saxena67@mail.com,10/03/2022
CUST00804,Mohammed Chopra,34.0,Other,LUCKNOW,mohammed.chopra848@outlook.com,2024/04/06
CUST00805,Tanvi Reddy,39.0,Female,Lucknow,tanvi.reddy724@mail.com,05-14-2024
CUST00806,Reyansh Khan,38.0,male,Pune,reyansh.khan489@yahoo.com,2023/12/10
CUST00807,Ganesh Khan,39.0,Female,kolkata,ganesh.khan986@mail.com,10-27-2022
CUST00808,Ramesh Agarwal,42.0,F, Bangalore,ramesh.agarwal430@yahoo.com,25-01-2021
CUST00809,Diya Joshi,27.0,Male,Kolkata,diya.joshi118@yahoo.com,30/07/2019
CUST00810,Farhan Patel,18.0,F,Jaipur,farhan.patel719@mail.com,31/10/2021
CUST00811,Karan Singh,13.0,Female,Gurugram,karan.singh288@outlook.com,10-05-2024
CUST00812,Pari Rathore,27.0,Male,Chandigarh,pari.rathore124@mail.com,12-04-2020
CUST00813,Neha Ansari,36.0,Other,  Ahmedabad  ,neha.ansari963@gmail.com,25 Sep 2019
CUST00814,Yash Tiwari,32.0,Female,  Indore  ,yash.tiwari159@gmail.com,00-00-0000
CUST00815,Aadhya Gupta,19.0,M, Indore,aadhya.gupta431@mail.com,07 Jul 2024
CUST00816,Ramesh Chopra,28.0,Female,Kolkata,ramesh.chopra637@outlook.com,
CUST00817,Krishna Bansal,22.0,Male,Ahmedabad,krishna.bansal43@outlook.com,2025/06/21
CUST00818,Sneha Bansal,20.0,Female, Noida,sneha.bansal95@yahoo.com,08-08-2019
CUST00819,Simran Chopra,34.0,F,Mumbai,simran.chopra550@gmail.com,2020/09/13
CUST00820,Suresh Sharma,18.0,Female,Hyderabad,suresh.sharma516@mail.com,03-09-2020
CUST00821,Tanvi Nair,29.0,Male,Hyderabad,tanvi.nair109@yahoo.com,24/04/2025
CUST00822,Ayaan Chauhan,32.0,Female,hyderabad,ayaan.chauhan555@mail.com,29-05-2022
CUST00823,Vivaan Bhatt,35.0,Female, Kolkata,vivaan.bhatt508@gmail.com,15-12-2019
CUST00824,Nikhil Rathore,38.0,Male,  Delhi  ,nikhil.rathore583@gmail.com,10-13-2021
CUST00825,,26.0,Male,noida,user825667@yahoo.com,04-30-2020
CUST00826,Krishna Saxena,29.0,Male,Gurugram,krishna.saxena465@outlook.com,2025/04/04
CUST00827,Sandeep Desai,47.0,Female,AHMEDABAD,sandeep.desai746@outlook.com,01/09/2023
CUST00828,Aditya Yadav,11.0,Female,Lucknow,aditya.yadav153@yahoo.com,2025/10/19
CUST00829,Anika Pandey,38.0,Male,  Gurugram  ,anika.pandey229@gmail.com,07 Sep 2025
CUST00830,Dhruv Kapoor,34.0,Male,  Jaipur  ,dhruv.kapoor152@mail.com,08-12-2025
CUST00831,Farhan Iyer,30.0,Female,Chandigarh,farhan.iyer77@yahoo.com,2021/07/13
CUST00832,Ramesh Singh,37.0,Female,Hyderabad,ramesh.singh292@outlook.com,
CUST00833,Navya Khan,,Male,Bhopal,navya.khan403@yahoo.com,08-04-2023
CUST00834,  Krishna Kumar  ,17.0,M,KOLKATA,krishna.kumar98outlook.com,
CUST00835,Imran Dubey,28.0,Female,Lucknow,imran.dubey474@outlook.com,2023/12/19
CUST00836,Aryan Yadav,46.0,Male,LUCKNOW,aryan.yadav418@gmail.com,05-02-2022
CUST00837,Myra Kapoor,47.0,Female,Indore,myra.kapoor190@mail.com,07 Aug 2025
CUST00838,Rohan Yadav,23.0,Male,bangalore,rohan.yadav596@yahoo.com,10-23-2023
CUST00839,Ishaan Nair,23.0,Female,Kolkata,ishaan.nair818@mail.com,04 Jun 2022
CUST00840,Dhruv Bansal,36.0,Female,Indore,dhruv.bansal416@yahoo.com,18-05-2025
CUST00841,Pari Yadav,35.0,Other,Mumbai,pari.yadav928@gmail.com,18-12-2025
CUST00842,Mohammed Gupta,29.0,Male,Ahmedabad,mohammed.gupta720@outlook.com,04-09-2019
CUST00843,Anika Reddy,29.0,Male,Gurugram,anika.reddy428@outlook.com,02 Nov 2025
CUST00844,Neha Khan,20.0,Male, Mumbai,neha.khan492@outlook.com,11/02/2020
CUST00845,Yash Bhatt,,Male,,yash.bhatt755@gmail.com,01/05/2021
CUST00846,Tanvi Rathore,49.0,male,bhopal,nan,14-05-2021
CUST00847,Ramesh Yadav,33.0,Female, Faridabad,ramesh.yadav519@mail.com,2021/12/19
CUST00848,Farhan Kapoor,27.0,Male,  Delhi  ,farhan.kapoor592@yahoo.com,11-29-2019
CUST00849,Arjun Chopra,28.0,Female,Indore,nan,05/10/2020
CUST00850,Aditya Singh,27.0,Male,Kolkata,aditya.singh428@mail.com,2021/09/09
CUST00851,Kavya Menon,22.0,Female,chennai,kavya.menon276@outlook.com,12 Dec 2020
CUST00852,Imran Rao,29.0,Female,Faridabad,imran.rao592@outlook.com,10 Mar 2025
CUST00853,Karan Chauhan,36.0,Male,  Mumbai  ,karan.chauhan165@mail.com,04-11-2019
CUST00854,Ganesh Singh,49.0,Male, Bhopal,ganesh.singh380@mail.com,03-10-2020
CUST00855,Arjun Dubey,43.0,Male,CHENNAI,arjun.dubey215@gmail.com,11 Jan 2019
CUST00856,Myra Kumar,29.0,Female,Bhopal,myra.kumar673@yahoo.com,2023/08/01
CUST00857,Rohan Menon,17.0,Female,Chandigarh,rohan.menon283@mail.com,20-01-2024
CUST00858,Arjun Chopra,41.0,Other,Lucknow,arjun.chopra422@gmail.com,08-29-2025
CUST00859,Ira Bhatt,18.0,Male,Kolkata,ira.bhatt808@outlook.com,2024/04/08
CUST00860,Ira Agarwal,125.0,F,Hyderabad,ira.agarwal936@yahoo.com,07 Apr 2022
CUST00861,Ayesha Khan,23.0,Male,delhi,ayesha.khan745@gmail.com,14/05/2019
CUST00862,Rahul Bhatt,35.0,Male, Jaipur,rahul.bhatt599@gmail.com,06/08/2021
CUST00863,Arjun Shah,19.0,Female,Bangalore,arjun.shah577@gmail.com,2022/03/26
CUST00864,Navya Chopra,37.0,Male,Delhi,navya.chopra225@mail.com,04 Mar 2022
CUST00865,Sai Chauhan,22.0,Female,hyderabad,sai.chauhan902@outlook.com,03 Feb 2024
CUST00866,Rahul Sharma,24.0,Male,Mumbai,rahul.sharma921@yahoo.com,19-10-2019
CUST00867,Krishna Khan,-31.0,Male,  Hyderabad  ,nan,14-08-2021
CUST00868,Kavya Iyer,39.0,Female,Kolkata,kavya.iyer9@gmail.com,19/12/2021
CUST00869,Tanvi Ansari,24.0,Male,chandigarh,tanvi.ansari884@yahoo.com,12/08/2025
CUST00870,Navya Agarwal,32.0,Female,Indore,navya.agarwal932@mail.com,21-03-2021
CUST00871,Isha Dubey,46.0,Male, Delhi,isha.dubey931@gmail.com,08-10-2023
CUST00872,Suresh Mishra,29.0,Female,Gurugram,suresh.mishra16@mail.com,2020/04/15
CUST00873,Neha Joshi,37.0,Male,Ahmedabad,neha.joshi469@yahoo.com,02-08-2025
CUST00874,Manish Shah,73.0,Female,noida,manish.shah172@gmail.com,09-07-2021
CUST00875,Priya Shah,25.0,Other,Jaipur,priya.shah760@yahoo.com,
CUST00876,,42.0,Male,  Faridabad  ,user876164@mail.com,24-12-2021
CUST00877,Manish Bansal,29.0,Female,Pune,manish.bansal176@mail.com,05-08-2020
CUST00878,Amit Ansari,36.0,Female,Bhopal,amit.ansari731@mail.com,20/10/2019
CUST00879,Amit Rao,24.0,Female,Faridabad,amit.rao486@yahoo.com,09-02-2019
CUST00880,Pooja Malhotra,27.0,Female,Jaipur,pooja.malhotra438@yahoo.com,10 Nov 2020
CUST00881,Arjun Saxena,33.0,Female,chandigarh,arjun.saxena409@gmail.com,2022/06/13
CUST00882,Ayesha Joshi,46.0,Male, Bangalore,ayesha.joshi74@outlook.com,03-09-2025
CUST00883,Farhan Patel,37.0,Female,Ahmedabad,farhan.patel500@mail.com,20-05-2025
CUST00884,Sandeep Chauhan,51.0,Male,chennai,sandeep.chauhan989@outlook.com,28/03/2022
CUST00885,Kabir Gupta,29.0,nan,Ahmedabad,kabir.gupta932@gmail.com,2023/12/04
CUST00886,  Priya Nair  ,13.0,Female,Lucknow,priya.nair195@gmail.com,24 May 2020
CUST00887,Ayaan Kapoor,30.0,Male,JAIPUR,ayaan.kapoor434@outlook.com,04-03-2024
CUST00888,Kiara Bansal,42.0,Male,  Gurugram  ,kiara.bansal907@gmail.com,30/05/2022
CUST00889,Sai Menon,35.0,Female,gurugram,sai.menon832@gmail.com,
CUST00890,Kiara Chopra,28.0,Female,Noida,kiara.chopra885@outlook.com,01-20-2022
CUST00891,Ayaan Singh,35.0,Male,Jaipur,ayaan.singh739@gmail.com,2024/08/11
CUST00892,Saanvi Shah,,Female,Hyderabad,saanvi.shah429@mail.com,2025/01/20
CUST00893,Neha Nair,29.0,nan,Faridabad,neha.nair148@outlook.com,15 Jul 2024
CUST00894,Vivaan Joshi,25.0,Female,Delhi,vivaan.joshi825@outlook.com,29-11-2023
CUST00895,Pooja Khan,,M,Pune,pooja.khan641@outlook.com,26 Nov 2019
CUST00896,Aditya Bansal,28.0,Male, Ahmedabad,aditya.bansal81@outlook.com,09-15-2025
CUST00897,Dhruv Tiwari,43.0,Male,  Noida  ,dhruv.tiwari107@mail.com,06-13-2019
CUST00898,,37.0,Male,  Lucknow  ,user89886@yahoo.com,05-11-2023
CUST00899,Ayaan Rao,32.0,Female, Jaipur,ayaan.rao484@yahoo.com,13/08/2022
CUST00900,Diya Verma,25.0,female,Noida,diya.verma690@gmail.com,08-10-2025
CUST00901,  Riya Joshi  ,31.0,Male,HYDERABAD,riya.joshi801@mail.com,22-10-2021
CUST00902,Suresh Ansari,60.0,Female,Kolkata,suresh.ansari522@outlook.com,16-04-2019
CUST00903,  Saanvi Bhatt  ,138.0,Female, Chandigarh,saanvi.bhatt417@yahoo.com,10-01-2020
CUST00904,Rohan Yadav,35.0,Male,Jaipur,rohan.yadav340@mail.com,07-26-2021
CUST00905,Farhan Desai,18.0,Female,Bangalore,farhan.desai770@yahoo.com,14-06-2025
CUST00906,Kavya Bhatt,5.0,Female,Chandigarh,kavya.bhatt715@outlook.com,2025/08/01
CUST00907,Aarav Rathore,28.0,Female,Gurugram,aarav.rathore367@gmail.com,2019/03/26
CUST00908,Myra Menon,34.0,Male,Pune,myra.menon289@outlook.com,2022/01/08
CUST00909,Sai Gupta,33.0,F,Jaipur,sai.gupta102@outlook.com,18-06-2025
CUST00910,Saanvi Desai,31.0,Female,Indore,saanvi.desai918@mail.com,14-06-2019
CUST00911,Rahul Joshi,46.0,Female,Jaipur,nan,18-12-2020
CUST00912,Kabir Yadav,34.0,Female,Bhopal,kabir.yadav323@yahoo.com,11/04/2024
CUST00913,Ishaan Joshi,32.0,Male,  Gurugram  ,ishaan.joshi719@outlook.com,26/10/2024
CUST00914,Karan Desai,14.0,Female,Gurugram,karan.desai682@mail.com,
CUST00915,  Suresh Rao  ,29.0,Male,,suresh.rao896@outlook.com,
CUST00916,Kiara Malhotra,39.0,Male,Gurugram,kiara.malhotra19@mail.com,2021/01/13
CUST00917,Zara Tiwari,24.0,Male,Hyderabad,zara.tiwari418@outlook.com,25 Jul 2025
CUST00918,Ayaan Mishra,31.0,Male,Chandigarh,ayaan.mishra842@yahoo.com,21-11-2023
CUST00919,Sai Kumar,29.0,Female,Faridabad,sai.kumar476@mail.com,07-07-2024
CUST00920,Simran Chauhan,37.0,Male,Bhopal,simran.chauhan257@mail.com,2020/01/09
CUST00921,Pooja Menon,13.0,Female,PUNE,pooja.menon958@outlook.com,09/04/2024
CUST00922,Suresh Sharma,25.0,Male,ahmedabad,suresh.sharma104@mail.com,26-11-2022
CUST00923,Navya Reddy,33.0,Female,  Chandigarh  ,navya.reddy676@yahoo.com,2023/07/31
CUST00924,Sai Rao,38.0,Female,Pune,sai.rao757@yahoo.com,09-27-2022
CUST00925,Arjun Gupta,23.0,Female,pune,arjun.gupta497@yahoo.com,
CUST00926,Pooja Iyer,22.0,F,bhopal,pooja.iyer628@yahoo.com,
CUST00927,Saanvi Iyer,39.0,Male,CHENNAI,saanvi.iyer404@outlook.com,10-20-2020
CUST00928,Rehan Bhatt,33.0,Female,Noida,rehan.bhatt392@gmail.com,12-09-2022
CUST00929,Rehan Dubey,22.0,Male,Gurugram,rehan.dubey958@mail.com,2023/08/14
CUST00930,Manish Reddy,35.0,Female,ahmedabad,manish.reddy520@gmail.com,22/07/2024
CUST00931,Isha Tiwari,-41.0,Female,Bhopal,isha.tiwari574@outlook.com,2022/03/26
CUST00932,Aadhya Chopra,35.0,Female,Kolkata,aadhya.chopra104@gmail.com,29/06/2023
CUST00933,Myra Kapoor,22.0,Female,BHOPAL,myra.kapoor203@yahoo.com,03-03-2025
CUST00934,Pari Dubey,27.0,Male,Jaipur,pari.dubey572@mail.com,31-05-2019
CUST00935,Vivaan Singh,28.0,F,ahmedabad,vivaan.singh70@mail.com,06/02/2024
CUST00936,Farhan Tiwari,43.0,Other,mumbai,farhan.tiwari236@gmail.com,27-12-2019
CUST00937,Aryan Bhatt,33.0,Male,chandigarh,aryan.bhatt692@gmail.com,12-07-2022
CUST00938,Nikhil Singh,25.0,Male,Chandigarh,nikhil.singh859@outlook.com,2021/10/30
CUST00939,Rahul Saxena,19.0,M,  Faridabad  ,rahul.saxena161@yahoo.com,17-08-2022
CUST00940,Ira Patel,34.0,Female,Ahmedabad,ira.patel816@mail.com,19-04-2020
CUST00941,Riya Singh,30.0,Male, Mumbai,nan,14/07/2023
CUST00942,Myra Joshi,31.0,Female,Mumbai,myra.joshi243@outlook.com,2024/10/08
CUST00943,Ramesh Sharma,42.0,Female,JAIPUR,ramesh.sharma103@gmail.com,00-00-0000
CUST00944,Rohan Rao,29.0,Male,Bhopal,rohan.rao768@yahoo.com,31-01-2025
CUST00945,Riya Reddy,36.0,Female,  Jaipur  ,riya.reddy135@gmail.com,07-03-2024
CUST00946,Aditya Desai,31.0,F,bangalore,aditya.desai473@outlook.com,20/08/2023
CUST00947,Pari Verma,43.0,Female,HYDERABAD,pari.verma38@gmail.com,11 Aug 2019
CUST00948,Ira Chauhan,32.0,Male,Hyderabad,ira.chauhan737@gmail.com,2021/02/07
CUST00949,Manish Menon,30.0,Male,Ahmedabad,manish.menon865@gmail.com,00-00-0000
CUST00950,Karan Patel,30.0,Male,Ahmedabad,karan.patel409@yahoo.com,21/01/2023
CUST00951,Aadhya Tiwari,33.0,Male,chennai,aadhya.tiwari507@mail.com,00-00-0000
CUST00952,Nikhil Sharma,33.0,Male,Jaipur,nikhil.sharma887@outlook.com,03-08-2024
CUST00953,Priya Patel,50.0,Male,Kolkata,priya.patel323@yahoo.com,12-16-2023
CUST00954,Sneha Gupta,28.0,Male,NOIDA,sneha.gupta818@outlook.com,2019/07/31
CUST00955,Reyansh Pandey,22.0,Female,Indore,nan,2021/04/13
CUST00956,Riya Verma,58.0,Female,Bangalore,riya.verma150@gmail.com,12-29-2021
CUST00957,Vihaan Ansari,36.0,Female,  Pune  ,vihaan.ansari168@mail.com,00-00-0000
CUST00958,Kabir Iyer,33.0,Female,Noida,kabir.iyer577@yahoo.com,2020/06/20
CUST00959,Simran Khan,57.0,Male,lucknow,simran.khan748@yahoo.com,25-03-2022
CUST00960,Anika Singh,,Male,,anika.singh119@mail.com,11-30-2023
CUST00961,Kavya Rathore,16.0,Female,Mumbai,kavya.rathore678@mail.com,08-06-2024
CUST00962,Yash Chauhan,28.0,Female,  Mumbai  ,yash.chauhan551@yahoo.com,2020/05/12
CUST00963,Kiara Sharma,28.0,Female,,kiara.sharma704@mail.com,29/04/2019
CUST00964,Nikhil Bansal,39.0,Female,AHMEDABAD,nikhil.bansal356@yahoo.com,29/10/2025
CUST00965,Imran Dubey,26.0,Male,AHMEDABAD,imran.dubey904@yahoo.com,2021/09/07
CUST00966,Pari Saxena,25.0,Male,BHOPAL,pari.saxena65@outlook.com,10-10-2020
CUST00967,Navya Bhatt,34.0,Female,Chandigarh,navya.bhatt759@gmail.com,26/06/2022
CUST00968,Reyansh Iyer,37.0,Other,CHENNAI,reyansh.iyer700@outlook.com,06-03-2025
CUST00969,Simran Malhotra,15.0,Female,Bhopal,simran.malhotra470@yahoo.com,00-00-0000
CUST00970,  Riya Verma  ,39.0,Male, Jaipur,riya.verma303@mail.com,12 Mar 2025
CUST00971,Ganesh Kumar,32.0,Female,Ahmedabad,ganesh.kumar678@gmail.com,30-07-2023
CUST00972,Pooja Yadav,32.0,Male,Chandigarh,POOJA.YADAV375@YAHOO.COM,2020/01/17
CUST00973,  Ramesh Chauhan  ,31.0,M,Delhi,ramesh.chauhan536@mail.com,2021/07/09
CUST00974,Amit Yadav,22.0,Female,Noida,amit.yadav826@outlook.com,04-09-2020
CUST00975,Ayesha Rao,21.0,Female,INDORE,ayesha.rao207@yahoo.com,05-03-2024
CUST00976,Kabir Nair,37.0,M,KOLKATA,kabir.nair561@gmail.com,26-04-2020
CUST00977,  Nikhil Bansal  ,36.0,Male,  Noida  ,nikhil.bansal226@gmail.com,2020/09/22
CUST00978,Pari Kumar,16.0,F,Pune,pari.kumar28@yahoo.com,2024/08/03
CUST00979,Vivaan Sharma,43.0,Female,Noida,vivaan.sharma998@yahoo.com,10-04-2022
CUST00980,Pooja Khan,33.0,male,Chennai,pooja.khan657@gmail.com,15-09-2024
CUST00981,Priya Kumar,-39.0,Male,  Delhi  ,PRIYA.KUMAR296@YAHOO.COM,24-01-2022
CUST00982,Ayesha Sharma,36.0,Male,gurugram,ayesha.sharma509@yahoo.com,2023/08/29
CUST00983,Diya Kapoor,20.0,Male,PUNE,diya.kapoor914@mail.com,30/05/2024
CUST00984,Kabir Shah,29.0,Female,KOLKATA,kabir.shah213@yahoo.com,18-04-2024
CUST00985,Arjun Verma,21.0,Female,CHENNAI,arjun.verma691@gmail.com,00-00-0000
CUST00986,Pooja Dubey,29.0,Male,Faridabad,pooja.dubey25@outlook.com,2024/02/14
CUST00987,Aryan Iyer,33.0,Male,  Bhopal  ,aryan.iyer904@gmail.com,2025/03/07
CUST00988,Sai Iyer,15.0,Male,indore,sai.iyer803@mail.com,2020/08/15
CUST00989,Dhruv Gupta,29.0,Female, Indore,dhruv.gupta31@mail.com,21-04-2023
CUST00990,Manish Ansari,44.0,Male,  Noida  ,manish.ansari301@gmail.com,2021/02/19
CUST00991,Tanvi Sharma,21.0,Female,Noida,tanvi.sharma261@outlook.com,09-21-2025
CUST00992,Myra Kumar,49.0,Male,CHENNAI,myra.kumar677@gmail.com,12-09-2024
CUST00993,Isha Agarwal,32.0,Female,Chandigarh,isha.agarwal392@yahoo.com,13-07-2020
CUST00994,Nikhil Kumar,29.0,Male,Bangalore,nikhil.kumar777@yahoo.com,13-10-2019
CUST00995,Priya Joshi,24.0,Male,Pune,priya.joshi397@mail.com,05 Feb 2022
CUST00996,Ananya Menon,31.0,Male,Delhi,ananya.menon416@mail.com,27-08-2023
CUST00997,Imran Ansari,52.0,Male,chennai,imran.ansari106@outlook.com,24/10/2022
CUST00998,Vihaan Dubey,16.0,Male,Chandigarh,vihaan.dubey803@gmail.com,10-09-2024
CUST00999,Karan Nair,37.0,M,,karan.nair640@gmail.com,2021/12/30
CUST01000,Yash Agarwal,27.0,Male,Kolkata,yash.agarwal958@mail.com,
CUST01001,Imran Ansari,26.0,male, Noida,imran.ansari930@outlook.com,04-03-2022
CUST01002,Kiara Desai,29.0,Male,Jaipur,kiara.desai621@mail.com,07-05-2022
CUST01003,  Ananya Tiwari  ,32.0,Female,Chandigarh,ananya.tiwari182@gmail.com,
CUST01004,Diya Sharma,40.0,Female,  Indore  ,diya.sharma716@outlook.com,03 Jul 2025
CUST01005,Diya Reddy,-20.0,M,BHOPAL,diya.reddy313@outlook.com,28-06-2024
CUST01006,Aditya Mishra,30.0,Male,  Delhi  ,aditya.mishra169@outlook.com,2020/08/31
CUST01007,Ishaan Khan,38.0,Male,Lucknow,ishaan.khan377@outlook.com,04 Jan 2024
CUST01008,Karan Dubey,24.0,Female,noida,karan.dubey65@gmail.com,2025/01/15
CUST01009,Vivaan Ansari,109.0,Male,jaipur,vivaan.ansari219@yahoo.com,06-06-2024
CUST01010,Krishna Gupta,58.0,Male, Delhi,krishna.gupta538@gmail.com,11-14-2022
CUST01011,Amit Ansari,28.0,Male,chandigarh,amit.ansari524@outlook.com,
CUST01012,,29.0,Female,Ahmedabad,user1012676@outlook.com,
CUST01013,Vivaan Desai,32.0,M,chandigarh,vivaan.desai442@mail.com,00-00-0000
CUST01014,Neha Tiwari,36.0,Female,Mumbai,neha.tiwari400@yahoo.com,03-26-2023
CUST01015,Aarav Desai,54.0,Female,  Faridabad  ,aarav.desai875@outlook.com,02-09-2024
CUST01016,Zara Mishra,32.0,Male,PUNE,zara.mishra927@yahoo.com,11-08-2022
CUST01017,Yash Desai,27.0,Male,FARIDABAD,yash.desai770outlook.com,11-02-2021
CUST01018,Myra Nair,41.0,Female,Gurugram,myra.nair965@mail.com,
CUST01019,Dhruv Verma,36.0,Female,INDORE,dhruv.verma926@gmail.com,31 May 2025
CUST01020,Amit Saxena,26.0,Female,Delhi,amit.saxena610@yahoo.com,18 Apr 2023
CUST01021,Tanvi Nair,31.0,F,  Hyderabad  ,tanvi.nair204@mail.com,14 Aug 2021
CUST01022,Ayaan Malhotra,42.0,Female,Ahmedabad,ayaan.malhotra893@gmail.com,10-08-2023
CUST01023,Dhruv Kumar,22.0,Female,Gurugram,dhruv.kumar349@outlook.com,00-00-0000
CUST01024,Navya Bhatt,35.0,Male,  Ahmedabad  ,navya.bhatt558@outlook.com,27-07-2022
CUST01025,Pooja Gupta,,M,INDORE,pooja.gupta499@outlook.com,04-21-2024
CUST01026,Navya Nair,32.0,Female,  Bhopal  ,navya.nair398@yahoo.com,04-11-2023
CUST01027,Kiara Verma,30.0,M,Lucknow,kiara.verma562@outlook.com,01-05-2023
CUST01028,Ananya Tiwari,27.0,F,Jaipur,ananya.tiwari832@mail.com,15/09/2020
CUST01029,Kabir Khan,32.0,Female,Bangalore,kabir.khan238@mail.com,2024/07/21
CUST01030,Rahul Sharma,24.0,F,bhopal,rahul.sharma599@yahoo.com,2019/06/01
CUST01031,Riya Kapoor,103.0,Male,bhopal,riya.kapoor381@mail.com,2020/06/01
CUST01032,Diya Reddy,22.0,female,Lucknow,diya.reddy167@mail.com,19/08/2024
CUST01033,Isha Khan,32.0,Female,Mumbai,isha.khan250@yahoo.com,08-14-2025
CUST01034,Navya Dubey,31.0,Female,Faridabad,navya.dubey784@yahoo.com,2022/09/21
CUST01035,Sai Rao,18.0,F,GURUGRAM,sai.rao430@yahoo.com,16 Feb 2020
CUST01036,Imran Singh,31.0,Male,Pune,imran.singh563@yahoo.com,
CUST01037,Myra Saxena,22.0,Female,mumbai,myra.saxena395@outlook.com,2020/02/13
CUST01038,Ananya Pandey,106.0,Female,Chennai,ananya.pandey189@yahoo.com,24-11-2024
CUST01039,Nikhil Shah,38.0,F,Pune,nikhil.shah170@yahoo.com,15-02-2024
CUST01040,Krishna Menon,25.0,Male,JAIPUR,krishna.menon857@yahoo.com,2019/03/04
CUST01041,Dhruv Pandey,35.0,Male,Pune,dhruv.pandey233@mail.com,13/08/2020
CUST01042,Pooja Kapoor,31.0,Female,Delhi,pooja.kapoor791@gmail.com,08-07-2023
CUST01043,Sandeep Verma,22.0,Female,Gurugram,sandeep.verma978@mail.com,09-24-2020
CUST01044,Pooja Rathore,41.0,Female,hyderabad,pooja.rathore836@outlook.com,2019/11/03
CUST01045,Navya Rathore,33.0,Male,Jaipur,navya.rathore252@yahoo.com,07/04/2024
CUST01046,Rehan Rathore,35.0,Male,Hyderabad,rehan.rathore314@outlook.com,21 Dec 2021
CUST01047,Anika Malhotra,32.0,Female,Faridabad,anika.malhotra924@yahoo.com,2022/10/18
CUST01048,Navya Bhatt,34.0,male,,navya.bhatt423@outlook.com,2025/12/27
CUST01049,Karan Chauhan,41.0,Female,,karan.chauhan350@gmail.com,17 Jun 2023
CUST01050,Suresh Pandey,102.0,Male,,suresh.pandey44@mail.com,25-11-2019
CUST01051,Mohammed Malhotra,22.0,Female,Indore,mohammed.malhotra620@yahoo.com,00-00-0000
CUST01052,Neha Khan,36.0,Female, Gurugram,neha.khan190@gmail.com,25/12/2024
CUST01053,Ganesh Joshi,20.0,Female,Pune,ganesh.joshi598@gmail.com,2023/04/06
CUST01054,Farhan Tiwari,38.0,Female,mumbai,farhan.tiwari802@yahoo.com,21-07-2022
CUST01055,Kavya Yadav,26.0,Female,Lucknow,kavya.yadav529@mail.com,2024/06/21
CUST01056,Ayesha Saxena,44.0,Male,CHANDIGARH,ayesha.saxena435@gmail.com,25 Jan 2025
CUST01057,Ganesh Iyer,36.0,Male,Chandigarh,GANESH.IYER12@GMAIL.COM,28/05/2019
CUST01058,Kiara Patel,36.0,Female,chandigarh,kiara.patel159@yahoo.com,04/12/2025
CUST01059,Ira Sharma,35.0,Male,indore,ira.sharma826@yahoo.com,00-00-0000
CUST01060,Arjun Kapoor,14.0,Female,  Pune  ,arjun.kapoor407@outlook.com,2021/08/19
CUST01061,Kavya Patel,35.0,Male,indore,kavya.patel350@outlook.com,00-00-0000
CUST01062,Shreya Nair,101.0,Male,Mumbai,shreya.nair262@outlook.com,20-07-2021
CUST01063,Ishaan Dubey,22.0,Male,Noida,ishaan.dubey398@outlook.com,06 Jan 2020
CUST01064,Kavya Chopra,44.0,Female,DELHI,kavya.chopra219@outlook.com,13/11/2023
CUST01065,Priya Agarwal,35.0,Female,jaipur,priya.agarwal217@mail.com,08/02/2020
CUST01066,Ira Tiwari,36.0,Male,Lucknow,ira.tiwari921@gmail.com,16-02-2020
CUST01067,Ayaan Chopra,37.0,Female,hyderabad,ayaan.chopra852@yahoo.com,23 Dec 2023
CUST01068,Sneha Chauhan,6.0,Female,Chennai,sneha.chauhan500@yahoo.com,12-11-2020
CUST01069,Pari Dubey,51.0,Female,Noida,pari.dubey923@gmail.com,05-11-2022
CUST01070,Pooja Singh,44.0,Male,Lucknow,pooja.singh531@outlook.com,00-00-0000
CUST01071,Yash Mishra,21.0,Female,Kolkata,yash.mishra359@mail.com,
CUST01072,Tanvi Dubey,40.0,Male,lucknow,tanvi.dubey34@yahoo.com,08-21-2022
CUST01073,Kavya Agarwal,29.0,nan,Delhi,kavya.agarwal782@gmail.com,18-08-2019
CUST01074,Sneha Khan,6.0,Female,BHOPAL,sneha.khan989@yahoo.com,2022/04/16
CUST01075,Rahul Kapoor,37.0,Female,Chandigarh,rahul.kapoor925@gmail.com,08/01/2023
CUST01076,Rehan Shah,14.0,F,Hyderabad,rehan.shah793@gmail.com,16/03/2023
CUST01077,  Isha Ansari  ,28.0,Male, Lucknow,isha.ansari711@gmail.com,
CUST01078,Priya Nair,33.0,Male,FARIDABAD,priya.nair687@mail.com,08-19-2020
CUST01079,Suresh Saxena,31.0,Female,Hyderabad,suresh.saxena145@yahoo.com,27/09/2021
CUST01080,Imran Iyer,14.0,Male,  Lucknow  ,imran.iyer547@outlook.com,15/12/2024
CUST01081,  Ishaan Joshi  ,30.0,Female,Chandigarh,ishaan.joshi195@outlook.com,08-15-2023
CUST01082,Suresh Kapoor,45.0,Male,Faridabad,suresh.kapoor162@mail.com,07-05-2025
CUST01083,Tanvi Bansal,36.0,Female,Chandigarh,tanvi.bansal970@gmail.com,07-01-2021
CUST01084,Aarav Chauhan,42.0,Male,Kolkata,aarav.chauhan627@outlook.com,27-11-2020
CUST01085,Tanvi Iyer,16.0,Female,Pune,tanvi.iyer112@yahoo.com,18-12-2020
CUST01086,Simran Tiwari,11.0,Female,Faridabad,simran.tiwari300@outlook.com,20 Nov 2019
CUST01087,Simran Iyer,33.0,M,Kolkata,SIMRAN.IYER926@MAIL.COM,2025/11/01
CUST01088,Farhan Menon,52.0,Female,  Faridabad  ,farhan.menon192@mail.com,2023/04/16
CUST01089,Riya Tiwari,31.0,Other,NOIDA,riya.tiwari473@mail.com,2025/12/13
CUST01090,Ananya Rao,30.0,Female,Ahmedabad,ananya.rao118@yahoo.com,2021/09/13
CUST01091,Aditya Yadav,-30.0,Male,Mumbai,nan,2024/07/31
CUST01092,Arjun Rao,15.0,F,Gurugram,arjun.rao805@mail.com,2025/07/16
CUST01093,Vihaan Bhatt,41.0,Female,Chennai,vihaan.bhatt328@yahoo.com,2020/08/09
CUST01094,Vihaan Reddy,47.0,Female,Lucknow,vihaan.reddy807@yahoo.com,08-09-2021
CUST01095,Tanvi Shah,34.0,Male,LUCKNOW,tanvi.shah152@outlook.com,2024/03/03
CUST01096,Aarav Bansal,39.0,Female,JAIPUR,aarav.bansal266@gmail.com,06-11-2021
CUST01097,Sai Singh,37.0,nan,ahmedabad,sai.singh357@mail.com,26-02-2024
CUST01098,Saanvi Gupta,37.0,Male,Mumbai,saanvi.gupta307@gmail.com,11-11-2021
CUST01099,Sneha Pandey,32.0,Male, Pune,sneha.pandey817@mail.com,08-02-2019
CUST01100,Tanvi Sharma,40.0,Male,Mumbai,nan,20-03-2024
CUST01101,Anika Saxena,42.0,Female,GURUGRAM,anika.saxena347@mail.com,24/03/2022
CUST01102,Navya Bansal,48.0,M,chandigarh,navya.bansal283@mail.com,02-16-2025
CUST01103,Aditya Gupta,29.0,Female,Faridabad,aditya.gupta423@outlook.com,10-09-2020
CUST01104,Kabir Bhatt,23.0,Other,  Faridabad  ,kabir.bhatt860@gmail.com,30-10-2019
CUST01105,Zara Joshi,22.0,Male,  Bangalore  ,zara.joshi562@yahoo.com,2023/12/15
CUST01106,Dhruv Khan,34.0,Female,  Bhopal  ,dhruv.khan892@yahoo.com,16 Nov 2022
CUST01107,Vivaan Singh,22.0,Female,Indore,vivaan.singh849@yahoo.com,03-08-2025
CUST01108,  Ayesha Rathore  ,35.0,Other,Mumbai,ayesha.rathore101@gmail.com,2022/05/10
CUST01109,Farhan Pandey,19.0,M,Chandigarh,farhan.pandey992@mail.com,2023/10/04
CUST01110,Pari Ansari,31.0,Male,BHOPAL,pari.ansari453@mail.com,10-21-2021
CUST01111,Krishna Kapoor,32.0,Male,Chandigarh,krishna.kapoor344@mail.com,15/02/2024
CUST01112,Sai Yadav,30.0,male,Bhopal,sai.yadav711@gmail.com,2022/05/22
CUST01113,  Rohan Kapoor  ,36.0,Other,faridabad,rohan.kapoor909@mail.com,26-03-2021
CUST01114,Ayesha Joshi,19.0,Male,Chennai,ayesha.joshi798@yahoo.com,25-04-2023
CUST01115,Zara Gupta,36.0,Male,pune,zara.gupta390@yahoo.com,
CUST01116,Pooja Verma,15.0,F,Lucknow,pooja.verma36@mail.com,12/03/2020
CUST01117,Rohan Verma,30.0,Male,Kolkata,rohan.verma235@gmail.com,29-08-2021
CUST01118,Karan Agarwal,31.0,Male,Jaipur,karan.agarwal43@yahoo.com,12/04/2023
CUST01119,Diya Dubey,26.0,Male,  Lucknow  ,diya.dubey954@yahoo.com,31/05/2025
CUST01120,Ayesha Khan,56.0,Female,Chennai,ayesha.khan218@yahoo.com,10/01/2023
CUST01121,Zara Menon,29.0,Female,GURUGRAM,zara.menon574@gmail.com,12/06/2025
CUST01122,Ganesh Joshi,42.0,Female,faridabad,ganesh.joshi883@mail.com,26/04/2022
CUST01123,Vivaan Pandey,12.0,M,Lucknow,vivaan.pandey876@yahoo.com,24-04-2022
CUST01124,Kabir Saxena,53.0,Male,chennai,kabir.saxena198@gmail.com,31-03-2019
CUST01125,  Suresh Kapoor  ,46.0,Female,BANGALORE,suresh.kapoor977@outlook.com,10-06-2023
CUST01126,Krishna Tiwari,24.0,Male,Faridabad,krishna.tiwari165@mail.com,29/01/2022
CUST01127,Tanvi Dubey,35.0,Male,Mumbai,tanvi.dubey699@gmail.com,03-02-2019
CUST01128,Kabir Mishra,24.0,M,Jaipur,kabir.mishra364@mail.com,07-05-2025
CUST01129,Navya Tiwari,20.0,Male,ahmedabad,navya.tiwari310@outlook.com,20 Jul 2019
CUST01130,  Myra Agarwal  ,-19.0,Male,Delhi,myra.agarwal898@gmail.com,19-10-2025
CUST01131,Ramesh Ansari,37.0,Female,Jaipur,ramesh.ansari91@gmail.com,27-07-2024
CUST01132,Pari Nair,45.0,Female,Hyderabad,pari.nair896@mail.com,18 Mar 2022
CUST01133,Yash Kapoor,,Male,Delhi,yash.kapoor109@yahoo.com,31 Jul 2021
CUST01134,Pooja Singh,43.0,Male,Delhi,pooja.singh853@yahoo.com,22-10-2025
CUST01135,Nikhil Chauhan,31.0,M,bhopal,nikhil.chauhan139@yahoo.com,
CUST01136,Sneha Bansal,46.0,Male,Mumbai,sneha.bansal10outlook.com,06-16-2021
CUST01137,Shreya Menon,34.0,F,faridabad,shreya.menon802@yahoo.com,
CUST01138,Amit Khan,42.0,Female, Lucknow,amit.khan372@yahoo.com,18/12/2025
CUST01139,Reyansh Bhatt,16.0,Female,Ahmedabad,reyansh.bhatt673@gmail.com,23-10-2021
CUST01140,Aditya Patel,24.0,M,Indore,aditya.patel140@yahoo.com,14-07-2020
CUST01141,Pooja Nair,15.0,Male,  Mumbai  ,POOJA.NAIR607@YAHOO.COM,00-00-0000
CUST01142,Farhan Chopra,17.0,Female, Chennai,farhan.chopra955@mail.com,00-00-0000
CUST01143,Krishna Rao,20.0,Male,faridabad,krishna.rao127@outlook.com,19/06/2022
CUST01144,Priya Gupta,31.0,Female,kolkata,priya.gupta509@gmail.com,
CUST01145,Suresh Bhatt,35.0,Female,gurugram,suresh.bhatt850@mail.com,05-17-2019
CUST01146,Ramesh Iyer,39.0,Female,Pune,ramesh.iyer575@gmail.com,01-07-2025
CUST01147,Aditya Iyer,45.0,Male,INDORE,aditya.iyer813@mail.com,03/02/2023
CUST01148,Pari Joshi,24.0,Male,AHMEDABAD,pari.joshi693@gmail.com,2020/06/22
CUST01149,Neha Joshi,31.0,Male,BANGALORE,neha.joshi64@outlook.com,05-01-2020
CUST01150,Neha Mishra,23.0,Male,CHENNAI,neha.mishra564gmail.com,04-23-2022
CUST01151,Dhruv Saxena,44.0,Male,LUCKNOW,dhruv.saxena740@outlook.com,31/08/2022
CUST01152,Diya Kapoor,32.0,Female,kolkata,diya.kapoor141yahoo.com,2023/08/29
CUST01153,Saanvi Chopra,31.0,Female,Delhi,saanvi.chopra819yahoo.com,20-12-2020
CUST01154,Priya Yadav,25.0,Male,Gurugram,priya.yadav571@mail.com,2021/04/02
CUST01155,Rohan Chauhan,34.0,Male,Pune,rohan.chauhan746gmail.com,25 Jun 2020
CUST01156,Kabir Singh,20.0,Male,Chandigarh,kabir.singh438@outlook.com,18-01-2025
CUST01157,Simran Iyer,37.0,Male,Lucknow,simran.iyer571yahoo.com,2023/02/07
CUST01158,Ramesh Desai,24.0,Female,,ramesh.desai133@mail.com,
CUST01159,Dhruv Pandey,20.0,Male,Jaipur,dhruv.pandey693@mail.com,17-08-2024
CUST01160,Amit Verma,30.0,Female,Ahmedabad,nan,2022/01/21
CUST01161,Shreya Kumar,27.0,Male,Jaipur,shreya.kumar462@outlook.com,2020/11/04
CUST01162,Ananya Sharma,145.0,Female,Chandigarh,ananya.sharma234@mail.com,2021/11/18
CUST01163,Navya Sharma,117.0,Female,Bhopal,navya.sharma380@mail.com,27-05-2024
CUST01164,Rehan Menon,-22.0,Female, Chandigarh,rehan.menon565@mail.com,23 Apr 2022
CUST01165,Isha Gupta,34.0,Male,Delhi,ISHA.GUPTA328@YAHOO.COM,19/10/2022
CUST01166,Isha Joshi,18.0,Female,KOLKATA,isha.joshi58@yahoo.com,04-16-2020
CUST01167,Aditya Sharma,31.0,Female,DELHI,aditya.sharma428@gmail.com,02-04-2024
CUST01168,Karan Sharma,30.0,F,Bhopal,karan.sharma121@outlook.com,2019/11/05
CUST01169,Dhruv Bhatt,33.0,Male,mumbai,dhruv.bhatt914@mail.com,
CUST01170,Arjun Saxena,29.0,Male,Chandigarh,arjun.saxena320@outlook.com,13-07-2021
CUST01171,Isha Khan,31.0,Other,bangalore,isha.khan179@yahoo.com,2023/06/16
CUST01172,Aadhya Saxena,32.0,Female,Noida,aadhya.saxena863@yahoo.com,
CUST01173,Kabir Verma,122.0,Female,Faridabad,kabir.verma78@mail.com,2023/02/07
CUST01174,Ananya Kumar,,F,Bangalore,ananya.kumar576@outlook.com,05-01-2020
CUST01175,Saanvi Saxena,30.0,Female,faridabad,saanvi.saxena611@gmail.com,00-00-0000
CUST01176,Dhruv Bansal,50.0,Other,pune,dhruv.bansal558@gmail.com,27/02/2019
CUST01177,Priya Gupta,31.0,female,FARIDABAD,priya.gupta240@outlook.com,19-12-2021
CUST01178,Ayesha Kumar,40.0,Male,Pune,ayesha.kumar597@outlook.com,06/01/2025
CUST01179,Suresh Joshi,25.0,Female,ahmedabad,suresh.joshi815@outlook.com,2020/05/21
CUST01180,Priya Bansal,-34.0,Female,kolkata,priya.bansal994@yahoo.com,
CUST01181,Suresh Patel,32.0,Male,  Bhopal  ,suresh.patel549@mail.com,2023/02/18
CUST01182,Isha Joshi,18.0,Female,  Indore  ,isha.joshi464@outlook.com,2021/12/09
CUST01183,Tanvi Desai,39.0,Female,Bhopal,tanvi.desai728@outlook.com,2025/07/22
CUST01184,Vivaan Khan,26.0,Female,Bangalore,vivaan.khan320@gmail.com,10-04-2023
CUST01185,Vihaan Desai,25.0,Male,MUMBAI,vihaan.desai26@yahoo.com,
CUST01186,Vivaan Yadav,38.0,female, Indore,vivaan.yadav693@gmail.com,19-03-2020
CUST01187,Sandeep Bansal,35.0,F,BANGALORE,sandeep.bansal35@gmail.com,00-00-0000
CUST01188,Ishaan Chauhan,33.0,M,  Bangalore  ,ishaan.chauhan300@yahoo.com,2024/04/15
CUST01189,Vivaan Agarwal,44.0,Female,  Hyderabad  ,vivaan.agarwal757@mail.com,13-04-2019
CUST01190,Ganesh Gupta,44.0,Female,Lucknow,ganesh.gupta455@gmail.com,
CUST01191,Farhan Desai,28.0,Other,bangalore,farhan.desai966@mail.com,2025/04/18
CUST01192,Aryan Gupta,36.0,F, Delhi,aryan.gupta739@mail.com,09-05-2022
CUST01193,Vivaan Desai,24.0,Female,Gurugram,vivaan.desai136@yahoo.com,2025/11/03
CUST01194,Myra Pandey,50.0,Male,FARIDABAD,myra.pandey634@mail.com,25-06-2021
CUST01195,Pari Joshi,26.0,Female,Faridabad,pari.joshi545@yahoo.com,
CUST01196,Manish Bhatt,29.0,female,Lucknow,manish.bhatt97@gmail.com,03-16-2024
CUST01197,,33.0,Male,Indore,user1197759@outlook.com,22-05-2022
CUST01198,Vivaan Yadav,15.0,M,INDORE,vivaan.yadav958@mail.com,31-07-2023
CUST01199,Dhruv Ansari,60.0,Male,NOIDA,dhruv.ansari628outlook.com,22 Apr 2020
CUST01200,Ganesh Menon,22.0,Female,  Chennai  ,ganesh.menon647@yahoo.com,2020/07/26
CUST01201,Simran Chopra,46.0,Female,Mumbai,simran.chopra413@gmail.com,
CUST01202,Pari Mishra,38.0,Female,Bhopal,pari.mishra87@yahoo.com,02/06/2019
CUST01203,Kabir Mishra,21.0,Male,Mumbai,kabir.mishra259@mail.com,2022/05/31
CUST01204,Tanvi Rathore,7.0,Male,Mumbai,tanvi.rathore220@yahoo.com,
CUST01205,  Krishna Menon  ,27.0,Female,Hyderabad,krishna.menon341@outlook.com,00-00-0000
CUST01206,Rohan Pandey,29.0,Male,Ahmedabad,rohan.pandey971@outlook.com,03 Feb 2020
CUST01207,Anika Kumar,21.0,Male,  Mumbai  ,anika.kumar459@outlook.com,2021/08/19
CUST01208,Sandeep Khan,18.0,Female,Noida,sandeep.khan620@mail.com,10 Jan 2025
CUST01209,Reyansh Rao,38.0,Male,Mumbai,reyansh.rao759@yahoo.com,2020/07/09
CUST01210,Anika Nair,55.0,Female,CHANDIGARH,anika.nair359@gmail.com,11-05-2023
CUST01211,Yash Saxena,26.0,F,  Bhopal  ,yash.saxena484@outlook.com,02 Feb 2024
CUST01212,Rehan Desai,48.0,Female,hyderabad,rehan.desai835@gmail.com,28/02/2023
CUST01213,Simran Bhatt,32.0,Male,Gurugram,simran.bhatt759@outlook.com,2025/01/21
CUST01214,Amit Khan,30.0,Female,  Gurugram  ,amit.khan88@mail.com,13-09-2023
CUST01215,Kabir Ansari,44.0,Male,Jaipur,kabir.ansari549@yahoo.com,02/08/2025
CUST01216,Aryan Kumar,36.0,Female,bhopal,aryan.kumar805@outlook.com,24-09-2020
CUST01217,Kiara Kumar,16.0,Female,Mumbai,kiara.kumar663@gmail.com,2023/08/27
CUST01218,Mohammed Pandey,17.0,Other,Jaipur,mohammed.pandey49@gmail.com,00-00-0000
CUST01219,Tanvi Menon,13.0,Male,bhopal,tanvi.menon482@outlook.com,27/06/2024
CUST01220,Kabir Kapoor,,Female,  Bhopal  ,kabir.kapoor977@outlook.com,26/11/2025
CUST01221,Arjun Kumar,40.0,Male,  Mumbai  ,arjun.kumar906@mail.com,30-07-2023
CUST01222,,38.0,nan,Gurugram,user1222802@mail.com,2022/02/19
CUST01223,Ayesha Mishra,26.0,Male,FARIDABAD,ayesha.mishra238@mail.com,
CUST01224,  Neha Patel  ,48.0,Male,Chennai,neha.patel737@mail.com,26/02/2023
CUST01225,Aditya Agarwal,-27.0,Male,,aditya.agarwal541@outlook.com,08-06-2021
CUST01226,Aarav Shah,42.0,Female,  Bangalore  ,aarav.shah111@outlook.com,2023/12/22
CUST01227,Priya Bansal,26.0,Female,Noida,priya.bansal88@outlook.com,2023/12/27
CUST01228,Rohan Singh,29.0,Female,Mumbai,rohan.singh240@mail.com,25-08-2021
CUST01229,Aryan Menon,15.0,Male,  Bangalore  ,aryan.menon609@gmail.com,
CUST01230,Saanvi Verma,28.0,M, Chennai,saanvi.verma591@gmail.com,00-00-0000
CUST01231,Shreya Menon,28.0,Female,Ahmedabad,shreya.menon643@mail.com,02-13-2023
CUST01232,Aadhya Khan,30.0,Female,  Mumbai  ,aadhya.khan676@mail.com,00-00-0000
CUST01233,Ganesh Yadav,48.0,Male,Lucknow,ganesh.yadav942@mail.com,09/01/2023
CUST01234,Zara Desai,24.0,Female,Chandigarh,zara.desai566@outlook.com,06/09/2019
CUST01235,Myra Shah,28.0,Female,BANGALORE,myra.shah320@gmail.com,19/06/2023
CUST01236,Ganesh Khan,26.0,M,Pune,ganesh.khan609outlook.com,04 Feb 2022
CUST01237,Priya Shah,38.0,Male,Delhi,priya.shah37@yahoo.com,16/02/2021
CUST01238,Farhan Patel,39.0,Male,NOIDA,farhan.patel724yahoo.com,15/05/2020
CUST01239,Rohan Iyer,54.0,M,Ahmedabad,rohan.iyer160@outlook.com,06/02/2024
CUST01240,  Rahul Iyer  ,-34.0,Female,indore,rahul.iyer504@gmail.com,11 Jan 2020
CUST01241,Pari Kapoor,24.0,Male,Ahmedabad,pari.kapoor656@outlook.com,18-05-2021
CUST01242,Aryan Menon,39.0,Male,,aryan.menon776@mail.com,00-00-0000
CUST01243,Neha Gupta,15.0,Female,Chandigarh,neha.gupta944@yahoo.com,29-03-2019
CUST01244,Ramesh Khan,49.0,Male,Chandigarh,ramesh.khan590@outlook.com,27-07-2019
CUST01245,Dhruv Tiwari,43.0,Female,Faridabad,nan,09-28-2022
CUST01246,Ira Rathore,42.0,Female, Jaipur,ira.rathore373@mail.com,24-09-2021
CUST01247,  Simran Rathore  ,34.0,Female,Bangalore,simran.rathore700@yahoo.com,30-05-2020
CUST01248,Shreya Bhatt,29.0,Female,GURUGRAM,shreya.bhatt850@gmail.com,
CUST01249,Kiara Patel,32.0,Other,Bhopal,kiara.patel419@outlook.com,20-04-2021
CUST01250,Isha Kapoor,27.0,Female,  Mumbai  ,isha.kapoor732@outlook.com,09/10/2019
CUST01251,Aarav Chopra,52.0,F,Bhopal,aarav.chopra228@gmail.com,20-03-2025
CUST01252,Ananya Patel,38.0,Male,Faridabad,ananya.patel665@mail.com,28/04/2021
CUST01253,Aarav Shah,31.0,Male,Hyderabad,aarav.shah28@outlook.com,29-07-2025
CUST01254,Ayesha Kumar,41.0,Female,Jaipur,ayesha.kumar358@yahoo.com,03-06-2021
CUST01255,Aditya Bansal,45.0,Female,Delhi,aditya.bansal453@mail.com,12-08-2021
CUST01256,Sneha Kumar,26.0,,Bhopal,sneha.kumar95@mail.com,07-09-2022
CUST01257,Aarav Tiwari,44.0,Female,Faridabad,aarav.tiwari72@mail.com,00-00-0000
CUST01258,Diya Reddy,34.0,Male, Pune,diya.reddy278@mail.com,07 Sep 2025
CUST01259,Vihaan Verma,28.0,Female,hyderabad,vihaan.verma559@outlook.com,00-00-0000
CUST01260,Reyansh Bansal,52.0,male,Hyderabad,reyansh.bansal281@mail.com,02-09-2022
CUST01261,  Ganesh Saxena  ,43.0,Female,noida,GANESH.SAXENA583@YAHOO.COM,15/08/2020
CUST01262,Ramesh Agarwal,15.0,Female,  Kolkata  ,ramesh.agarwal172@mail.com,
CUST01263,Mohammed Singh,34.0,M,Indore,mohammed.singh50@mail.com,21 Jan 2025
CUST01264,Kavya Verma,45.0,nan,Kolkata,kavya.verma4@mail.com,10-23-2021
CUST01265,Sneha Tiwari,42.0,Male,MUMBAI,sneha.tiwari731@yahoo.com,15-12-2020
CUST01266,Riya Chauhan,35.0,Male,Kolkata,riya.chauhan811@yahoo.com,26-03-2020
CUST01267,Yash Kumar,34.0,Female,  Jaipur  ,yash.kumar245@gmail.com,16/04/2019
CUST01268,Farhan Rao,29.0,Female,Bangalore,farhan.rao965@mail.com,06-23-2020
CUST01269,Sneha Nair,48.0,Male,delhi,sneha.nair713@gmail.com,02/03/2019
CUST01270,Navya Menon,44.0,Female,,navya.menon209@gmail.com,07-01-2023
CUST01271,Arjun Desai,37.0,Female,Bangalore,arjun.desai867@gmail.com,2021/09/01
CUST01272,Kavya Kapoor,22.0,Female,,kavya.kapoor229@yahoo.com,08/08/2025
CUST01273,Rohan Sharma,33.0,Male,BHOPAL,rohan.sharma337@yahoo.com,19-08-2022
CUST01274,Nikhil Sharma,40.0,Male,Indore,nikhil.sharma719@gmail.com,2019/03/06
CUST01275,Karan Menon,28.0,M,  Noida  ,karan.menon910@yahoo.com,14/12/2020
CUST01276,Ayesha Chauhan,31.0,Male,,ayesha.chauhan233@outlook.com,22-12-2021
CUST01277,Simran Reddy,31.0,Male,,simran.reddy220@yahoo.com,08-03-2019
CUST01278,Imran Kapoor,,Male,Chandigarh,imran.kapoor438gmail.com,06-03-2020
CUST01279,Dhruv Menon,53.0,M,Jaipur,dhruv.menon403@gmail.com,21/09/2023
CUST01280,Sai Verma,24.0,Female, Noida,sai.verma496@mail.com,24/11/2024
CUST01281,Nikhil Sharma,25.0,Female,Ahmedabad,nikhil.sharma744@mail.com,2020/04/10
CUST01282,  Neha Rao  ,-34.0,Other,Ahmedabad,neha.rao106@gmail.com,2019/09/18
CUST01283,Aadhya Verma,17.0,Male,lucknow,aadhya.verma28@yahoo.com,04/05/2024
CUST01284,Saanvi Verma,33.0,F,MUMBAI,saanvi.verma482@outlook.com,11-01-2024
CUST01285,Rahul Rathore,17.0,M,BANGALORE,rahul.rathore653@outlook.com,22 Jan 2023
CUST01286,Pooja Chopra,,F,chandigarh,pooja.chopra61@mail.com,03/10/2024
CUST01287,Isha Patel,28.0,Male,  Mumbai  ,isha.patel346@gmail.com,2025/08/28
CUST01288,Krishna Shah,35.0,Female,JAIPUR,krishna.shah402@gmail.com,22-03-2020
CUST01289,Priya Pandey,41.0,Male,Jaipur,priya.pandey258@gmail.com,2024/01/26
CUST01290,Kavya Khan,41.0,Female,Faridabad,kavya.khan92@yahoo.com,08-25-2024
CUST01291,,28.0,M, Chennai,user1291795@mail.com,2021/06/26
CUST01292,Isha Agarwal,47.0,Male,Lucknow,isha.agarwal536@gmail.com,2025/11/24
CUST01293,Krishna Mishra,26.0,Male,  Lucknow  ,KRISHNA.MISHRA472@GMAIL.COM,00-00-0000
CUST01294,Farhan Agarwal,27.0,Male,delhi,farhan.agarwal743@gmail.com,2024/11/05
CUST01295,Reyansh Yadav,,Female,hyderabad,reyansh.yadav409@mail.com,20-05-2022
CUST01296,Saanvi Desai,43.0,Male,Bhopal,SAANVI.DESAI190@YAHOO.COM,20-02-2024
CUST01297,Suresh Agarwal,26.0,Other,AHMEDABAD,nan,08-05-2019
CUST01298,Anika Menon,35.0,Male,lucknow,anika.menon611@outlook.com,07/09/2019
CUST01299,Neha Chopra,27.0,F,Hyderabad,neha.chopra998@yahoo.com,15 May 2024
CUST01300,Ayaan Agarwal,30.0,Male, Faridabad,ayaan.agarwal59@gmail.com,04-07-2023
CUST01301,Yash Rathore,45.0,Male,JAIPUR,yash.rathore201@yahoo.com,2023/10/13
CUST01302,Rohan Khan,26.0,Female,  Ahmedabad  ,rohan.khan182@outlook.com,03-18-2020
CUST01303,Ishaan Dubey,29.0,Male,,ishaan.dubey800@yahoo.com,07-01-2024
CUST01304,Aarav Tiwari,35.0,male,,aarav.tiwari61@mail.com,12-22-2023
CUST01305,Reyansh Mishra,21.0,Female,Kolkata,reyansh.mishra673@mail.com,29/10/2019
CUST01306,Kabir Yadav,33.0,, Delhi,kabir.yadav391@gmail.com,27-11-2019
CUST01307,Amit Dubey,18.0,Female,Chandigarh,amit.dubey167@gmail.com,12/08/2022
CUST01308,Neha Joshi,16.0,Female,  Jaipur  ,neha.joshi982gmail.com,10-27-2025
CUST01309,Neha Menon,20.0,Female,Indore,neha.menon533@outlook.com,30 Aug 2020
CUST01310,Arjun Reddy,10.0,Male,Bangalore,arjun.reddy973@yahoo.com,27 Sep 2019
CUST01311,Manish Yadav,43.0,F,  Mumbai  ,manish.yadav125@mail.com,31 May 2020
CUST01312,Neha Chopra,37.0,M, Lucknow,neha.chopra475@mail.com,31-01-2022
CUST01313,Ira Bhatt,47.0,M,ahmedabad,ira.bhatt11@outlook.com,25/07/2025
CUST01314,Vihaan Kumar,32.0,Female,JAIPUR,vihaan.kumar719@outlook.com,24/02/2025
CUST01315,Shreya Agarwal,18.0,Male,kolkata,shreya.agarwal138@yahoo.com,08-24-2022
CUST01316,Saanvi Gupta,-20.0,F,bhopal,saanvi.gupta598@gmail.com,00-00-0000
CUST01317,Kavya Bansal,49.0,Male,Indore,kavya.bansal532@yahoo.com,12-09-2025
CUST01318,Sneha Menon,38.0,Female,gurugram,sneha.menon962@yahoo.com,13-12-2024
CUST01319,Suresh Yadav,138.0,Female,Pune,suresh.yadav753@gmail.com,
CUST01320,Isha Gupta,29.0,F,Ahmedabad,isha.gupta174@mail.com,2024/02/02
CUST01321,Manish Dubey,29.0,Male,GURUGRAM,manish.dubey494@outlook.com,09-01-2024
CUST01322,  Manish Mishra  ,26.0,Male,Bangalore,manish.mishra756@mail.com,2025/10/15
CUST01323,Priya Ansari,21.0,F,Kolkata,priya.ansari394@mail.com,10-29-2023
CUST01324,Simran Reddy,22.0,M,Chennai,simran.reddy368@mail.com,
CUST01325,Diya Rao,29.0,Female,FARIDABAD,diya.rao862@outlook.com,13-04-2020
CUST01326,Sneha Mishra,17.0,female,  Mumbai  ,sneha.mishra630@mail.com,2025/03/08
CUST01327,Aryan Singh,54.0,Female,  Ahmedabad  ,aryan.singh917@mail.com,30 May 2021
CUST01328,Navya Chopra,35.0,Female,hyderabad,navya.chopra482@gmail.com,2023/10/28
CUST01329,Imran Sharma,10.0,Female,Kolkata,imran.sharma271@yahoo.com,01-24-2024
CUST01330,Arjun Rao,-15.0,Male,JAIPUR,arjun.rao551@mail.com,24/07/2021
CUST01331,Ganesh Sharma,48.0,F,Ahmedabad,ganesh.sharma263@gmail.com,2023/08/22
CUST01332,Sandeep Kumar,40.0,male,Gurugram,sandeep.kumar777@gmail.com,00-00-0000
CUST01333,Myra Chopra,31.0,Male,Faridabad,myra.chopra230@gmail.com,01/02/2024
CUST01334,Saanvi Rao,34.0,Other,Bangalore,saanvi.rao408@outlook.com,22-06-2023
CUST01335,Aryan Verma,50.0,Female,Delhi,aryan.verma217@outlook.com,
CUST01336,,39.0,Male,Jaipur,user1336436@yahoo.com,2020/01/25
CUST01337,Ishaan Khan,36.0,M,BHOPAL,ishaan.khan717@outlook.com,2022/07/04
CUST01338,Amit Gupta,40.0,Female,,amit.gupta580@mail.com,15 Oct 2023
CUST01339,Aarav Tiwari,,Male,Gurugram,aarav.tiwari446@gmail.com,07-04-2022
CUST01340,Saanvi Sharma,47.0,F,NOIDA,saanvi.sharma97@yahoo.com,2021/11/10
CUST01341,Ayaan Verma,19.0,Male,  Faridabad  ,ayaan.verma14@mail.com,14-03-2023
CUST01342,Rehan Verma,14.0,Male,  Bangalore  ,rehan.verma977@outlook.com,17-09-2020
CUST01343,Kiara Bhatt,110.0,Male,Faridabad,kiara.bhatt469@outlook.com,26/04/2024
CUST01344,Pooja Desai,40.0,Male,Bhopal,pooja.desai783@outlook.com,02-10-2019
CUST01345,Nikhil Bansal,26.0,Male,Bangalore,nikhil.bansal646@mail.com,2020/01/09
CUST01346,Dhruv Malhotra,25.0,,  Bangalore  ,dhruv.malhotra144@yahoo.com,16/12/2019
CUST01347,Yash Tiwari,23.0,Female, Bangalore,yash.tiwari994@gmail.com,2020/01/17
CUST01348,Sai Iyer,50.0,Other,Mumbai,sai.iyer196@yahoo.com,04/11/2023
CUST01349,Rohan Tiwari,29.0,Female,faridabad,nan,2020/01/31
CUST01350,Ramesh Bhatt,44.0,Female,Delhi,ramesh.bhatt74@yahoo.com,07/03/2023
CUST01351,Vivaan Iyer,44.0,Female,Delhi,vivaan.iyer367@outlook.com,16-06-2020
CUST01352,Kiara Tiwari,37.0,Female,,kiara.tiwari410@gmail.com,28-03-2025
CUST01353,Dhruv Singh,39.0,female,KOLKATA,dhruv.singh521@gmail.com,
CUST01354,  Sneha Desai  ,23.0,Male,PUNE,sneha.desai69@outlook.com,30-07-2025
CUST01355,Priya Khan,16.0,F,Gurugram,priya.khan351@mail.com,2025/04/19
CUST01356,Diya Bhatt,30.0,Female,FARIDABAD,diya.bhatt705@mail.com,
CUST01357,  Sai Sharma  ,33.0,F,Chennai,sai.sharma30@gmail.com,00-00-0000
CUST01358,Sneha Shah,33.0,M,Indore,sneha.shah848@mail.com,15-05-2020
CUST01359,Aditya Ansari,24.0,Male,  Pune  ,aditya.ansari428@outlook.com,10 Aug 2023
CUST01360,Nikhil Chauhan,25.0,Male,  Indore  ,nikhil.chauhan445@mail.com,19-12-2022
CUST01361,Rahul Gupta,19.0,Female,Pune,rahul.gupta239@outlook.com,09-29-2023
CUST01362,Riya Reddy,28.0,Female,kolkata,nan,2019/07/30
CUST01363,Rehan Gupta,28.0,Female,FARIDABAD,rehan.gupta30@outlook.com,2022/03/24
CUST01364,Simran Chopra,32.0,Female,Pune,simran.chopra712@outlook.com,25-09-2025
CUST01365,Rahul Kumar,29.0,Male,Indore,rahul.kumar167@gmail.com,2022/07/03
CUST01366,Simran Gupta,38.0,Female,Bhopal,simran.gupta540@mail.com,2022/12/11
CUST01367,Reyansh Mishra,39.0,Female,faridabad,reyansh.mishra291@mail.com,29/02/2020
CUST01368,  Nikhil Nair  ,48.0,Female,Bhopal,nikhil.nair761@mail.com,06-25-2025
CUST01369,Sneha Reddy,39.0,nan, Chandigarh,sneha.reddy153gmail.com,09-09-2024
CUST01370,Arjun Menon,9.0,Male,KOLKATA,arjun.menon402@mail.com,21-05-2021
CUST01371,Mohammed Desai,34.0,Female, Chennai,mohammed.desai685@gmail.com,25-09-2020
CUST01372,Navya Nair,39.0,Male,  Lucknow  ,navya.nair888@gmail.com,29 May 2024
CUST01373,Farhan Mishra,35.0,Other,Delhi,farhan.mishra582@outlook.com,2021/07/07
CUST01374,Vihaan Singh,28.0,Female,Lucknow,vihaan.singh915@mail.com,19 Mar 2020
CUST01375,Kabir Gupta,26.0,Male,delhi,kabir.gupta500@yahoo.com,
CUST01376,Kiara Yadav,46.0,Other,Chandigarh,nan,00-00-0000
CUST01377,Pari Agarwal,32.0,Female, Hyderabad,pari.agarwal591@mail.com,14/02/2023
CUST01378,Pooja Menon,34.0,Female,mumbai,pooja.menon546@outlook.com,2020/04/15
CUST01379,Shreya Kumar,34.0,Male,Delhi,shreya.kumar393@mail.com,15-02-2022
CUST01380,Rahul Bansal,31.0,F,ahmedabad,rahul.bansal5@gmail.com,09/06/2025
CUST01381,Karan Rao,26.0,Male,  Delhi  ,karan.rao161@mail.com,15-07-2021
CUST01382,Nikhil Gupta,34.0,Male,  Ahmedabad  ,nikhil.gupta738@gmail.com,00-00-0000
CUST01383,Anika Chauhan,39.0,Female,CHANDIGARH,anika.chauhan296@gmail.com,04-16-2025
CUST01384,Neha Khan,,female,Jaipur,neha.khan854@outlook.com,21-12-2025
CUST01385,Neha Bansal,19.0,Male,  Bhopal  ,neha.bansal14@outlook.com,18-11-2025
CUST01386,Tanvi Rathore,30.0,F,NOIDA,tanvi.rathore718@outlook.com,03-30-2025
CUST01387,Shreya Verma,39.0,Female,Noida,shreya.verma562@mail.com,18-04-2019
CUST01388,Ira Bansal,22.0,Female,  Mumbai  ,ira.bansal123@yahoo.com,
CUST01389,Ayesha Kumar,29.0,Female,Mumbai,ayesha.kumar528@mail.com,31-12-2021
CUST01390,Kabir Dubey,31.0,Male,NOIDA,kabir.dubey400@mail.com,04-29-2019
CUST01391,Navya Singh,53.0,Female,Delhi,navya.singh252@outlook.com,08-01-2021
CUST01392,Sneha Shah,35.0,female,Kolkata,sneha.shah583@mail.com,2022/01/24
CUST01393,Yash Menon,30.0,female,Noida,yash.menon306@gmail.com,19/06/2022
CUST01394,Isha Sharma,19.0,Male,Faridabad,isha.sharma930@gmail.com,10-23-2022
CUST01395,Sandeep Singh,41.0,nan,  Lucknow  ,sandeep.singh327@yahoo.com,2022/12/08
CUST01396,Rehan Chauhan,34.0,F,Faridabad,rehan.chauhan36gmail.com,26/01/2019
CUST01397,Myra Iyer,34.0,Female,Gurugram,myra.iyer547@mail.com,13-01-2021
CUST01398,Diya Mishra,30.0,Female,,diya.mishra95@gmail.com,2020/08/09
CUST01399,Vivaan Gupta,33.0,Other,Bhopal,vivaan.gupta412@outlook.com,05-08-2025
CUST01400,Diya Sharma,29.0,Female,DELHI,diya.sharma895@gmail.com,06-30-2023
CUST01401,Ananya Desai,53.0,M,Hyderabad,ananya.desai464@outlook.com,13-10-2019
CUST01402,  Imran Rathore  ,36.0,female,Hyderabad,imran.rathore431@gmail.com,04/08/2020
CUST01403,Zara Rao,36.0,Male,Hyderabad,zara.rao328@mail.com,06/05/2019
CUST01404,Krishna Kapoor,45.0,Other, Delhi,krishna.kapoor230@yahoo.com,01-11-2020
CUST01405,Imran Saxena,24.0,Male, Chennai,imran.saxena4@mail.com,12-12-2024
CUST01406,Vihaan Malhotra,47.0,Male, Hyderabad,vihaan.malhotra711outlook.com,31-05-2021
CUST01407,Riya Verma,37.0,Female,Ahmedabad,riya.verma674@gmail.com,03-21-2023
CUST01408,Ananya Rathore,52.0,Male,kolkata,ananya.rathore677@mail.com,16-09-2023
CUST01409,  Yash Pandey  ,20.0,Female, Bhopal,yash.pandey839@outlook.com,02-02-2024
CUST01410,Kavya Tiwari,34.0,Male,Delhi,kavya.tiwari785@yahoo.com,2022/10/28
CUST01411,Kavya Gupta,31.0,Female,Bangalore,kavya.gupta137@yahoo.com,06/10/2020
CUST01412,Farhan Reddy,43.0,Female,Kolkata,farhan.reddy782@outlook.com,24-02-2023
CUST01413,Rahul Gupta,17.0,Female,Faridabad,rahul.gupta361@mail.com,06-30-2022
CUST01414,Kiara Rao,33.0,Male,Bhopal,kiara.rao608@outlook.com,2022/08/21
CUST01415,Simran Reddy,31.0,Female,chandigarh,simran.reddy342@yahoo.com,00-00-0000
CUST01416,Manish Dubey,24.0,Female,Chennai,manish.dubey305@yahoo.com,08-09-2025
CUST01417,Amit Ansari,33.0,Male, Faridabad,amit.ansari894@outlook.com,14/12/2019
CUST01418,Kiara Tiwari,32.0,Female,Delhi,nan,2019/08/04
CUST01419,Diya Joshi,30.0,Male,Jaipur,diya.joshi920yahoo.com,29-09-2020
CUST01420,Pooja Gupta,,Female,Hyderabad,pooja.gupta541@yahoo.com,2020/10/06
CUST01421,Diya Sharma,,M,Hyderabad,diya.sharma515@gmail.com,05-12-2025
CUST01422,Reyansh Rao,18.0,female,faridabad,reyansh.rao312@gmail.com,23-07-2019
CUST01423,Neha Desai,37.0,Female,  Noida  ,neha.desai761@yahoo.com,2019/12/01
CUST01424,  Rohan Khan  ,31.0,Female, Bangalore,rohan.khan725@outlook.com,00-00-0000
CUST01425,Ayaan Kumar,36.0,Female,Noida,ayaan.kumar505@mail.com,20-12-2023
CUST01426,Pooja Verma,-12.0,Male,Gurugram,pooja.verma782@outlook.com,03-10-2023
CUST01427,Ramesh Mishra,34.0,male,Mumbai,ramesh.mishra453@yahoo.com,2024/06/12
CUST01428,Ramesh Khan,27.0,Male,Bhopal,ramesh.khan893@outlook.com,2025/10/22
CUST01429,Rahul Kapoor,36.0,M, Bangalore,rahul.kapoor65@mail.com,12-16-2023
CUST01430,Krishna Rao,40.0,Male,Delhi,krishna.rao435@outlook.com,2023/08/24
CUST01431,Sneha Tiwari,40.0,Male,Kolkata,sneha.tiwari601@yahoo.com,2022/01/23
CUST01432,Sai Dubey,35.0,Male,KOLKATA,sai.dubey215@mail.com,01-06-2021
CUST01433,Karan Malhotra,41.0,Female,jaipur,karan.malhotra442@mail.com,00-00-0000
CUST01434,Ayesha Bansal,12.0,male,Pune,ayesha.bansal243@gmail.com,11/04/2020
CUST01435,Rahul Agarwal,49.0,Female,Pune,rahul.agarwal580@mail.com,2022/11/14
CUST01436,Shreya Bhatt,30.0,Male,Gurugram,shreya.bhatt308@yahoo.com,27-10-2023
CUST01437,Aditya Rao,40.0,Female,Indore,aditya.rao936@outlook.com,2020/03/30
CUST01438,Suresh Chopra,-32.0,female,chandigarh,suresh.chopra434@yahoo.com,06 Mar 2022
CUST01439,Vivaan Iyer,11.0,Female,Gurugram,vivaan.iyer881@mail.com,2025/08/26
CUST01440,Reyansh Verma,42.0,M,Ahmedabad,reyansh.verma595@gmail.com,16-06-2024
CUST01441,Arjun Mishra,-20.0,Other,LUCKNOW,nan,28-11-2024
CUST01442,Myra Nair,24.0,M,Lucknow,myra.nair106@gmail.com,06-17-2022
CUST01443,Reyansh Verma,27.0,Female,lucknow,reyansh.verma135outlook.com,
CUST01444,Suresh Nair,14.0,Female,Noida,suresh.nair423@yahoo.com,06-22-2021
CUST01445,Ira Desai,34.0,Male,  Bhopal  ,ira.desai624@mail.com,07-06-2023
CUST01446,Ramesh Bansal,103.0,F,  Delhi  ,ramesh.bansal929@outlook.com,2025/09/20
CUST01447,Aryan Kumar,46.0,Male,pune,aryan.kumar446@yahoo.com,13 Aug 2019
CUST01448,,35.0,Female,Kolkata,user1448656@gmail.com,01-02-2019
CUST01449,Arjun Malhotra,35.0,Male,CHANDIGARH,arjun.malhotra730@mail.com,17-04-2021
CUST01450,Rahul Rathore,44.0,M,Faridabad,rahul.rathore960@yahoo.com,2022/05/19
CUST01451,Shreya Chopra,30.0,Female,,shreya.chopra280@outlook.com,15-05-2021
CUST01452,Vihaan Tiwari,35.0,Male,Faridabad,vihaan.tiwari456@gmail.com,16-07-2020
CUST01453,Yash Singh,35.0,Other,  Ahmedabad  ,yash.singh318@mail.com,2021/11/12
CUST01454,Ira Ansari,20.0,Female,Delhi,ira.ansari900@yahoo.com,2022/03/31
CUST01455,Imran Chauhan,16.0,Male,INDORE,imran.chauhan754@gmail.com,2022/09/05
CUST01456,Rohan Yadav,42.0,Female,Chandigarh,rohan.yadav386@mail.com,2020/05/06
CUST01457,  Saanvi Tiwari  ,,Male,noida,saanvi.tiwari302@mail.com,01/02/2019
CUST01458,Krishna Gupta,45.0,Female,CHENNAI,krishna.gupta5@mail.com,30 Jul 2024
CUST01459,Ishaan Yadav,21.0,Female,INDORE,ishaan.yadav682@outlook.com,30-10-2023
CUST01460,Ayaan Verma,33.0,Male,  Ahmedabad  ,ayaan.verma863@mail.com,20-12-2020
CUST01461,Pooja Verma,22.0,M,Faridabad,pooja.verma649@mail.com,13/06/2020
CUST01462,Rahul Rathore,44.0,Female,Indore,rahul.rathore686@mail.com,07/04/2023
CUST01463,Ira Bansal,30.0,Female,Faridabad,ira.bansal749@yahoo.com,21 Dec 2024
CUST01464,Aditya Patel,10.0,Male,Bhopal,aditya.patel390@gmail.com,31/07/2021
CUST01465,Zara Khan,,Female,HYDERABAD,zara.khan321@mail.com,11-08-2024
CUST01466,Pooja Mishra,23.0,Female,JAIPUR,pooja.mishra993@yahoo.com,
CUST01467,Amit Mishra,50.0,Male,bhopal,amit.mishra431@outlook.com,21-12-2022
CUST01468,Rohan Nair,16.0,Male,Indore,rohan.nair440@outlook.com,
CUST01469,Priya Ansari,31.0,Male,  Delhi  ,priya.ansari353@yahoo.com,2023/06/15
CUST01470,Kavya Singh,23.0,Female,Delhi,kavya.singh451@outlook.com,23-06-2019
CUST01471,Sandeep Mishra,24.0,Male,,sandeep.mishra646@mail.com,00-00-0000
CUST01472,Kavya Chauhan,25.0,Female,  Noida  ,kavya.chauhan952@outlook.com,03-18-2019
CUST01473,Ira Desai,34.0,Male,bhopal,ira.desai666@yahoo.com,27 Feb 2024
CUST01474,Mohammed Pandey,28.0,Female,Chandigarh,mohammed.pandey196@gmail.com,15 Nov 2019
CUST01475,Kavya Iyer,0.0,Female,Indore,kavya.iyer879@yahoo.com,2022/07/06
CUST01476,Aarav Nair,28.0,Male,Kolkata,aarav.nair329@yahoo.com,16-06-2025
CUST01477,Krishna Nair,24.0,Other,INDORE,krishna.nair144@gmail.com,25 Oct 2023
CUST01478,Yash Bansal,29.0,Other,,yash.bansal874@gmail.com,06-06-2025
CUST01479,Diya Kapoor,40.0,Male,Chandigarh,diya.kapoor153outlook.com,15-07-2023
CUST01480,Amit Bansal,18.0,Male,  Pune  ,amit.bansal405@yahoo.com,07-09-2023
CUST01481,Simran Sharma,28.0,female,  Bangalore  ,simran.sharma287@outlook.com,2022/03/31
CUST01482,,28.0,Female,  Delhi  ,user1482376@mail.com,16 Apr 2020
CUST01483,Saanvi Kapoor,32.0,Male,KOLKATA,saanvi.kapoor892@outlook.com,18-07-2023
CUST01484,,21.0,Male,Noida,user1484567@mail.com,2019/03/27
CUST01485,Isha Desai,34.0,Other,DELHI,isha.desai390@yahoo.com,2022/08/23
CUST01486,Manish Verma,32.0,Female,Ahmedabad,manish.verma385@gmail.com,12-04-2020
CUST01487,Pooja Chauhan,23.0,M,Indore,pooja.chauhan341@mail.com,2025/12/06
CUST01488,Mohammed Agarwal,35.0,Female,LUCKNOW,mohammed.agarwal403@mail.com,28-02-2024
CUST01489,Isha Gupta,27.0,Female,Indore,isha.gupta820@gmail.com,22/01/2023
CUST01490,Vihaan Chopra,46.0,Male,Bangalore,vihaan.chopra868@yahoo.com,2019/12/27
CUST01491,Tanvi Mishra,28.0,Female,Pune,tanvi.mishra45@outlook.com,24-11-2023
CUST01492,Navya Singh,23.0,Female,Noida,nan,09-03-2020
CUST01493,Priya Saxena,40.0,Other,Indore,priya.saxena692@yahoo.com,2021/09/23
CUST01494,,22.0,Male,GURUGRAM,user149419@gmail.com,20/11/2023
CUST01495,Kavya Verma,50.0,Other,  Chennai  ,kavya.verma629@outlook.com,2025/08/09
CUST01496,Vihaan Bhatt,25.0,Female,Indore,vihaan.bhatt989@gmail.com,29-06-2023
CUST01497,Zara Sharma,32.0,Female,delhi,zara.sharma524@outlook.com,2024/11/16
CUST01498,Ayesha Dubey,38.0,Male, Indore,ayesha.dubey355@gmail.com,11-19-2019
CUST01499,Nikhil Kumar,31.0,M,Lucknow,nikhil.kumar890@gmail.com,10 Jun 2023
CUST01500,Aryan Rathore,29.0,Male,,aryan.rathore776@yahoo.com,24-06-2022
CUST01501,Myra Reddy,27.0,Male, Bangalore,myra.reddy220@mail.com,22/10/2022
CUST01502,Yash Gupta,41.0,F,Jaipur,yash.gupta860@yahoo.com,06-26-2021
CUST01503,Aditya Chauhan,111.0,Female,bhopal,aditya.chauhan435@gmail.com,2022/09/26
CUST01504,Aarav Dubey,111.0,F,mumbai,aarav.dubey130@mail.com,2020/11/19
CUST01505,Aditya Dubey,29.0,Female,Hyderabad,aditya.dubey855@outlook.com,11-09-2019
CUST01506,Yash Verma,,M,Indore,yash.verma19@outlook.com,2024/09/21
CUST01507,Ayesha Kumar,53.0,Male,Pune,ayesha.kumar158@gmail.com,12 Apr 2020
CUST01508,Tanvi Gupta,28.0,Male,Gurugram,tanvi.gupta548@outlook.com,2024/12/13
CUST01509,Pari Dubey,39.0,Female,FARIDABAD,pari.dubey325@outlook.com,
CUST01510,Mohammed Rao,37.0,Male,Hyderabad,mohammed.rao547@outlook.com,05-03-2021
CUST01511,Simran Ansari,19.0,Female,  Kolkata  ,simran.ansari840@mail.com,2022/12/02
CUST01512,Aarav Dubey,24.0,Male, Noida,aarav.dubey819@yahoo.com,09 Dec 2022
CUST01513,Ishaan Sharma,19.0,Female,Gurugram,ishaan.sharma444mail.com,27-08-2020
CUST01514,Vivaan Menon,45.0,Female,JAIPUR,vivaan.menon996@mail.com,25-08-2021
CUST01515,Pari Malhotra,36.0,Female,Chandigarh,pari.malhotra777@gmail.com,02-26-2020
CUST01516,Priya Desai,18.0,Male,Noida,priya.desai303@mail.com,2020/08/22
CUST01517,Sandeep Singh,29.0,Male, Bangalore,sandeep.singh68@outlook.com,2021/11/14
CUST01518,Tanvi Patel,36.0,Male,Bhopal,tanvi.patel900@mail.com,19-03-2021
CUST01519,Diya Rathore,34.0,Female,Bhopal,diya.rathore2@yahoo.com,12-11-2020
CUST01520,Aarav Shah,36.0,F,Jaipur,aarav.shah339@gmail.com,03/10/2025
CUST01521,Rehan Kumar,27.0,Female,Bangalore,rehan.kumar284@mail.com,09-18-2020
CUST01522,Vihaan Sharma,23.0,Female,KOLKATA,vihaan.sharma323@mail.com,2019/11/05
CUST01523,Karan Ansari,57.0,Female,HYDERABAD,karan.ansari861@gmail.com,26/12/2020
CUST01524,Ananya Dubey,27.0,Female,  Faridabad  ,ananya.dubey70@gmail.com,07-16-2024
CUST01525,Karan Bhatt,41.0,Female,Indore,karan.bhatt419@mail.com,03-15-2024
CUST01526,Ramesh Shah,35.0,M, Jaipur,ramesh.shah424@mail.com,2025/04/28
CUST01527,,,Female,Gurugram,user1527768@yahoo.com,2025/07/01
CUST01528,Priya Tiwari,21.0,Female,  Kolkata  ,priya.tiwari773@outlook.com,13-01-2024
CUST01529,Ganesh Dubey,33.0,Male,Bangalore,ganesh.dubey405@yahoo.com,05-01-2025
CUST01530,Ananya Pandey,28.0,female,JAIPUR,ananya.pandey832@mail.com,16-08-2022
CUST01531,Mohammed Bansal,35.0,Female,Gurugram,mohammed.bansal108@mail.com,07-18-2022
CUST01532,Reyansh Joshi,14.0,M,GURUGRAM,reyansh.joshi757@outlook.com,09-10-2020
CUST01533,Riya Pandey,25.0,Female,Kolkata,riya.pandey767@gmail.com,00-00-0000
CUST01534,Krishna Yadav,24.0,Male,Hyderabad,krishna.yadav709@mail.com,07 Oct 2019
CUST01535,Dhruv Joshi,50.0,Female,Kolkata,dhruv.joshi482@mail.com,2024/04/04
CUST01536,Riya Gupta,28.0,Male,  Bhopal  ,riya.gupta286@yahoo.com,17/12/2023
CUST01537,Kavya Singh,35.0,Male,JAIPUR,kavya.singh697@yahoo.com,25-05-2022
CUST01538,Sai Reddy,24.0,Female,Faridabad,sai.reddy896@mail.com,2022/01/30
CUST01539,  Rohan Khan  ,45.0,Female,Gurugram,rohan.khan768@gmail.com,2025/08/19
CUST01540,Ishaan Shah,-31.0,Female,Noida,ishaan.shah96@yahoo.com,19 Aug 2019
CUST01541,,23.0,Male,Hyderabad,user1541590@gmail.com,12-12-2022
CUST01542,Neha Sharma,32.0,Female,Chandigarh,neha.sharma119@yahoo.com,2024/09/09
CUST01543,Mohammed Iyer,42.0,F,Chandigarh,mohammed.iyer477@outlook.com,31/10/2019
CUST01544,Sandeep Singh,27.0,F, Kolkata,sandeep.singh90@outlook.com,2022/06/25
CUST01545,Ayesha Pandey,43.0,Male,Jaipur,ayesha.pandey836@yahoo.com,
CUST01546,Kiara Tiwari,42.0,M,  Pune  ,kiara.tiwari502@gmail.com,01-26-2024
CUST01547,Simran Rathore,29.0,F,Mumbai,simran.rathore474@yahoo.com,04/06/2019
CUST01548,Zara Tiwari,41.0,Female,Lucknow,zara.tiwari598@mail.com,2019/08/22
CUST01549,Dhruv Gupta,21.0,Female,Ahmedabad,dhruv.gupta614@outlook.com,19/02/2023
CUST01550,Kavya Saxena,24.0,Female,bangalore,kavya.saxena750@outlook.com,21 Mar 2022
CUST01551,Navya Kapoor,20.0,Female,bangalore,navya.kapoor329outlook.com,11 Nov 2019
CUST01552,Amit Tiwari,28.0,Male,,amit.tiwari805@gmail.com,01-05-2020
CUST01553,Manish Bhatt,24.0,Male,Chennai,manish.bhatt757@mail.com,24 Nov 2025
CUST01554,Isha Nair,31.0,Female,Chandigarh,isha.nair166@gmail.com,2025/08/30
CUST01555,Aryan Bhatt,25.0,Male, Faridabad,aryan.bhatt965@outlook.com,09-07-2024
CUST01556,Yash Mishra,40.0,Female,KOLKATA,yash.mishra744@outlook.com,
CUST01557,Vivaan Rathore,25.0,Male,Ahmedabad,vivaan.rathore606@outlook.com,10-03-2024
CUST01558,Ayaan Chopra,27.0,Male,  Bhopal  ,ayaan.chopra39@gmail.com,
CUST01559,Kabir Rathore,27.0,Male,  Mumbai  ,kabir.rathore212@outlook.com,2025/03/20
CUST01560,Arjun Desai,28.0,M,HYDERABAD,arjun.desai261@gmail.com,18-06-2019
CUST01561,,31.0,Female, Lucknow,user1561852@outlook.com,2024/01/17
CUST01562,Rehan Rao,50.0,Male,AHMEDABAD,rehan.rao962@outlook.com,05-30-2025
CUST01563,Arjun Mishra,27.0,Male,Hyderabad,arjun.mishra627@yahoo.com,2021/02/10
CUST01564,Shreya Malhotra,39.0,Male,MUMBAI,shreya.malhotra381@gmail.com,2022/08/09
CUST01565,Vivaan Chopra,38.0,Male,chennai,vivaan.chopra585@mail.com,
CUST01566,Navya Rathore,44.0,Female,AHMEDABAD,navya.rathore417@mail.com,2024/05/02
CUST01567,Ishaan Joshi,21.0,Male,chennai,ishaan.joshi939@mail.com,2024/08/15
CUST01568,Suresh Bhatt,26.0,Female,Pune,suresh.bhatt527@mail.com,09/09/2020
CUST01569,Anika Rao,121.0,Female, Delhi,anika.rao500@outlook.com,11-09-2019
CUST01570,Dhruv Chopra,16.0,male,Kolkata,DHRUV.CHOPRA325@OUTLOOK.COM,20 Jan 2024
CUST01571,Aadhya Bansal,30.0,Female, Chennai,aadhya.bansal186@mail.com,02-28-2020
CUST01572,Priya Gupta,39.0,Female,Pune,priya.gupta281@yahoo.com,07-11-2022
CUST01573,Suresh Bhatt,40.0,Male,Chennai,suresh.bhatt91gmail.com,12-12-2019
CUST01574,Saanvi Bhatt,21.0,Female,Hyderabad,saanvi.bhatt640@gmail.com,
CUST01575,Karan Verma,23.0,Male, Jaipur,karan.verma989@outlook.com,07-12-2020
CUST01576,Mohammed Yadav,40.0,Male,gurugram,mohammed.yadav768@yahoo.com,10-06-2019
CUST01577,Manish Ansari,37.0,Male,KOLKATA,manish.ansari715@mail.com,2021/10/11
CUST01578,Ramesh Ansari,32.0,Female,Mumbai,ramesh.ansari406@mail.com,29/11/2023
CUST01579,Kiara Bansal,25.0,M,KOLKATA,kiara.bansal638@yahoo.com,2023/12/05
CUST01580,Krishna Kumar,24.0,Female,bangalore,krishna.kumar864@mail.com,16-11-2024
CUST01581,Shreya Iyer,26.0,Female,MUMBAI,shreya.iyer509@mail.com,00-00-0000
CUST01582,Manish Singh,6.0,Female,kolkata,manish.singh917@yahoo.com,02-11-2025
CUST01583,Ayaan Chopra,29.0,Female,Bhopal,ayaan.chopra441@gmail.com,12-10-2020
CUST01584,Zara Rao,38.0,Female,faridabad,zara.rao522@gmail.com,2023/01/30
CUST01585,Kavya Singh,34.0,M,mumbai,kavya.singh543@outlook.com,08/03/2023
CUST01586,Ayaan Reddy,46.0,Female,Indore,ayaan.reddy432@gmail.com,04-03-2022
CUST01587,Kiara Kumar,25.0,Male,Chandigarh,kiara.kumar683@gmail.com,06-05-2023
CUST01588,Ayesha Verma,28.0,male,chennai,ayesha.verma131@yahoo.com,02/08/2023
CUST01589,Ayaan Rathore,49.0,Female,Lucknow,ayaan.rathore249@mail.com,2022/10/17
CUST01590,Reyansh Saxena,35.0,Male,Bhopal,reyansh.saxena446@yahoo.com,2025/09/14
CUST01591,Myra Malhotra,,Female, Ahmedabad,myra.malhotra353@outlook.com,08-03-2019
CUST01592,Aditya Bhatt,45.0,Female, Chandigarh,aditya.bhatt933@yahoo.com,10-02-2022
CUST01593,Aditya Joshi,30.0,Female,BANGALORE,aditya.joshi870@mail.com,2019/09/27
CUST01594,Riya Chopra,18.0,Female,chennai,riya.chopra300@mail.com,09-12-2022
CUST01595,Simran Agarwal,25.0,Male, Gurugram,simran.agarwal589@mail.com,23-01-2020
CUST01596,Ayesha Rathore,31.0,Female,indore,ayesha.rathore604@outlook.com,04-04-2025
CUST01597,Ira Menon,10.0,Other,AHMEDABAD,ira.menon301@yahoo.com,03 May 2023
CUST01598,Kabir Kapoor,22.0,Female,Chandigarh,kabir.kapoor149@yahoo.com,09/03/2022
CUST01599,Zara Yadav,39.0,Female,hyderabad,zara.yadav105@outlook.com,29-10-2021
CUST01600,Ira Chauhan,40.0,Male, Hyderabad,ira.chauhan402@yahoo.com,2025/10/04
CUST01601,,21.0,Female,Bhopal,user1601416@gmail.com,09-07-2020
CUST01602,Shreya Sharma,,Female,Delhi,shreya.sharma482@mail.com,09-27-2022
CUST01603,Shreya Chauhan,37.0,Female, Bhopal,shreya.chauhan172@yahoo.com,30-11-2019
CUST01604,Rohan Gupta,28.0,, Ahmedabad,rohan.gupta343@gmail.com,14-07-2025
CUST01605,Ananya Rao,32.0,Other,Ahmedabad,ananya.rao651@yahoo.com,
CUST01606,Kavya Rao,21.0,Female,  Bangalore  ,kavya.rao145@mail.com,03-12-2022
CUST01607,Isha Kapoor,49.0,Male,Hyderabad,isha.kapoor473@outlook.com,24-06-2022
CUST01608,Amit Chauhan,28.0,Male,,amit.chauhan194@outlook.com,25-05-2023
CUST01609,Riya Verma,20.0,Female,Bhopal,riya.verma107@mail.com,12/06/2020
CUST01610,Shreya Saxena,32.0,Female, Kolkata,shreya.saxena143@gmail.com,03-09-2025
CUST01611,Imran Verma,46.0,Male,Pune,imran.verma772@yahoo.com,14/12/2019
CUST01612,Sai Khan,38.0,Female,Jaipur,sai.khan723@gmail.com,2022/06/22
CUST01613,Isha Dubey,28.0,Female,HYDERABAD,isha.dubey212@mail.com,00-00-0000
CUST01614,Farhan Khan,20.0,Female, Ahmedabad,farhan.khan155@mail.com,03-23-2023
CUST01615,Aarav Kapoor,24.0,male,ahmedabad,aarav.kapoor955@mail.com,09-07-2022
CUST01616,Shreya Sharma,30.0,Female,pune,shreya.sharma246@outlook.com,07-06-2020
CUST01617,Vivaan Patel,35.0,female,Jaipur,vivaan.patel160@mail.com,2024/11/26
CUST01618,Isha Khan,37.0,Female,Indore,isha.khan242@outlook.com,18-01-2020
CUST01619,Aarav Ansari,27.0,Male,Chandigarh,aarav.ansari452@gmail.com,01-10-2023
CUST01620,Karan Mishra,18.0,Male,Noida,karan.mishra138@mail.com,13/09/2024
CUST01621,Aditya Menon,47.0,Female,  Delhi  ,aditya.menon351@gmail.com,01-22-2023
CUST01622,Riya Agarwal,31.0,Male,Bhopal,riya.agarwal217@outlook.com,2019/03/16
CUST01623,Kabir Khan,41.0,Male,Delhi,kabir.khan412@mail.com,25 Jan 2023
CUST01624,Reyansh Chopra,47.0,Male,,reyansh.chopra324@outlook.com,2022/06/19
CUST01625,Zara Patel,18.0,F,CHENNAI,zara.patel918@mail.com,08/01/2021
CUST01626,Pooja Iyer,44.0,M,ahmedabad,pooja.iyer156@yahoo.com,27/05/2021
CUST01627,Sai Ansari,45.0,Male,Faridabad,sai.ansari192@yahoo.com,2022/10/31
CUST01628,Krishna Singh,34.0,Female,mumbai,krishna.singh576@gmail.com,14 Jun 2024
CUST01629,Nikhil Bansal,26.0,Female,Mumbai,NIKHIL.BANSAL382@OUTLOOK.COM,25/02/2021
CUST01630,Rahul Menon,15.0,M,HYDERABAD,rahul.menon411@gmail.com,2021/07/16
CUST01631,Myra Shah,27.0,Male,LUCKNOW,myra.shah974@gmail.com,17 Jul 2020
CUST01632,Rahul Desai,32.0,Female,Indore,rahul.desai365@yahoo.com,2020/09/26
CUST01633,  Isha Pandey  ,52.0,Male,kolkata,isha.pandey704@yahoo.com,
CUST01634,Pooja Bansal,34.0,Other,KOLKATA,pooja.bansal113@outlook.com,04-26-2022
CUST01635,Nikhil Bansal,45.0,Female,,nan,00-00-0000
CUST01636,Vivaan Shah,46.0,Female,Gurugram,VIVAAN.SHAH122@GMAIL.COM,10/09/2024
CUST01637,Farhan Mishra,30.0,Male,  Mumbai  ,farhan.mishra244outlook.com,19-01-2025
CUST01638,Ayaan Reddy,40.0,Female,Delhi,ayaan.reddy858@mail.com,26-11-2024
CUST01639,Rahul Verma,50.0,Male,JAIPUR,rahul.verma801@mail.com,06-04-2019
CUST01640,Aryan Rathore,27.0,Male,Bangalore,aryan.rathore106@mail.com,11/10/2022
CUST01641,Simran Sharma,38.0,Male,Indore,simran.sharma654@mail.com,
CUST01642,Arjun Saxena,33.0,Male,Bangalore,arjun.saxena37@mail.com,2020/06/20
CUST01643,Isha Pandey,32.0,Male,CHENNAI,isha.pandey619@mail.com,12-09-2025
CUST01644,Sai Ansari,35.0,Female,Ahmedabad,sai.ansari228@mail.com,24 Mar 2023
CUST01645,Yash Saxena,7.0,Female,  Chennai  ,yash.saxena687@outlook.com,2020/09/23
CUST01646,Sandeep Iyer,16.0,Other,Bangalore,sandeep.iyer241@yahoo.com,26/10/2020
CUST01647,Nikhil Agarwal,33.0,Male,Bangalore,nikhil.agarwal739@outlook.com,10-01-2021
CUST01648,Mohammed Tiwari,41.0,Male, Noida,mohammed.tiwari132@mail.com,2020/11/09
CUST01649,Dhruv Gupta,35.0,male,NOIDA,dhruv.gupta820@outlook.com,28 Nov 2023
CUST01650,Pari Reddy,34.0,Other,hyderabad,pari.reddy575@outlook.com,06-28-2019
CUST01651,Anika Kumar,21.0,Other,Pune,anika.kumar626@gmail.com,10 Aug 2023
CUST01652,Suresh Kumar,40.0,Female,Indore,suresh.kumar855@gmail.com,2023/02/01
CUST01653,Priya Menon,36.0,Male, Noida,priya.menon917@mail.com,30 Aug 2021
CUST01654,Riya Malhotra,41.0,Male, Kolkata,riya.malhotra4@gmail.com,25-12-2023
CUST01655,Zara Nair,34.0,Female,Delhi,zara.nair798@gmail.com,05-11-2025
CUST01656,Sai Reddy,38.0,Female,Chandigarh,sai.reddy492@mail.com,03-13-2022
CUST01657,Pooja Tiwari,,Female,Hyderabad,pooja.tiwari965@mail.com,13/01/2024
CUST01658,Rehan Shah,24.0,Female,Chennai,rehan.shah488@mail.com,
CUST01659,Tanvi Sharma,45.0,Male,pune,tanvi.sharma69@outlook.com,27/12/2024
CUST01660,Zara Shah,44.0,Female,Gurugram,zara.shah16@gmail.com,06/09/2021
CUST01661,Kavya Kapoor,13.0,Male,BHOPAL,kavya.kapoor679@outlook.com,06-21-2022
CUST01662,Vivaan Joshi,38.0,female,Faridabad,vivaan.joshi754@outlook.com,05-04-2024
CUST01663,Reyansh Mishra,21.0,Male,Pune,reyansh.mishra342@yahoo.com,05-03-2021
CUST01664,Ishaan Chauhan,34.0,Other,  Bhopal  ,ishaan.chauhan544@gmail.com,15-02-2023
CUST01665,Arjun Reddy,33.0,Female,Chandigarh,arjun.reddy382@outlook.com,05-25-2025
CUST01666,Ira Mishra,11.0,M,Mumbai,ira.mishra767outlook.com,12-10-2023
CUST01667,  Saanvi Patel  ,123.0,Female,pune,saanvi.patel837@mail.com,2024/03/06
CUST01668,Arjun Rao,22.0,Female,Chennai,arjun.rao447@outlook.com,28-02-2022
CUST01669,Ganesh Reddy,21.0,Female,HYDERABAD,ganesh.reddy335@outlook.com,14/04/2023
CUST01670,Saanvi Rao,36.0,Male,  Gurugram  ,saanvi.rao588@outlook.com,2024/08/21
CUST01671,Ayaan Shah,43.0,Female,CHENNAI,ayaan.shah553@mail.com,00-00-0000
CUST01672,Aryan Kumar,38.0,Female,GURUGRAM,aryan.kumar524@yahoo.com,2023/09/11
CUST01673,Rehan Mishra,26.0,Male,Hyderabad,rehan.mishra233@gmail.com,25/10/2020
CUST01674,Kiara Patel,34.0,Male,Mumbai,kiara.patel496@outlook.com,28-03-2021
CUST01675,Kabir Gupta,39.0,Male,,kabir.gupta574@yahoo.com,2025/10/12
CUST01676,Ayaan Dubey,34.0,Male,Ahmedabad,ayaan.dubey835@mail.com,07-20-2020
CUST01677,Diya Mishra,27.0,Female,  Kolkata  ,diya.mishra941@mail.com,2021/10/21
CUST01678,Aarav Agarwal,-32.0,Male,Delhi,aarav.agarwal677@outlook.com,02-08-2019
CUST01679,  Sneha Mishra  ,34.0,Female,Bhopal,sneha.mishra980@gmail.com,22-05-2024
CUST01680,Sai Verma,41.0,Male,indore,sai.verma919@yahoo.com,2023/03/01
CUST01681,Nikhil Menon,28.0,Male, Ahmedabad,nikhil.menon32@yahoo.com,21/03/2025
CUST01682,Reyansh Malhotra,9.0,Male,Bangalore,reyansh.malhotra789@mail.com,2020/02/25
CUST01683,,34.0,Female,Indore,user1683839@outlook.com,14 Oct 2024
CUST01684,Kavya Rao,38.0,Male,Chandigarh,kavya.rao829@gmail.com,25 May 2020
CUST01685,Suresh Reddy,50.0,F,Delhi,suresh.reddy554@mail.com,13 Mar 2022
CUST01686,Myra Singh,21.0,Male,Hyderabad,myra.singh78@outlook.com,2019/12/10
CUST01687,Vihaan Malhotra,32.0,Male,LUCKNOW,vihaan.malhotra163@gmail.com,18-10-2020
CUST01688,Aadhya Chauhan,45.0,Female,CHENNAI,aadhya.chauhan358@yahoo.com,00-00-0000
CUST01689,Isha Pandey,34.0,Female,  Bangalore  ,isha.pandey404@outlook.com,01-15-2024
CUST01690,Isha Verma,34.0,Male,,isha.verma686@yahoo.com,10-03-2024
CUST01691,Vivaan Menon,50.0,Other,Chandigarh,vivaan.menon122@outlook.com,26/08/2020
CUST01692,Vivaan Yadav,28.0,Male,Lucknow,vivaan.yadav544@outlook.com,27-11-2023
CUST01693,Aarav Nair,37.0,Male,PUNE,aarav.nair637@outlook.com,01-11-2020
CUST01694,Rohan Dubey,40.0,Male,JAIPUR,rohan.dubey796gmail.com,28 Jun 2021
CUST01695,Anika Malhotra,37.0,F,  Lucknow  ,anika.malhotra804@yahoo.com,22-01-2024
CUST01696,Rehan Rathore,46.0,Male,Noida,rehan.rathore285@outlook.com,2022/12/02
CUST01697,Kiara Reddy,33.0,Male,Indore,kiara.reddy163@outlook.com,20-04-2019
CUST01698,Ramesh Kumar,57.0,Male,  Ahmedabad  ,ramesh.kumar535@yahoo.com,
CUST01699,Myra Tiwari,38.0,Other,Kolkata,myra.tiwari390@mail.com,08-07-2019
CUST01700,Tanvi Sharma,32.0,Male,ahmedabad,tanvi.sharma244@mail.com,2023/06/12
CUST01701,Manish Mishra,17.0,F,Faridabad,manish.mishra722@outlook.com,18-08-2024
CUST01702,Isha Joshi,44.0,Male,Pune,isha.joshi345@mail.com,03-12-2023
CUST01703,Ira Sharma,40.0,Male,Ahmedabad,ira.sharma141@mail.com,23-08-2021
CUST01704,Reyansh Verma,53.0,Female,bhopal,reyansh.verma507@mail.com,01/05/2023
CUST01705,Saanvi Agarwal,37.0,Female, Lucknow,saanvi.agarwal591@outlook.com,2019/12/01
CUST01706,Imran Kumar,41.0,Female,,imran.kumar564@yahoo.com,16-03-2023
CUST01707,Anika Reddy,33.0,Female,Faridabad,anika.reddy1@mail.com,07-08-2021
CUST01708,Ira Sharma,50.0,Male,  Chandigarh  ,ira.sharma755@outlook.com,26-04-2019
CUST01709,Sneha Tiwari,29.0,Male,  Ahmedabad  ,sneha.tiwari74@outlook.com,2022/07/29
CUST01710,Mohammed Bansal,42.0,F,Chandigarh,mohammed.bansal24@outlook.com,2020/02/10
CUST01711,Krishna Malhotra,30.0,male,Chennai,krishna.malhotra171@gmail.com,2022/10/05
CUST01712,Kabir Bhatt,22.0,Male,Indore,kabir.bhatt800@mail.com,
CUST01713,Farhan Menon,33.0,Male,  Faridabad  ,farhan.menon840@outlook.com,17-07-2020
CUST01714,Vivaan Ansari,50.0,Female,  Faridabad  ,vivaan.ansari848@gmail.com,06-06-2019
CUST01715,,41.0,Male,Chennai,user1715862@gmail.com,2022/03/21
CUST01716,Kabir Rao,22.0,Male,  Chandigarh  ,kabir.rao996@mail.com,19-04-2024
CUST01717,Karan Saxena,45.0,Male,jaipur,karan.saxena106@gmail.com,
CUST01718,Anika Yadav,23.0,Male,Jaipur,anika.yadav138@yahoo.com,05-04-2024
CUST01719,Aditya Verma,33.0,M,Jaipur,aditya.verma131@outlook.com,2024/01/12
CUST01720,Anika Saxena,37.0,Female,NOIDA,anika.saxena446@gmail.com,25-11-2025
CUST01721,Tanvi Pandey,-40.0,Male,Indore,tanvi.pandey632@gmail.com,
CUST01722,Sandeep Kapoor,38.0,Male,GURUGRAM,sandeep.kapoor277@yahoo.com,11-21-2019
CUST01723,Yash Rao,28.0,Male,Faridabad,yash.rao7@outlook.com,2019/03/19
CUST01724,Kavya Khan,31.0,Female,Noida,kavya.khan629@yahoo.com,00-00-0000
CUST01725,Aadhya Sharma,23.0,F,Mumbai,aadhya.sharma845@gmail.com,02-06-2021
CUST01726,Manish Dubey,103.0,Female,lucknow,manish.dubey951@gmail.com,04-09-2020
CUST01727,Vivaan Ansari,29.0,Male,Gurugram,vivaan.ansari951@yahoo.com,
CUST01728,Vivaan Reddy,35.0,Female,DELHI,vivaan.reddy157@yahoo.com,2025/10/29
CUST01729,Rohan Khan,20.0,Male,Faridabad,rohan.khan267@mail.com,12-01-2024
CUST01730,Rohan Pandey,27.0,Male,Jaipur,rohan.pandey290@gmail.com,2023/09/30
CUST01731,Farhan Tiwari,13.0,Male,ahmedabad,farhan.tiwari629gmail.com,2020/03/31
CUST01732,Kabir Verma,-23.0,F,Pune,kabir.verma160@yahoo.com,26 Mar 2022
CUST01733,Aarav Bhatt,,Female,Kolkata,aarav.bhatt223@outlook.com,08-31-2021
CUST01734,Kiara Ansari,31.0,M,Lucknow,KIARA.ANSARI441@OUTLOOK.COM,18-05-2022
CUST01735,Farhan Bhatt,37.0,Female,Hyderabad,farhan.bhatt139@mail.com,00-00-0000
CUST01736,Karan Desai,48.0,Male,bangalore,karan.desai835@yahoo.com,15 Jul 2019
CUST01737,  Manish Sharma  ,40.0,Female,NOIDA,manish.sharma670@gmail.com,2021/09/03
CUST01738,  Myra Singh  ,125.0,Male,mumbai,myra.singh597@outlook.com,16-09-2023
CUST01739,Neha Dubey,29.0,F,Jaipur,neha.dubey560@yahoo.com,26-12-2025
CUST01740,Krishna Chopra,29.0,Other,Ahmedabad,krishna.chopra861@outlook.com,16/02/2024
CUST01741,Ayesha Pandey,,Male,  Hyderabad  ,ayesha.pandey165@yahoo.com,
CUST01742,Sneha Mishra,35.0,Male,,sneha.mishra978@gmail.com,30-03-2020
CUST01743,Aadhya Shah,33.0,Female,BHOPAL,aadhya.shah637@yahoo.com,08-09-2024
CUST01744,Sandeep Ansari,38.0,Female,  Jaipur  ,sandeep.ansari607@mail.com,
CUST01745,Arjun Sharma,36.0,Male,Jaipur,arjun.sharma428@outlook.com,
CUST01746,Vihaan Nair,37.0,Female,Lucknow,vihaan.nair579@yahoo.com,2019/03/09
CUST01747,Pooja Desai,49.0,Other,Chennai,pooja.desai386@yahoo.com,00-00-0000
CUST01748,Ayesha Reddy,33.0,male,Bangalore,ayesha.reddy301@yahoo.com,13-06-2025
CUST01749,Rohan Ansari,27.0,Female,Chennai,rohan.ansari321@gmail.com,17 Sep 2021
CUST01750,Kiara Rathore,34.0,Male,Delhi,kiara.rathore690@yahoo.com,11/08/2020
CUST01751,Rehan Ansari,28.0,Female,noida,rehan.ansari618@mail.com,08-04-2022
CUST01752,Vivaan Chopra,24.0,Male,Bangalore,vivaan.chopra146@yahoo.com,25-10-2023
CUST01753,Sandeep Iyer,24.0,Male,,nan,07/01/2019
CUST01754,Amit Chauhan,36.0,Female,  Jaipur  ,amit.chauhan668@mail.com,23-11-2025
CUST01755,Shreya Khan,,Female,Chandigarh,shreya.khan261@yahoo.com,2022/12/16
CUST01756,Kiara Gupta,32.0,Male, Delhi,kiara.gupta357@gmail.com,2021/09/12
CUST01757,Rohan Chopra,31.0,M,Kolkata,rohan.chopra110@mail.com,2025/05/26
CUST01758,Vivaan Dubey,-22.0,Female, Delhi,vivaan.dubey675mail.com,03 Sep 2023
CUST01759,Manish Shah,22.0,Female,Chandigarh,manish.shah761@gmail.com,06 Feb 2021
CUST01760,Yash Rathore,35.0,Other,Bhopal,yash.rathore452@gmail.com,12-17-2019
CUST01761,Riya Kumar,42.0,Male,BANGALORE,riya.kumar638@gmail.com,00-00-0000
CUST01762,Nikhil Dubey,39.0,male,  Hyderabad  ,nikhil.dubey741@outlook.com,2023/01/17
CUST01763,Ganesh Dubey,21.0,Female,Chennai,ganesh.dubey701@mail.com,05 Oct 2019
CUST01764,Vihaan Joshi,36.0,Female,Chandigarh,vihaan.joshi354@mail.com,11-24-2024
CUST01765,Vivaan Malhotra,33.0,Male,Mumbai,vivaan.malhotra764@yahoo.com,02-06-2025
CUST01766,Ira Shah,13.0,Female,Pune,ira.shah484@yahoo.com,2024/09/09
CUST01767,Kabir Malhotra,43.0,M,lucknow,kabir.malhotra596@yahoo.com,10/09/2024
CUST01768,Suresh Iyer,61.0,Other,Bhopal,suresh.iyer556@outlook.com,2025/03/19
CUST01769,Amit Rao,24.0,Male,Ahmedabad,amit.rao970@mail.com,2019/03/25
CUST01770,Nikhil Ansari,44.0,Male,gurugram,nikhil.ansari942@outlook.com,2023/05/19
CUST01771,Amit Sharma,41.0,Female,Kolkata,amit.sharma172@gmail.com,09 Apr 2024
CUST01772,Farhan Pandey,29.0,female,  Hyderabad  ,farhan.pandey69@yahoo.com,2019/06/28
CUST01773,Aryan Shah,49.0,Male,Mumbai,aryan.shah247@gmail.com,04/05/2023
CUST01774,,51.0,Female,Noida,user177471@outlook.com,03-10-2023
CUST01775,Kabir Rao,24.0,Female,lucknow,kabir.rao780@gmail.com,04/11/2021
CUST01776,Priya Joshi,34.0,Male,Ahmedabad,priya.joshi329@gmail.com,08-03-2019
CUST01777,Tanvi Pandey,-42.0,Male,KOLKATA,tanvi.pandey672@gmail.com,2023/01/02
CUST01778,Ishaan Chauhan,38.0,Male,mumbai,ISHAAN.CHAUHAN157@MAIL.COM,00-00-0000
CUST01779,Navya Verma,26.0,Female,Lucknow,navya.verma980@outlook.com,2022/11/13
CUST01780,Saanvi Pandey,9.0,Male,JAIPUR,saanvi.pandey850@gmail.com,14/09/2021
CUST01781,Farhan Reddy,43.0,Female,Ahmedabad,farhan.reddy204@gmail.com,29-02-2020
CUST01782,Manish Chopra,35.0,Female,hyderabad,manish.chopra384@gmail.com,
CUST01783,Ira Desai,29.0,Female,Chandigarh,ira.desai670@mail.com,00-00-0000
CUST01784,Aarav Yadav,35.0,Male,jaipur,aarav.yadav279@mail.com,2020/06/30
CUST01785,Myra Rao,-24.0,Male,Faridabad,myra.rao719@yahoo.com,2019/07/01
CUST01786,Sneha Agarwal,33.0,Male, Pune,sneha.agarwal127@mail.com,14-12-2022
CUST01787,Ira Rathore,45.0,Other,faridabad,ira.rathore567@outlook.com,2025/02/14
CUST01788,Isha Pandey,12.0,Other,Jaipur,isha.pandey497@mail.com,2022/10/18
CUST01789,Isha Patel,38.0,Female,Jaipur,isha.patel712@mail.com,18-12-2020
CUST01790,Ganesh Yadav,40.0,M,CHENNAI,ganesh.yadav520@gmail.com,2024/03/18
CUST01791,Ganesh Patel,38.0,Male,FARIDABAD,ganesh.patel345@yahoo.com,00-00-0000
CUST01792,Yash Gupta,56.0,Female,INDORE,yash.gupta149@yahoo.com,01-16-2021
CUST01793,Rohan Agarwal,25.0,Female,Chandigarh,rohan.agarwal81@yahoo.com,06/07/2020
CUST01794,Ishaan Verma,30.0,female,mumbai,ishaan.verma334@outlook.com,16-09-2019
CUST01795,Ayesha Iyer,52.0,F,Indore,ayesha.iyer564@mail.com,18/02/2024
CUST01796,Pooja Pandey,28.0,Male,delhi,pooja.pandey608@gmail.com,01-06-2019
CUST01797,Farhan Singh,36.0,Female,hyderabad,farhan.singh668mail.com,16-04-2022
CUST01798,Rohan Reddy,47.0,Male,Chandigarh,rohan.reddy750@mail.com,05/04/2021
CUST01799,Vivaan Desai,42.0,Male,Kolkata,vivaan.desai660@mail.com,
CUST01800,Ira Reddy,34.0,Male,indore,ira.reddy649@outlook.com,2021/03/28
CUST01801,Nikhil Khan,43.0,Female,BANGALORE,nikhil.khan957@gmail.com,06-21-2019
CUST01802,Kabir Bansal,26.0,Other,kolkata,kabir.bansal293@gmail.com,07-16-2022
CUST01803,Zara Shah,25.0,Female,NOIDA,zara.shah80@yahoo.com,24-06-2022
CUST01804,Diya Rathore,35.0,Other,Jaipur,diya.rathore306@yahoo.com,2024/10/12
CUST01805,Dhruv Verma,60.0,Female,  Kolkata  ,dhruv.verma16@outlook.com,20-06-2023
CUST01806,Vivaan Chopra,35.0,F,INDORE,vivaan.chopra776@gmail.com,02/02/2025
CUST01807,Aadhya Joshi,23.0,M,INDORE,aadhya.joshi85@mail.com,23/04/2024
CUST01808,Ira Kapoor,28.0,Female,Indore,ira.kapoor932@yahoo.com,2021/11/03
CUST01809,Pari Singh,43.0,Male,faridabad,PARI.SINGH596@MAIL.COM,00-00-0000
CUST01810,Vihaan Ansari,37.0,Female,bangalore,vihaan.ansari803@mail.com,21-02-2021
CUST01811,Imran Patel,133.0,Male,BHOPAL,imran.patel685@yahoo.com,17/03/2022
CUST01812,Sneha Desai,17.0,Male,  Jaipur  ,sneha.desai29@yahoo.com,00-00-0000
CUST01813,Vihaan Bansal,15.0,Male,Gurugram,vihaan.bansal877@gmail.com,15/07/2019
CUST01814,Nikhil Pandey,29.0,female,Jaipur,nikhil.pandey475@gmail.com,2022/09/21
CUST01815,Ishaan Patel,52.0,Female,HYDERABAD,ishaan.patel898@mail.com,24 Jan 2022
CUST01816,Rehan Menon,40.0,M,Pune,rehan.menon251@mail.com,24/05/2020
CUST01817,Suresh Sharma,41.0,Female,Jaipur,suresh.sharma269@yahoo.com,2023/02/16
CUST01818,Manish Agarwal,15.0,Female,Bangalore,manish.agarwal139@mail.com,25-11-2023
CUST01819,Kavya Bansal,28.0,Female,Bangalore,kavya.bansal829@outlook.com,27-06-2023
CUST01820,Mohammed Bhatt,47.0,Male,,mohammed.bhatt998@gmail.com,2023/12/07
CUST01821,Isha Ansari,34.0,Male,Hyderabad,isha.ansari42@yahoo.com,03/05/2023
CUST01822,Rohan Patel,29.0,Male,  Delhi  ,rohan.patel479@mail.com,10-20-2022
CUST01823,Ishaan Mishra,19.0,Female,PUNE,ishaan.mishra741@yahoo.com,04-02-2021
CUST01824,Neha Chauhan,26.0,Male,BANGALORE,neha.chauhan250@yahoo.com,25-07-2024
CUST01825,Riya Kapoor,,Other,  Indore  ,riya.kapoor139@yahoo.com,07-30-2024
CUST01826,Navya Verma,26.0,Male,Hyderabad,navya.verma943@yahoo.com,2023/02/13
CUST01827,Kiara Tiwari,42.0,Female,Kolkata,kiara.tiwari385@mail.com,10-27-2024
CUST01828,Amit Mishra,20.0,Male,Bangalore,amit.mishra4@gmail.com,28-12-2021
CUST01829,Rohan Dubey,145.0,Male,Kolkata,rohan.dubey334@outlook.com,05-12-2019
CUST01830,Aryan Ansari,36.0,Male,Indore,aryan.ansari333@gmail.com,05-10-2023
CUST01831,Amit Chauhan,21.0,Female,Chennai,amit.chauhan466@outlook.com,20 Nov 2019
CUST01832,Nikhil Desai,28.0,Female,ahmedabad,nikhil.desai630@yahoo.com,30/10/2023
CUST01833,Anika Menon,29.0,Female, Gurugram,anika.menon739@outlook.com,2025/10/03
CUST01834,Farhan Nair,22.0,Male,Indore,farhan.nair678gmail.com,09/01/2021
CUST01835,Krishna Kumar,17.0,Female,faridabad,krishna.kumar788@gmail.com,12-02-2025
CUST01836,Tanvi Chauhan,30.0,Female,  Hyderabad  ,tanvi.chauhan601@mail.com,2022/04/18
CUST01837,  Pooja Sharma  ,42.0,Male,,pooja.sharma212@gmail.com,2022/08/08
CUST01838,Manish Sharma,38.0,Female,Lucknow,manish.sharma832@yahoo.com,25-02-2020
CUST01839,Aarav Desai,23.0,Female,Mumbai,aarav.desai245@gmail.com,11-24-2019
CUST01840,Imran Sharma,39.0,Male,Kolkata,imran.sharma900@yahoo.com,00-00-0000
CUST01841,Aadhya Khan,52.0,Male,Pune,aadhya.khan514@outlook.com,04-25-2022
CUST01842,Shreya Desai,37.0,Male,CHANDIGARH,shreya.desai167@gmail.com,06-09-2022
CUST01843,Navya Gupta,25.0,M,Bhopal,navya.gupta295@gmail.com,01 Jan 2024
CUST01844,Tanvi Yadav,26.0,F,Lucknow,tanvi.yadav476@mail.com,04 Oct 2025
CUST01845,Riya Shah,38.0,Male,Gurugram,riya.shah645@mail.com,12-10-2023
CUST01846,Dhruv Singh,10.0,Male,Bangalore,dhruv.singh875@yahoo.com,13-11-2020
CUST01847,Ramesh Mishra,42.0,,DELHI,ramesh.mishra882@outlook.com,2023/12/24
CUST01848,Neha Yadav,29.0,Male,  Gurugram  ,neha.yadav607@yahoo.com,2022/12/10
CUST01849,Ayesha Chauhan,36.0,Male,delhi,ayesha.chauhan437@gmail.com,06-01-2024
CUST01850,Isha Saxena,37.0,Female,delhi,isha.saxena114@yahoo.com,
CUST01851,Kavya Ansari,45.0,Male,  Pune  ,kavya.ansari100@yahoo.com,15-12-2022
CUST01852,Priya Chauhan,43.0,Female,kolkata,priya.chauhan732@mail.com,23 Nov 2025
CUST01853,Rahul Singh,24.0,Other,Jaipur,rahul.singh818@yahoo.com,2023/11/17
CUST01854,Krishna Ansari,33.0,Male,MUMBAI,krishna.ansari247@outlook.com,29/01/2022
CUST01855,Mohammed Nair,39.0,Male,NOIDA,mohammed.nair640@yahoo.com,23-08-2019
CUST01856,Aadhya Patel,47.0,Male,Indore,aadhya.patel294@gmail.com,00-00-0000
CUST01857,Ishaan Sharma,34.0,Male,Bangalore,ishaan.sharma685@gmail.com,22 Jul 2023
CUST01858,Mohammed Bansal,34.0,Female,Delhi,mohammed.bansal122@mail.com,28-01-2023
CUST01859,Rahul Singh,37.0,Male,Lucknow,rahul.singh638@yahoo.com,02 Oct 2024
CUST01860,Sneha Sharma,22.0,Female,Hyderabad,sneha.sharma96@gmail.com,17-10-2020
CUST01861,Ayesha Bhatt,36.0,male,Kolkata,ayesha.bhatt646@yahoo.com,08-05-2019
CUST01862,Pari Sharma,37.0,F,Ahmedabad,pari.sharma408@outlook.com,08-07-2020
CUST01863,Riya Desai,35.0,M,Bhopal,riya.desai92@outlook.com,24-10-2025
CUST01864,Ira Gupta,35.0,Female,  Bangalore  ,ira.gupta952@mail.com,30-11-2023
CUST01865,Tanvi Yadav,,Male,Delhi,tanvi.yadav576@outlook.com,
CUST01866,Aditya Khan,29.0,Male,LUCKNOW,aditya.khan935@outlook.com,01-06-2020
CUST01867,Rehan Bansal,31.0,Female,Noida,rehan.bansal628@mail.com,03-10-2019
CUST01868,Imran Dubey,27.0,Female,hyderabad,imran.dubey58@mail.com,24-08-2021
CUST01869,Aadhya Chauhan,23.0,Female,MUMBAI,aadhya.chauhan669@yahoo.com,2023/02/09
CUST01870,Tanvi Malhotra,33.0,Male,bhopal,tanvi.malhotra117@gmail.com,
CUST01871,Aadhya Nair,32.0,Female,Ahmedabad,aadhya.nair173@outlook.com,18/04/2023
CUST01872,Anika Agarwal,24.0,Male,  Delhi  ,anika.agarwal557@yahoo.com,05-12-2025
CUST01873,Sandeep Iyer,33.0,M,Pune,sandeep.iyer834@outlook.com,05-13-2019
CUST01874,Vivaan Chopra,46.0,Male,  Chandigarh  ,vivaan.chopra639@mail.com,14-10-2025
CUST01875,Karan Tiwari,7.0,Female,CHENNAI,karan.tiwari438@outlook.com,09-20-2020
CUST01876,Anika Desai,31.0,Female,KOLKATA,anika.desai218@mail.com,01-17-2024
CUST01877,Mohammed Singh,149.0,female,bhopal,mohammed.singh670@gmail.com,28-02-2023
CUST01878,Farhan Malhotra,40.0,Male,CHENNAI,nan,04/03/2023
CUST01879,Krishna Chopra,10.0,Male,DELHI,krishna.chopra295@mail.com,24/12/2023
CUST01880,Kavya Ansari,32.0,F, Kolkata,kavya.ansari783@outlook.com,2019/11/11
CUST01881,Myra Singh,42.0,Female,Hyderabad,myra.singh343@gmail.com,00-00-0000
CUST01882,Sneha Patel,19.0,Male,Bangalore,sneha.patel384@outlook.com,17-07-2020
CUST01883,Myra Bansal,16.0,Male,,myra.bansal21@gmail.com,08-12-2024
CUST01884,Simran Menon,27.0,Male,  Pune  ,simran.menon306gmail.com,2023/02/12
CUST01885,Ayesha Pandey,32.0,Male,Jaipur,ayesha.pandey750@mail.com,19-06-2023
CUST01886,Ayesha Singh,-29.0,Female,ahmedabad,ayesha.singh391@outlook.com,2022/07/11
CUST01887,Ganesh Kumar,33.0,Male,Indore,ganesh.kumar770@yahoo.com,
CUST01888,Saanvi Rao,35.0,nan,  Bhopal  ,saanvi.rao593@outlook.com,19-10-2021
CUST01889,Saanvi Agarwal,23.0,Male,lucknow,saanvi.agarwal623@outlook.com,09/04/2020
CUST01890,Manish Reddy,35.0,Male,Indore,manish.reddy604@outlook.com,2019/04/17
CUST01891,Sai Joshi,37.0,Female, Bhopal,sai.joshi11@yahoo.com,01/02/2021
CUST01892,Tanvi Kumar,24.0,Female,CHANDIGARH,tanvi.kumar136@gmail.com,06-08-2024
CUST01893,Navya Kapoor,,Female,chandigarh,navya.kapoor430@yahoo.com,2024/10/21
CUST01894,Suresh Bansal,33.0,male,Bhopal,suresh.bansal622@outlook.com,05-05-2023
CUST01895,Pari Saxena,46.0,Other,PUNE,pari.saxena976@mail.com,19-04-2025
CUST01896,Isha Reddy,31.0,Female,Kolkata,isha.reddy345@yahoo.com,27/04/2020
CUST01897,Ayaan Rathore,51.0,Female,,ayaan.rathore481@mail.com,08-12-2021
CUST01898,Sai Saxena,16.0,Male,ahmedabad,sai.saxena372@yahoo.com,02 Dec 2021
CUST01899,Neha Verma,36.0,Male,jaipur,neha.verma797@gmail.com,02-01-2024
CUST01900,Rahul Bhatt,17.0,Male,Chandigarh,RAHUL.BHATT540@MAIL.COM,
CUST01901,Arjun Sharma,35.0,Female,Faridabad,arjun.sharma263@mail.com,2025/11/11
CUST01902,Aadhya Ansari,7.0,Female,Hyderabad,aadhya.ansari267@gmail.com,15-03-2022
CUST01903,Ira Joshi,39.0,Male,Delhi,ira.joshi322@yahoo.com,00-00-0000
CUST01904,Karan Mishra,21.0,Female,kolkata,karan.mishra288@outlook.com,03-30-2021
CUST01905,Sneha Bansal,42.0,Male,  Pune  ,sneha.bansal990@mail.com,17-05-2020
CUST01906,Karan Reddy,-32.0,Male,Chandigarh,karan.reddy281@mail.com,2020/07/09
CUST01907,Riya Chopra,30.0,Male,kolkata,riya.chopra215@yahoo.com,
CUST01908,Neha Singh,33.0,Other,  Delhi  ,neha.singh237@yahoo.com,00-00-0000
CUST01909,Sai Singh,11.0,Male, Chennai,sai.singh897@gmail.com,2020/12/08
CUST01910,Kavya Malhotra,46.0,Female,Pune,kavya.malhotra659@gmail.com,29-12-2023
CUST01911,Arjun Shah,25.0,Male,Noida,arjun.shah34@gmail.com,26-12-2019
CUST01912,Sandeep Singh,36.0,Other,Chennai,sandeep.singh349@yahoo.com,02/08/2022
CUST01913,Rahul Agarwal,36.0,Female,  Chennai  ,rahul.agarwal309@mail.com,24/11/2022
CUST01914,Simran Verma,39.0,M, Bangalore,simran.verma878@yahoo.com,23-09-2019
CUST01915,Suresh Rao,16.0,F,Hyderabad,suresh.rao690@mail.com,02-03-2025
CUST01916,Saanvi Dubey,31.0,Female,,saanvi.dubey877@gmail.com,2025/01/29
CUST01917,Kavya Joshi,22.0,F,hyderabad,kavya.joshi901@mail.com,2022/04/04
CUST01918,Reyansh Rathore,29.0,Male,,reyansh.rathore689@gmail.com,05-13-2022
CUST01919,Ananya Pandey,28.0,Female,,ananya.pandey953@yahoo.com,2020/10/07
CUST01920,Priya Khan,45.0,Male,Noida,priya.khan807@outlook.com,14/12/2020
CUST01921,Rahul Iyer,29.0,Female,  Mumbai  ,rahul.iyer743@yahoo.com,20-01-2023
CUST01922,Mohammed Iyer,,Female,  Bangalore  ,mohammed.iyer832@gmail.com,14-09-2024
CUST01923,Karan Pandey,44.0,Male,hyderabad,karan.pandey492@gmail.com,07 Jul 2021
CUST01924,Navya Nair,47.0,Male,bhopal,navya.nair873@outlook.com,2020/05/12
CUST01925,Kabir Reddy,32.0,Male,  Bangalore  ,kabir.reddy523@yahoo.com,2021/04/03
CUST01926,Simran Bhatt,38.0,Male, Chandigarh,simran.bhatt13@yahoo.com,22/07/2020
CUST01927,Suresh Iyer,42.0,Male,AHMEDABAD,suresh.iyer524@gmail.com,27-08-2021
CUST01928,Simran Singh,21.0,Female,Ahmedabad,simran.singh570@gmail.com,2024/07/16
CUST01929,Vivaan Reddy,24.0,M,Ahmedabad,vivaan.reddy774@outlook.com,18/04/2019
CUST01930,Vivaan Bansal,33.0,Male,hyderabad,vivaan.bansal697@yahoo.com,18-01-2023
CUST01931,Reyansh Rao,33.0,Male,Kolkata,reyansh.rao506@mail.com,19 Mar 2025
CUST01932,Saanvi Yadav,37.0,Female,Faridabad,saanvi.yadav778@mail.com,06-02-2025
CUST01933,Tanvi Desai,37.0,Female,hyderabad,tanvi.desai666@gmail.com,20-02-2023
CUST01934,Ananya Verma,33.0,Female,Faridabad,ananya.verma237@yahoo.com,00-00-0000
CUST01935,Kiara Saxena,35.0,Male,  Chandigarh  ,kiara.saxena255@gmail.com,09/03/2025
CUST01936,,18.0,Female,  Ahmedabad  ,user1936408@mail.com,15 Jun 2020
CUST01937,Ayesha Mishra,40.0,Female,  Bangalore  ,ayesha.mishra875@gmail.com,11-11-2025
CUST01938,Reyansh Chauhan,28.0,Male,faridabad,reyansh.chauhan417@yahoo.com,20/12/2019
CUST01939,Aryan Gupta,,Female,indore,aryan.gupta895@outlook.com,2019/09/27
CUST01940,Sai Bansal,-21.0,Female,jaipur,sai.bansal784@mail.com,2022/06/20
CUST01941,Ishaan Iyer,38.0,Female,Pune,ishaan.iyer434@outlook.com,19 Jun 2023
CUST01942,Sneha Menon,36.0,Male,Indore,sneha.menon641@outlook.com,14-05-2024
CUST01943,Diya Sharma,42.0,Female,  Delhi  ,diya.sharma311@mail.com,2024/11/23
CUST01944,Sneha Nair,,Male,GURUGRAM,sneha.nair541@yahoo.com,2023/08/10
CUST01945,Rehan Reddy,20.0,F,Ahmedabad,rehan.reddy979@outlook.com,08-05-2023
CUST01946,Amit Khan,42.0,Female,Kolkata,amit.khan763@yahoo.com,06-12-2025
CUST01947,Shreya Verma,9.0,Male,ahmedabad,shreya.verma348@mail.com,00-00-0000
CUST01948,Ayesha Kapoor,25.0,Male,Mumbai,ayesha.kapoor480@gmail.com,05-28-2020
CUST01949,Amit Khan,41.0,Male,chandigarh,amit.khan809@mail.com,2022/07/22
CUST01950,Sandeep Pandey,19.0,Male, Hyderabad,sandeep.pandey28@outlook.com,2019/10/31
CUST01951,Imran Tiwari,38.0,Female,,imran.tiwari985@outlook.com,
CUST01952,Mohammed Pandey,32.0,F,Jaipur,mohammed.pandey469@outlook.com,23-03-2024
CUST01953,Yash Tiwari,31.0,Female,Faridabad,yash.tiwari114@mail.com,20/10/2024
CUST01954,Ayaan Patel,38.0,Female,Indore,ayaan.patel404@mail.com,2022/11/12
CUST01955,Tanvi Rathore,8.0,Female,Pune,tanvi.rathore927mail.com,09-06-2020
CUST01956,Dhruv Ansari,36.0,Female,FARIDABAD,dhruv.ansari958@outlook.com,08-03-2025
CUST01957,Sandeep Tiwari,35.0,Female,Delhi,sandeep.tiwari342@mail.com,2025/08/04
CUST01958,Neha Saxena,39.0,Male,bangalore,neha.saxena284@outlook.com,15-01-2021
CUST01959,Sai Ansari,16.0,Male, Ahmedabad,sai.ansari810@outlook.com,00-00-0000
CUST01960,Isha Sharma,35.0,Male,Ahmedabad,isha.sharma132@gmail.com,08/11/2023
CUST01961,Farhan Kapoor,50.0,Female,,farhan.kapoor995@yahoo.com,21/08/2024
CUST01962,Shreya Patel,34.0,Male,Jaipur,shreya.patel786@outlook.com,2019/08/15
CUST01963,Ganesh Ansari,47.0,Male,gurugram,ganesh.ansari887@outlook.com,23-05-2020
CUST01964,Farhan Menon,35.0,Male, Chennai,farhan.menon121@outlook.com,23/10/2024
CUST01965,Arjun Agarwal,42.0,Female,Chandigarh,arjun.agarwal879@yahoo.com,18-09-2020
CUST01966,Zara Saxena,25.0,Male,Kolkata,zara.saxena664@mail.com,30/05/2022
CUST01967,Simran Nair,34.0,Female,pune,simran.nair437@mail.com,2020/11/05
CUST01968,Pooja Bansal,31.0,Male,Faridabad,pooja.bansal914@mail.com,25-10-2020
CUST01969,Yash Tiwari,48.0,Female,Pune,yash.tiwari197@gmail.com,14-08-2022
CUST01970,  Shreya Kumar  ,35.0,Male,  Noida  ,shreya.kumar244@outlook.com,
CUST01971,Pari Reddy,32.0,Female,Faridabad,pari.reddy816@gmail.com,18-11-2022
CUST01972,Aadhya Malhotra,35.0,Other,Jaipur,aadhya.malhotra309@yahoo.com,26 Oct 2024
CUST01973,Aditya Pandey,15.0,Female,Lucknow,aditya.pandey172@outlook.com,00-00-0000
CUST01974,Kiara Malhotra,26.0,Male,jaipur,kiara.malhotra803@yahoo.com,2019/11/20
CUST01975,Farhan Bansal,25.0,Female,Mumbai,farhan.bansal796@yahoo.com,23-10-2021
CUST01976,Dhruv Khan,103.0,Male, Delhi,dhruv.khan23@outlook.com,15/03/2021
CUST01977,  Sandeep Singh  ,34.0,Male,Jaipur,sandeep.singh344@outlook.com,06/03/2025
CUST01978,Rehan Shah,27.0,Female,AHMEDABAD,rehan.shah32@mail.com,29 Jan 2022
CUST01979,Arjun Nair,27.0,Male,kolkata,arjun.nair360@yahoo.com,2020/05/27
CUST01980,Shreya Gupta,16.0,male,Chandigarh,shreya.gupta708@yahoo.com,05-25-2022
CUST01981,Neha Mishra,20.0,Female,Faridabad,neha.mishra7@mail.com,2025/11/21
CUST01982,  Imran Iyer  ,34.0,M,Chennai,imran.iyer375@gmail.com,25-12-2024
CUST01983,Riya Agarwal,113.0,Other,Pune,nan,18/01/2020
CUST01984,Isha Tiwari,50.0,Male, Chandigarh,isha.tiwari953@gmail.com,
CUST01985,Rohan Menon,41.0,Male,Ahmedabad,rohan.menon281@yahoo.com,21 Nov 2020
CUST01986,Reyansh Singh,25.0,Male,noida,reyansh.singh216@outlook.com,2025/08/21
CUST01987,Simran Iyer,23.0,Male,Lucknow,simran.iyer274@outlook.com,06 Jul 2025
CUST01988,Amit Shah,41.0,Male, Bhopal,amit.shah1@outlook.com,23/09/2020
CUST01989,Tanvi Kumar,,Male,hyderabad,tanvi.kumar303@mail.com,02-12-2020
CUST01990,Kavya Tiwari,32.0,Male,Gurugram,kavya.tiwari901@mail.com,10-14-2025
CUST01991,Arjun Chopra,23.0,Female,Kolkata,arjun.chopra174@gmail.com,14/10/2022
CUST01992,Ishaan Saxena,27.0,F,Delhi,ishaan.saxena900@yahoo.com,27-04-2025
CUST01993,Rehan Pandey,15.0,Male,Jaipur,rehan.pandey991@gmail.com,
CUST01994,Neha Nair,49.0,female,Chandigarh,neha.nair316@yahoo.com,2019/04/27
CUST01995,  Rohan Verma  ,26.0,Male,Mumbai,rohan.verma378@yahoo.com,29 Nov 2019
CUST01996,Yash Kapoor,40.0,Male,Chennai,yash.kapoor967@mail.com,2019/07/06
CUST01997,Rahul Desai,,Female,Kolkata,rahul.desai524@mail.com,2025/06/20
CUST01998,Vivaan Dubey,26.0,Other,pune,vivaan.dubey856@gmail.com,20 Dec 2021
CUST01999,Kiara Dubey,24.0,Male,Pune,kiara.dubey885@outlook.com,13/05/2021
CUST02000,Ayesha Bansal,21.0,Male,noida,ayesha.bansal838@yahoo.com,
CUST02001,Ira Verma,33.0,Female,Delhi,ira.verma414@mail.com,
CUST02002,Suresh Shah,25.0,Female,Gurugram,suresh.shah174@outlook.com,06-12-2025
CUST02003,Arjun Verma,31.0,M,,nan,05/05/2019
CUST02004,  Krishna Singh  ,27.0,Female,Pune,krishna.singh804@yahoo.com,01/08/2024
CUST02005,Shreya Bansal,26.0,Male,Bangalore,shreya.bansal626@gmail.com,12-02-2025
CUST02006,Rahul Ansari,23.0,Female,Bangalore,rahul.ansari278@outlook.com,01/04/2022
CUST02007,  Reyansh Patel  ,16.0,Male,faridabad,reyansh.patel216@yahoo.com,
CUST02008,Vihaan Kapoor,50.0,Female,jaipur,vihaan.kapoor48@gmail.com,01/06/2024
CUST02009,Krishna Mishra,21.0,,Gurugram,krishna.mishra241@outlook.com,
CUST02010,Sandeep Bansal,14.0,Male,Gurugram,sandeep.bansal143@yahoo.com,2023/07/22
CUST02011,Anika Yadav,24.0,Male, Bhopal,anika.yadav696@yahoo.com,2022/05/03
CUST02012,Aryan Nair,29.0,Female,Jaipur,aryan.nair881@gmail.com,01/02/2024
CUST02013,Kabir Malhotra,42.0,Male,BHOPAL,kabir.malhotra207@outlook.com,
CUST02014,Aarav Bansal,33.0,Female,Bhopal,aarav.bansal559@mail.com,03-09-2019
CUST02015,Sneha Shah,25.0,Other,Pune,sneha.shah393mail.com,09/10/2020
CUST02016,Manish Bansal,44.0,F,Noida,manish.bansal934@mail.com,06/12/2023
CUST02017,Ayaan Pandey,17.0,F,Jaipur,ayaan.pandey181@outlook.com,30 Aug 2023
CUST02018,Ananya Rao,44.0,Male,Ahmedabad,ananya.rao440@gmail.com,06 Jun 2024
CUST02019,Riya Iyer,31.0,Male,Chandigarh,riya.iyer554@gmail.com,2024/03/17
CUST02020,Ayesha Gupta,43.0,Female,pune,ayesha.gupta710gmail.com,2021/04/15
CUST02021,Rahul Dubey,40.0,Female,KOLKATA,rahul.dubey385@outlook.com,2022/10/25
CUST02022,Kabir Bansal,5.0,Female,Gurugram,kabir.bansal489@mail.com,20/10/2025
CUST02023,Aarav Mishra,55.0,nan,Pune,aarav.mishra93@mail.com,11/08/2020
CUST02024,Kabir Khan,27.0,Other,Gurugram,kabir.khan441@outlook.com,04-07-2022
CUST02025,Rohan Bansal,22.0,Male,Bangalore,rohan.bansal33@gmail.com,31-07-2022
CUST02026,Ananya Reddy,24.0,Male,Ahmedabad,ananya.reddy52@outlook.com,00-00-0000
CUST02027,Priya Chauhan,43.0,Female, Delhi,priya.chauhan677@outlook.com,22 Jun 2023
CUST02028,Aditya Kumar,37.0,Female,Lucknow,aditya.kumar254@yahoo.com,2020/06/19
CUST02029,Farhan Patel,30.0,female,Noida,farhan.patel740@gmail.com,26/02/2023
CUST02030,Vivaan Gupta,29.0,Female,DELHI,vivaan.gupta972@yahoo.com,10-10-2024
CUST02031,Rahul Verma,,Male,Faridabad,rahul.verma536@outlook.com,2025/04/19
CUST02032,Saanvi Khan,39.0,Female,,saanvi.khan803@yahoo.com,10 Mar 2020
CUST02033,Ayaan Reddy,29.0,Female,Lucknow,ayaan.reddy727@mail.com,
CUST02034,Aadhya Gupta,38.0,Male,Chandigarh,aadhya.gupta268@yahoo.com,00-00-0000
CUST02035,Rahul Chopra,21.0,Male,lucknow,rahul.chopra231@mail.com,25-03-2024
CUST02036,Vivaan Verma,41.0,Female,  Bangalore  ,vivaan.verma982@outlook.com,16-05-2020
CUST02037,Manish Chauhan,53.0,Female,  Gurugram  ,manish.chauhan978@outlook.com,12-31-2021
CUST02038,Rohan Rathore,40.0,Female,Bhopal,rohan.rathore669@outlook.com,00-00-0000
CUST02039,Ira Desai,44.0,Female,  Noida  ,ira.desai823@outlook.com,
CUST02040,Amit Tiwari,50.0,Female,chandigarh,amit.tiwari732@mail.com,2020/07/31
CUST02041,  Aditya Yadav  ,21.0,Female,Ahmedabad,aditya.yadav362@mail.com,01-02-2020
CUST02042,Dhruv Khan,36.0,M,bhopal,dhruv.khan858@yahoo.com,07-27-2019
CUST02043,Aryan Bansal,39.0,M,Bangalore,ARYAN.BANSAL261@MAIL.COM,04-03-2022
CUST02044,Ishaan Tiwari,50.0,Female,BANGALORE,ishaan.tiwari821@mail.com,2023/04/23
CUST02045,Zara Tiwari,36.0,Female,INDORE,zara.tiwari619@mail.com,2025/11/25
CUST02046,Ira Pandey,32.0,Female,  Bangalore  ,ira.pandey203@mail.com,09-09-2023
CUST02047,Kiara Gupta,46.0,Male,kolkata,kiara.gupta43@gmail.com,13-10-2021
CUST02048,Ayaan Iyer,39.0,Female,Jaipur,ayaan.iyer86@gmail.com,16-10-2020
CUST02049,Simran Singh,44.0,M,Pune,simran.singh913@outlook.com,03-09-2022
CUST02050,Shreya Shah,43.0,Female,Chennai,shreya.shah485@mail.com,2025/06/24
CUST02051,,31.0,M,Delhi,user205168@gmail.com,2022/07/04
CUST02052,Ayaan Gupta,18.0,Male,Indore,ayaan.gupta957@gmail.com,16 Feb 2021
CUST02053,Reyansh Bhatt,45.0,Other,jaipur,reyansh.bhatt496outlook.com,2020/10/14
CUST02054,Sneha Joshi,37.0,Female,jaipur,sneha.joshi939@yahoo.com,
CUST02055,Aditya Menon,27.0,Male, Ahmedabad,aditya.menon891@yahoo.com,09-10-2024
CUST02056,Nikhil Joshi,29.0,Female,  Bangalore  ,nikhil.joshi773@outlook.com,03-27-2024
CUST02057,Anika Rao,37.0,M,BANGALORE,anika.rao373@mail.com,2024/08/04
CUST02058,Sandeep Verma,41.0,Male,Pune,sandeep.verma268@yahoo.com,17/06/2022
CUST02059,Ayesha Bhatt,31.0,Female,chandigarh,ayesha.bhatt163@mail.com,30-07-2024
CUST02060,Simran Rathore,41.0,Male,Pune,simran.rathore147@yahoo.com,05-04-2019
CUST02061,Simran Chopra,52.0,Male,lucknow,simran.chopra107@yahoo.com,2020/01/04
CUST02062,Rehan Yadav,30.0,Female,,rehan.yadav703@outlook.com,05-30-2023
CUST02063,Priya Agarwal,38.0,Female,Lucknow,priya.agarwal976@gmail.com,09-01-2024
CUST02064,Mohammed Verma,22.0,Male,gurugram,mohammed.verma638@mail.com,2024/02/16
CUST02065,Saanvi Ansari,29.0,Female,  Kolkata  ,saanvi.ansari697@yahoo.com,13-09-2021
CUST02066,Zara Reddy,32.0,Female,Delhi,zara.reddy786@outlook.com,2021/05/31
CUST02067,Nikhil Kumar,49.0,M,INDORE,nikhil.kumar712@mail.com,17-07-2025
CUST02068,Pooja Rathore,,Male,Chandigarh,pooja.rathore314@gmail.com,12-16-2022
CUST02069,Dhruv Agarwal,38.0,M,Ahmedabad,dhruv.agarwal322@gmail.com,07-19-2019
CUST02070,Ganesh Reddy,29.0,male,ahmedabad,ganesh.reddy543@mail.com,00-00-0000
CUST02071,Myra Joshi,4.0,Male,  Ahmedabad  ,myra.joshi421@yahoo.com,26 Feb 2022
CUST02072,Anika Yadav,37.0,Female,  Indore  ,anika.yadav863@yahoo.com,2024/07/20
CUST02073,Sai Sharma,46.0,Female,Delhi,sai.sharma814@mail.com,13 Sep 2025
CUST02074,Priya Chopra,34.0,Male,Gurugram,priya.chopra335@yahoo.com,2024/04/11
CUST02075,Karan Chauhan,29.0,Female,mumbai,karan.chauhan557@mail.com,
CUST02076,Navya Tiwari,28.0,Male,  Delhi  ,navya.tiwari569@mail.com,07-01-2025
CUST02077,Navya Malhotra,35.0,Male,PUNE,navya.malhotra14@yahoo.com,03 Feb 2019
CUST02078,Sneha Patel,25.0,Male,Chandigarh,sneha.patel717@mail.com,16/03/2020
CUST02079,Suresh Nair,32.0,Female,Delhi,suresh.nair117@gmail.com,00-00-0000
CUST02080,Rahul Rathore,38.0,Female,  Bhopal  ,rahul.rathore350@yahoo.com,02/07/2020
CUST02081,Sai Patel,25.0,Male,noida,sai.patel414@outlook.com,19 Dec 2021
CUST02082,Ramesh Rathore,14.0,Male,noida,ramesh.rathore467@yahoo.com,07/02/2023
CUST02083,Mohammed Yadav,32.0,female,Chandigarh,mohammed.yadav911@outlook.com,10-07-2023
CUST02084,Aryan Sharma,33.0,Male,Bhopal,aryan.sharma333@outlook.com,07/02/2023
CUST02085,Nikhil Agarwal,21.0,Male,kolkata,nikhil.agarwal229@mail.com,07-05-2019
CUST02086,Sandeep Iyer,35.0,M,chandigarh,sandeep.iyer181@mail.com,06-29-2023
CUST02087,Ayaan Gupta,21.0,Male,  Kolkata  ,ayaan.gupta832@mail.com,00-00-0000
CUST02088,Dhruv Malhotra,25.0,Male,Mumbai,dhruv.malhotra490@yahoo.com,00-00-0000
CUST02089,Ayaan Khan,37.0,Female,,ayaan.khan384@mail.com,20/04/2025
CUST02090,Anika Pandey,49.0,Male, Ahmedabad,anika.pandey245@yahoo.com,08-03-2021
CUST02091,  Ramesh Iyer  ,63.0,Male,Jaipur,ramesh.iyer143@mail.com,01-24-2023
CUST02092,Riya Pandey,36.0,Female,bangalore,riya.pandey98@yahoo.com,16 Mar 2025
CUST02093,Rohan Shah,46.0,Male, Chennai,rohan.shah901@mail.com,03-28-2022
CUST02094,Myra Chopra,24.0,Female,Mumbai,myra.chopra304@mail.com,
CUST02095,Karan Tiwari,16.0,Female,Lucknow,karan.tiwari149@mail.com,02-05-2023
CUST02096,Ayesha Reddy,58.0,Male,Jaipur,ayesha.reddy880@mail.com,08-27-2024
CUST02097,Navya Ansari,27.0,F,,navya.ansari167@mail.com,01-19-2024
CUST02098,Dhruv Rathore,19.0,Male,Kolkata,dhruv.rathore682@yahoo.com,02-03-2025
CUST02099,Dhruv Shah,35.0,Male,Ahmedabad,dhruv.shah575@outlook.com,
CUST02100,Karan Verma,38.0,Male,  Mumbai  ,karan.verma24@outlook.com,27 Dec 2025
CUST02101,Vihaan Joshi,28.0,Female,Chennai,vihaan.joshi69@yahoo.com,07/11/2025
CUST02102,Simran Reddy,48.0,Male,Mumbai,simran.reddy726@yahoo.com,
CUST02103,Priya Chauhan,19.0,Male,MUMBAI,priya.chauhan761@gmail.com,11 Jun 2020
CUST02104,Yash Bhatt,39.0,Male,jaipur,yash.bhatt208@gmail.com,
CUST02105,Rehan Joshi,21.0,Male,Jaipur,rehan.joshi752@gmail.com,2023/06/02
CUST02106,Rahul Iyer,26.0,Female,Indore,rahul.iyer814@gmail.com,03-09-2023
CUST02107,Saanvi Sharma,41.0,Female,Indore,saanvi.sharma482@gmail.com,20/10/2022
CUST02108,Ishaan Kumar,40.0,Female,Ahmedabad,ishaan.kumar569@outlook.com,2025/04/03
CUST02109,Ayaan Kapoor,21.0,Female,Mumbai,ayaan.kapoor517@outlook.com,02-06-2023
CUST02110,Zara Verma,48.0,Male,Kolkata,zara.verma46yahoo.com,13-08-2020
CUST02111,Anika Yadav,33.0,Female,Pune,anika.yadav607@mail.com,26-03-2021
CUST02112,Yash Verma,38.0,Female, Ahmedabad,yash.verma430@mail.com,03-10-2025
CUST02113,,32.0,M,Delhi,user2113685@gmail.com,09-16-2024
CUST02114,Sneha Malhotra,25.0,M,Lucknow,sneha.malhotra527@mail.com,2023/07/03
CUST02115,Aditya Khan,43.0,M,NOIDA,aditya.khan588@outlook.com,10-08-2024
CUST02116,Manish Singh,31.0,Male, Delhi,manish.singh763@outlook.com,14 Jun 2019
CUST02117,Kabir Joshi,32.0,Female,pune,kabir.joshi635@outlook.com,2019/07/05
CUST02118,Yash Malhotra,,Male,Noida,yash.malhotra760@mail.com,2019/06/09
CUST02119,Diya Mishra,32.0,Male,GURUGRAM,nan,2020/07/15
CUST02120,Suresh Tiwari,50.0,Female,Noida,suresh.tiwari676@outlook.com,09-26-2022
CUST02121,Sandeep Patel,27.0,Female,  Indore  ,sandeep.patel416@gmail.com,2024/04/24
CUST02122,Rehan Tiwari,33.0,Female, Chennai,rehan.tiwari603gmail.com,2024/10/28
CUST02123,Pari Sharma,42.0,Female,  Delhi  ,pari.sharma877@mail.com,15-02-2024
CUST02124,,28.0,Male,INDORE,user2124180@outlook.com,09-02-2020
CUST02125,Ayaan Chopra,43.0,F,Chennai,ayaan.chopra108@outlook.com,2025/10/19
CUST02126,Manish Mishra,36.0,Female,kolkata,manish.mishra118@mail.com,12-10-2024
CUST02127,Ramesh Gupta,36.0,Male,,ramesh.gupta44@mail.com,2020/07/26
CUST02128,Krishna Chopra,21.0,F,Chandigarh,krishna.chopra891@yahoo.com,05-09-2022
CUST02129,Sandeep Bansal,-44.0,Female, Noida,sandeep.bansal120@outlook.com,16/11/2025
CUST02130,Nikhil Nair,37.0,Male,Ahmedabad,nikhil.nair633@yahoo.com,2022/07/28
CUST02131,  Rohan Mishra  ,27.0,Female,Ahmedabad,rohan.mishra59@gmail.com,27-10-2020
CUST02132,Myra Sharma,34.0,Male,Gurugram,myra.sharma343@yahoo.com,2023/05/29
CUST02133,Vihaan Bhatt,52.0,Male,Bangalore,vihaan.bhatt274@outlook.com,11-30-2025
CUST02134,Aadhya Gupta,39.0,Male,hyderabad,aadhya.gupta594@outlook.com,10/05/2022
CUST02135,Sandeep Iyer,51.0,Female,CHANDIGARH,sandeep.iyer343@yahoo.com,28/08/2025
CUST02136,Manish Chauhan,25.0,Female,Mumbai,manish.chauhan939@outlook.com,09 Oct 2022
CUST02137,Dhruv Yadav,21.0,Female,Delhi,nan,2024/09/08
CUST02138,Imran Gupta,43.0,Female,Chennai,imran.gupta250@gmail.com,00-00-0000
CUST02139,Zara Bhatt,29.0,Other,  Gurugram  ,zara.bhatt577@outlook.com,2024/12/20
CUST02140,Rehan Yadav,60.0,Male,  Chandigarh  ,rehan.yadav153@yahoo.com,29/06/2024
CUST02141,Vihaan Malhotra,58.0,female,Faridabad,vihaan.malhotra699@gmail.com,2025/04/24
CUST02142,Yash Sharma,9.0,Other, Faridabad,YASH.SHARMA769@GMAIL.COM,00-00-0000
CUST02143,Reyansh Khan,28.0,male,bangalore,reyansh.khan808@mail.com,29-04-2024
CUST02144,Ananya Rathore,31.0,Female,Delhi,ananya.rathore24@mail.com,10-03-2019
CUST02145,Imran Verma,29.0,Male,JAIPUR,imran.verma314@mail.com,17/02/2023
CUST02146,Karan Kumar,28.0,Male,Hyderabad,KARAN.KUMAR241@GMAIL.COM,00-00-0000
CUST02147,Ayesha Bhatt,32.0,M,  Chandigarh  ,ayesha.bhatt205@gmail.com,24 Mar 2020
CUST02148,Aadhya Mishra,22.0,Male,Bangalore,aadhya.mishra102@yahoo.com,03 Sep 2023
CUST02149,Ganesh Agarwal,34.0,Female,Indore,ganesh.agarwal949@yahoo.com,2025/07/18
CUST02150,Rahul Chopra,42.0,Female,DELHI,rahul.chopra643@gmail.com,14/06/2022
CUST02151,Sai Ansari,42.0,Male,Mumbai,sai.ansari511@yahoo.com,20-04-2019
CUST02152,Vivaan Agarwal,-26.0,Female,lucknow,vivaan.agarwal68@outlook.com,10 Sep 2025
CUST02153,Kabir Bhatt,43.0,Female,Jaipur,kabir.bhatt308@gmail.com,27/04/2024
CUST02154,Nikhil Joshi,38.0,M,CHANDIGARH,nikhil.joshi825@mail.com,
CUST02155,Pari Sharma,35.0,Female,Noida,pari.sharma600@gmail.com,27-06-2025
CUST02156,Aditya Kapoor,,Male,Bangalore,aditya.kapoor496@mail.com,23/06/2025
CUST02157,Aditya Verma,31.0,Male,Delhi,aditya.verma794@yahoo.com,00-00-0000
CUST02158,Vihaan Joshi,19.0,M,Chandigarh,vihaan.joshi848@mail.com,2019/07/30
CUST02159,Neha Menon,33.0,Female,Bhopal,neha.menon580@gmail.com,07-18-2025
CUST02160,Sneha Tiwari,46.0,Male,Ahmedabad,sneha.tiwari354gmail.com,21-05-2024
CUST02161,Priya Joshi,33.0,Male,  Delhi  ,priya.joshi18@mail.com,29/11/2020
CUST02162,Dhruv Kapoor,22.0,male,Faridabad,dhruv.kapoor434@gmail.com,2024/11/17
CUST02163,Rahul Bansal,38.0,Male,LUCKNOW,rahul.bansal818@mail.com,13-12-2025
CUST02164,Karan Agarwal,29.0,Male,Indore,karan.agarwal642@yahoo.com,04-07-2023
CUST02165,Aryan Kapoor,42.0,Male,Faridabad,aryan.kapoor677@outlook.com,08-28-2020
CUST02166,Diya Malhotra,32.0,F,Lucknow,diya.malhotra352@gmail.com,2021/09/19
CUST02167,Riya Menon,30.0,male,Indore,riya.menon632@mail.com,10 May 2019
CUST02168,Sandeep Bhatt,28.0,M,Gurugram,sandeep.bhatt830outlook.com,03/06/2025
CUST02169,Kiara Desai,36.0,Other,  Kolkata  ,kiara.desai182@mail.com,26-03-2020
CUST02170,Mohammed Rathore,30.0,Male,Faridabad,mohammed.rathore817@yahoo.com,
CUST02171,Saanvi Menon,16.0,Female,Chennai,saanvi.menon843@gmail.com,03-19-2019
CUST02172,Suresh Mishra,33.0,Other,Delhi,suresh.mishra298@gmail.com,2023/12/12
CUST02173,Pooja Desai,20.0,Other,Gurugram,pooja.desai463@yahoo.com,08/07/2022
CUST02174,Aditya Shah,36.0,F, Hyderabad,aditya.shah246@outlook.com,12/09/2023
CUST02175,Ganesh Ansari,30.0,Female,Mumbai,ganesh.ansari657@outlook.com,2020/09/12
CUST02176,Krishna Singh,29.0,Male,Chennai,krishna.singh693@gmail.com,
CUST02177,Ayaan Rao,43.0,Female,Noida,ayaan.rao950@yahoo.com,15-04-2021
CUST02178,Arjun Bansal,19.0,Male,Indore,arjun.bansal553@mail.com,08-08-2023
CUST02179,Yash Shah,43.0,Other,Chennai,yash.shah307@yahoo.com,2024/08/17
CUST02180,Myra Pandey,19.0,M,Lucknow,myra.pandey542@yahoo.com,2025/11/09
CUST02181,Rohan Chauhan,-26.0,Male,Pune,rohan.chauhan615@gmail.com,04-15-2024
CUST02182,Ayesha Chauhan,37.0,Male,Chennai,ayesha.chauhan918@mail.com,13/09/2019
CUST02183,Isha Malhotra,37.0,Male,mumbai,isha.malhotra766@gmail.com,2020/07/19
CUST02184,Kabir Malhotra,40.0,Male,Gurugram,KABIR.MALHOTRA518@YAHOO.COM,25-10-2024
CUST02185,Shreya Chopra,32.0,Female, Ahmedabad,shreya.chopra573@yahoo.com,2021/04/29
CUST02186,Ananya Kapoor,31.0,Male,Faridabad,ananya.kapoor759@mail.com,00-00-0000
CUST02187,Ramesh Verma,18.0,Male,chandigarh,ramesh.verma413@mail.com,24/08/2022
CUST02188,Ananya Agarwal,26.0,Female,Bhopal,ananya.agarwal527@yahoo.com,13-05-2024
CUST02189,Navya Gupta,34.0,Female,AHMEDABAD,NAVYA.GUPTA832@GMAIL.COM,11-22-2024
CUST02190,Vivaan Iyer,8.0,Female,Mumbai,vivaan.iyer846@mail.com,2023/03/24
CUST02191,Kavya Rathore,23.0,Male,bangalore,kavya.rathore407@outlook.com,09-07-2022
CUST02192,Sneha Chauhan,42.0,Female,ahmedabad,nan,00-00-0000
CUST02193,Dhruv Malhotra,28.0,Male,Bangalore,dhruv.malhotra568@gmail.com,
CUST02194,Ramesh Khan,43.0,Male,Noida,ramesh.khan851@gmail.com,23-12-2024
CUST02195,Reyansh Desai,31.0,Male,chandigarh,reyansh.desai953@gmail.com,03 Nov 2022
CUST02196,,18.0,Female,Kolkata,user2196813@yahoo.com,2025/02/15
CUST02197,Kabir Chopra,41.0,Female,Hyderabad,kabir.chopra618@gmail.com,22/12/2022
CUST02198,Rehan Iyer,43.0,Male,Hyderabad,rehan.iyer990@mail.com,12-18-2021
CUST02199,Imran Khan,29.0,Male,  Hyderabad  ,imran.khan177@outlook.com,03-11-2025
CUST02200,Rohan Khan,36.0,M,NOIDA,rohan.khan156@mail.com,2024/06/06
CUST02201,Zara Iyer,30.0,Male,Faridabad,zara.iyer649@mail.com,2021/02/26
CUST02202,,18.0,Female,GURUGRAM,user2202425@yahoo.com,06/10/2021
CUST02203,Ganesh Bhatt,21.0,Male,,ganesh.bhatt165@gmail.com,2022/02/16
CUST02204,Anika Dubey,30.0,Female, Hyderabad,anika.dubey744@gmail.com,04/04/2025
CUST02205,Myra Bansal,,F,gurugram,myra.bansal842@outlook.com,05-07-2022
CUST02206,Simran Pandey,30.0,Female,Chennai,simran.pandey52@gmail.com,07-10-2021
CUST02207,Nikhil Sharma,103.0,Female,Chennai,nikhil.sharma100@mail.com,04-05-2022
CUST02208,Kiara Yadav,44.0,Male,DELHI,kiara.yadav154@outlook.com,29-03-2022
CUST02209,Vivaan Chauhan,45.0,Male,  Hyderabad  ,vivaan.chauhan191@mail.com,2021/04/29
CUST02210,Manish Singh,35.0,Male,CHANDIGARH,manish.singh750@outlook.com,25-06-2024
CUST02211,Nikhil Kapoor,24.0,Male,Pune,nikhil.kapoor989@gmail.com,2022/07/22
CUST02212,Ramesh Rao,53.0,Female,Bhopal,ramesh.rao381@gmail.com,19-05-2024
CUST02213,Dhruv Agarwal,49.0,Female,bangalore,dhruv.agarwal604@outlook.com,29/11/2022
CUST02214,Anika Desai,25.0,Male,Hyderabad,anika.desai479@outlook.com,2025/04/14
CUST02215,,52.0,Female,kolkata,user221575@gmail.com,
CUST02216,Ramesh Joshi,36.0,Male,Mumbai,ramesh.joshi322@gmail.com,03-24-2022
CUST02217,Manish Bhatt,-26.0,Other,,manish.bhatt151@outlook.com,14-05-2020
CUST02218,Vivaan Mishra,15.0,Male,Ahmedabad,vivaan.mishra74yahoo.com,06-06-2025
CUST02219,Krishna Ansari,37.0,Other, Mumbai,krishna.ansari22@gmail.com,02-02-2025
CUST02220,Aryan Bansal,32.0,Female,Mumbai,aryan.bansal970@yahoo.com,2023/04/05
CUST02221,Reyansh Reddy,37.0,female,Delhi,reyansh.reddy19@gmail.com,05 Jun 2023
CUST02222,Pari Kapoor,46.0,Male, Ahmedabad,pari.kapoor616@mail.com,
CUST02223,Sneha Iyer,34.0,Female,ahmedabad,sneha.iyer83@gmail.com,22-08-2020
CUST02224,Diya Patel,35.0,Male,PUNE,nan,04/04/2022
CUST02225,Nikhil Desai,23.0,Other,KOLKATA,nikhil.desai493@mail.com,06-22-2019
CUST02226,Yash Bansal,28.0,Female,BHOPAL,yash.bansal380@mail.com,00-00-0000
CUST02227,Reyansh Bansal,28.0,Male,Hyderabad,reyansh.bansal355@mail.com,20/11/2019
CUST02228,Ananya Rao,26.0,Male,lucknow,ananya.rao465@outlook.com,
CUST02229,Zara Patel,37.0,F,BHOPAL,zara.patel563@outlook.com,
CUST02230,Suresh Yadav,-29.0,Female,Bhopal,suresh.yadav670@yahoo.com,2021/11/16
CUST02231,Ramesh Rao,31.0,F,Bhopal,ramesh.rao92@mail.com,
CUST02232,Myra Chauhan,37.0,Male,Hyderabad,myra.chauhan689@outlook.com,05-26-2021
CUST02233,Nikhil Rao,27.0,Male,gurugram,nikhil.rao27@yahoo.com,07-04-2021
CUST02234,Anika Yadav,25.0,Male,Chennai,anika.yadav722@mail.com,01-15-2025
CUST02235,Priya Joshi,38.0,Male,Indore,priya.joshi762@gmail.com,15-01-2022
CUST02236,Aarav Yadav,33.0,Male,kolkata,aarav.yadav866@outlook.com,21/04/2025
CUST02237,Navya Nair,33.0,Female,Gurugram,navya.nair772@gmail.com,17-01-2022
CUST02238,Kiara Bhatt,40.0,Female,Noida,kiara.bhatt315@yahoo.com,16-07-2020
CUST02239,Neha Sharma,-37.0,Female, Ahmedabad,neha.sharma751@gmail.com,03-23-2020
CUST02240,Simran Tiwari,35.0,F,FARIDABAD,simran.tiwari692@gmail.com,00-00-0000
CUST02241,Myra Tiwari,27.0,Male,DELHI,myra.tiwari652@outlook.com,31-07-2025
CUST02242,Kabir Menon,26.0,Female,DELHI,kabir.menon390@mail.com,07-09-2021
CUST02243,Kabir Agarwal,19.0,Male,lucknow,kabir.agarwal93@yahoo.com,20-09-2021
CUST02244,Zara Saxena,29.0,Female,Mumbai,zara.saxena245@gmail.com,
CUST02245,Ananya Reddy,25.0,F,gurugram,ananya.reddy979@mail.com,15-12-2024
CUST02246,Sandeep Mishra,35.0,Male,hyderabad,sandeep.mishra712mail.com,2021/07/13
CUST02247,Saanvi Kapoor,29.0,Female,lucknow,saanvi.kapoor711@outlook.com,11-08-2021
CUST02248,Vihaan Tiwari,30.0,Male,Noida,vihaan.tiwari376@yahoo.com,04/08/2019
CUST02249,Sandeep Bhatt,45.0,Male,Indore,sandeep.bhatt501@outlook.com,2020/02/15
CUST02250,Karan Gupta,25.0,M,Pune,karan.gupta883@mail.com,20-08-2023
CUST02251,Shreya Bhatt,35.0,Female,Jaipur,shreya.bhatt347@gmail.com,
CUST02252,Amit Ansari,41.0,male, Gurugram,amit.ansari648@mail.com,04-18-2024
CUST02253,Navya Kumar,10.0,Female,Jaipur,navya.kumar179@gmail.com,16-02-2020
CUST02254,Suresh Kumar,31.0,M,Jaipur,suresh.kumar931@gmail.com,17-07-2020
CUST02255,Rehan Iyer,29.0,Female,Kolkata,rehan.iyer808@outlook.com,22-01-2019
CUST02256,Shreya Joshi,31.0,Male,BHOPAL,shreya.joshi617@gmail.com,00-00-0000
CUST02257,Ayaan Mishra,28.0,Female,,ayaan.mishra699@yahoo.com,00-00-0000
CUST02258,Krishna Chopra,39.0,Male,Gurugram,krishna.chopra224@outlook.com,25-07-2023
CUST02259,Rehan Bansal,36.0,Female, Chandigarh,rehan.bansal576@gmail.com,
CUST02260,Kabir Dubey,-42.0,male,Faridabad,kabir.dubey628@gmail.com,05-09-2024
CUST02261,Ira Chopra,,Female,chennai,ira.chopra644@outlook.com,27/03/2021
CUST02262,Reyansh Mishra,44.0,Male,Gurugram,reyansh.mishra353@mail.com,2022/03/22
CUST02263,Suresh Desai,39.0,Female, Delhi,suresh.desai159@yahoo.com,08-08-2022
CUST02264,Ayesha Kumar,42.0,Female,DELHI,ayesha.kumar606@yahoo.com,2022/03/15
CUST02265,Arjun Desai,51.0,Male,FARIDABAD,arjun.desai130@outlook.com,31/08/2019
CUST02266,Rahul Iyer,13.0,Female,  Chandigarh  ,rahul.iyer381@gmail.com,2020/01/02
CUST02267,Diya Malhotra,30.0,Male,Bangalore,diya.malhotra706@gmail.com,2025/06/09
CUST02268,Imran Dubey,23.0,Male,BHOPAL,imran.dubey129@mail.com,09-08-2021
CUST02269,Kiara Ansari,27.0,Male,gurugram,kiara.ansari317@mail.com,31/12/2024
CUST02270,Imran Reddy,37.0,Female,Faridabad,imran.reddy531@outlook.com,02 Jun 2019
CUST02271,Nikhil Pandey,145.0,Female,Mumbai,nikhil.pandey875@mail.com,18/12/2020
CUST02272,Zara Bhatt,34.0,Female,Mumbai,zara.bhatt782@outlook.com,
CUST02273,Farhan Chauhan,11.0,Female,MUMBAI,farhan.chauhan730@gmail.com,21-12-2020
CUST02274,Amit Rathore,40.0,Female,INDORE,amit.rathore3@mail.com,29-05-2019
CUST02275,Priya Saxena,43.0,Female,  Lucknow  ,priya.saxena726@mail.com,15/06/2023
CUST02276,Diya Singh,48.0,Female,jaipur,diya.singh395@yahoo.com,22-07-2024
CUST02277,Nikhil Agarwal,19.0,Female,  Hyderabad  ,nikhil.agarwal522@outlook.com,02-02-2021
CUST02278,Ananya Tiwari,36.0,Female,  Hyderabad  ,ananya.tiwari749@gmail.com,31-03-2022
CUST02279,Vivaan Mishra,25.0,Female,BHOPAL,vivaan.mishra535@mail.com,2019/06/03
CUST02280,Aryan Khan,40.0,Male,Jaipur,ARYAN.KHAN652@YAHOO.COM,07/02/2019
CUST02281,Ganesh Bhatt,38.0,Female,Faridabad,ganesh.bhatt658@mail.com,2022/05/07
CUST02282,Karan Reddy,18.0,Female,Gurugram,karan.reddy38@mail.com,15/05/2025
CUST02283,Rehan Mishra,16.0,Female,Noida,rehan.mishra275@gmail.com,10-04-2025
CUST02284,Anika Chauhan,41.0,Female,Delhi,anika.chauhan871@outlook.com,15-03-2020
CUST02285,Pari Menon,42.0,Male,Ahmedabad,pari.menon480@yahoo.com,2022/10/04
CUST02286,Ramesh Mishra,29.0,Female,Pune,ramesh.mishra781@gmail.com,11/03/2022
CUST02287,Farhan Shah,36.0,Male,gurugram,farhan.shah663@gmail.com,2024/02/05
CUST02288,Aadhya Shah,28.0,nan,,aadhya.shah887@outlook.com,03 Feb 2025
CUST02289,Anika Desai,36.0,Male, Indore,anika.desai210@gmail.com,00-00-0000
CUST02290,  Imran Kumar  ,42.0,Other,Hyderabad,imran.kumar271@mail.com,16-07-2024
CUST02291,Rohan Reddy,14.0,M,Noida,rohan.reddy49@yahoo.com,03/07/2020
CUST02292,Ganesh Gupta,40.0,Male,Noida,ganesh.gupta736@outlook.com,2024/08/27
CUST02293,Sai Chauhan,33.0,Female,Kolkata,sai.chauhan207@gmail.com,2024/04/01
CUST02294,Zara Desai,30.0,Female,jaipur,zara.desai50@gmail.com,00-00-0000
CUST02295,Mohammed Khan,30.0,Male,,mohammed.khan889@yahoo.com,2021/02/28
CUST02296,Kavya Pandey,18.0,Other,,kavya.pandey531@mail.com,04-06-2020
CUST02297,Suresh Ansari,7.0,Male, Delhi,suresh.ansari426@gmail.com,16-09-2022
CUST02298,Pari Sharma,33.0,Female,Chandigarh,pari.sharma392@yahoo.com,27-10-2020
CUST02299,Aditya Bansal,-16.0,Male,Bangalore,aditya.bansal562@outlook.com,
CUST02300,Diya Singh,26.0,Male,Hyderabad,diya.singh544@mail.com,2021/11/19
CUST02301,Kiara Bhatt,22.0,Female,BHOPAL,kiara.bhatt131@mail.com,01-02-2021
CUST02302,Farhan Singh,37.0,Female,Pune,farhan.singh619@mail.com,00-00-0000
CUST02303,Kavya Nair,34.0,Male,AHMEDABAD,kavya.nair401@mail.com,10-12-2022
CUST02304,Saanvi Khan,41.0,female,HYDERABAD,saanvi.khan172@outlook.com,04-23-2022
CUST02305,Rohan Shah,56.0,Other,kolkata,rohan.shah342@outlook.com,2025/05/14
CUST02306,Aadhya Iyer,21.0,F, Kolkata,aadhya.iyer218@yahoo.com,2021/03/02
CUST02307,Navya Kumar,119.0,Female,  Hyderabad  ,navya.kumar585@gmail.com,2020/12/19
CUST02308,Isha Pandey,32.0,Male,FARIDABAD,isha.pandey192@gmail.com,07-11-2025
CUST02309,Ishaan Mishra,35.0,Male,Ahmedabad,ishaan.mishra897@outlook.com,07-19-2023
CUST02310,Amit Rathore,41.0,Female,Hyderabad,amit.rathore690@mail.com,00-00-0000
CUST02311,Kiara Saxena,22.0,Female,LUCKNOW,kiara.saxena218@yahoo.com,10-11-2024
CUST02312,Sneha Tiwari,28.0,Male,Kolkata,sneha.tiwari91@yahoo.com,
CUST02313,Rohan Menon,23.0,Male,Chennai,rohan.menon675@yahoo.com,2019/12/22
CUST02314,Yash Patel,30.0,F,Bangalore,yash.patel184@outlook.com,00-00-0000
CUST02315,Krishna Mishra,45.0,Female,Mumbai,krishna.mishra597@yahoo.com,26-01-2020
CUST02316,Pari Verma,34.0,Male,Chandigarh,pari.verma386@yahoo.com,26/01/2021
CUST02317,Reyansh Reddy,,,Pune,reyansh.reddy416@mail.com,29/07/2020
CUST02318,Aryan Ansari,22.0,Male,Chandigarh,aryan.ansari370@gmail.com,05-09-2024
CUST02319,Neha Iyer,39.0,Male, Faridabad,neha.iyer88@outlook.com,18/08/2022
CUST02320,Rohan Menon,51.0,M,CHANDIGARH,rohan.menon532@yahoo.com,10-13-2021
CUST02321,Ishaan Mishra,35.0,Male,HYDERABAD,ishaan.mishra940@outlook.com,2019/01/28
CUST02322,Vivaan Bansal,47.0,F,Faridabad,vivaan.bansal335@yahoo.com,
CUST02323,Kavya Agarwal,21.0,Female,Delhi,kavya.agarwal262@gmail.com,04-21-2023
CUST02324,Imran Malhotra,25.0,Male,Bangalore,imran.malhotra497@yahoo.com,2021/08/22
CUST02325,Dhruv Malhotra,18.0,Other,  Kolkata  ,dhruv.malhotra557@mail.com,01-04-2024
CUST02326,Krishna Tiwari,39.0,Male,MUMBAI,krishna.tiwari508@outlook.com,
CUST02327,Aryan Verma,36.0,Male,Hyderabad,aryan.verma915@yahoo.com,2022/09/12
CUST02328,Ayesha Verma,40.0,female,JAIPUR,ayesha.verma59@gmail.com,05-21-2022
CUST02329,Krishna Singh,,male,CHANDIGARH,krishna.singh159@outlook.com,2025/07/13
CUST02330,Ayaan Agarwal,34.0,Male,Bangalore,ayaan.agarwal140@mail.com,04 Jun 2025
CUST02331,Pari Gupta,15.0,Female,ahmedabad,pari.gupta69@mail.com,16/02/2019
CUST02332,Ananya Verma,19.0,Female,KOLKATA,ananya.verma331@yahoo.com,07/12/2021
CUST02333,Ganesh Agarwal,22.0,Male,  Bangalore  ,ganesh.agarwal476@gmail.com,01-12-2023
CUST02334,Rohan Chopra,17.0,Female,Gurugram,rohan.chopra351@mail.com,25 Aug 2021
CUST02335,Isha Shah,,Male,Noida,isha.shah17@gmail.com,2019/09/12
CUST02336,Sandeep Patel,30.0,Female,  Chennai  ,sandeep.patel863@gmail.com,2020/04/29
CUST02337,Kiara Malhotra,37.0,female,Indore,kiara.malhotra869@mail.com,03-21-2024
CUST02338,Yash Nair,37.0,Male,Bangalore,yash.nair36@gmail.com,10-06-2022
CUST02339,Karan Joshi,17.0,Male,MUMBAI,karan.joshi158@mail.com,16/10/2020
CUST02340,Karan Yadav,33.0,Female,DELHI,karan.yadav87@outlook.com,19-07-2023
CUST02341,  Ishaan Shah  ,34.0,Male,gurugram,ishaan.shah996@gmail.com,2024/08/20
CUST02342,Kavya Verma,25.0,Male,Faridabad,kavya.verma268@yahoo.com,00-00-0000
CUST02343,Diya Agarwal,32.0,Male, Chennai,diya.agarwal478@outlook.com,04-25-2020
CUST02344,Vivaan Reddy,36.0,Female, Hyderabad,vivaan.reddy12@mail.com,23/04/2022
CUST02345,Ganesh Kumar,25.0,Female,BANGALORE,ganesh.kumar907@gmail.com,2023/02/14
CUST02346,Riya Agarwal,21.0,Female,Chandigarh,riya.agarwal82@outlook.com,22 Nov 2025
CUST02347,Pari Agarwal,24.0,Male, Bangalore,pari.agarwal491@mail.com,23-06-2021
CUST02348,Sandeep Yadav,35.0,Male,  Bhopal  ,sandeep.yadav401@yahoo.com,16 Jun 2021
CUST02349,Simran Gupta,26.0,M,BANGALORE,simran.gupta814@yahoo.com,01-07-2020
CUST02350,Priya Chauhan,28.0,Male,  Bangalore  ,priya.chauhan109@yahoo.com,12/05/2024
CUST02351,Priya Desai,111.0,female,Bangalore,priya.desai138@outlook.com,09-19-2020
CUST02352,Kiara Desai,33.0,F,Ahmedabad,kiara.desai384@yahoo.com,07-02-2024
CUST02353,Sandeep Chopra,29.0,Female,Pune,sandeep.chopra959@gmail.com,17-10-2025
CUST02354,Mohammed Iyer,40.0,Male, Bhopal,mohammed.iyer964@yahoo.com,
CUST02355,Priya Ansari,23.0,Male, Kolkata,priya.ansari711@outlook.com,08-31-2023
CUST02356,Priya Agarwal,13.0,Male, Ahmedabad,priya.agarwal459@mail.com,
CUST02357,Myra Dubey,25.0,Female,bangalore,myra.dubey417@mail.com,2024/04/12
CUST02358,Vivaan Agarwal,27.0,Female,Indore,vivaan.agarwal787@mail.com,01-10-2025
CUST02359,Krishna Gupta,34.0,Male,bhopal,krishna.gupta552@yahoo.com,13-06-2021
CUST02360,Rehan Bhatt,36.0,F,Faridabad,rehan.bhatt292@yahoo.com,00-00-0000
CUST02361,Myra Kapoor,19.0,Female,chandigarh,myra.kapoor190@gmail.com,06-09-2025
CUST02362,Ananya Kapoor,22.0,Female,hyderabad,ananya.kapoor61@outlook.com,02-12-2019
CUST02363,Dhruv Menon,16.0,Female,Jaipur,dhruv.menon951@mail.com,
CUST02364,Krishna Chauhan,25.0,Male,,krishna.chauhan538@yahoo.com,04-01-2024
CUST02365,Aditya Chopra,32.0,Male,Ahmedabad,aditya.chopra316@gmail.com,2024/12/03
CUST02366,Ayaan Chauhan,,Female,  Ahmedabad  ,ayaan.chauhan856@mail.com,21/01/2023
CUST02367,Ayaan Singh,29.0,male,pune,ayaan.singh478@gmail.com,16-11-2019
CUST02368,Aryan Singh,30.0,Female,Delhi,aryan.singh202@mail.com,00-00-0000
CUST02369,Aryan Chopra,30.0,Female,mumbai,aryan.chopra822@mail.com,04 Apr 2020
CUST02370,Ayesha Khan,33.0,Male,  Noida  ,ayesha.khan89@gmail.com,10/09/2019
CUST02371,Priya Kapoor,21.0,M,pune,priya.kapoor203@mail.com,02-21-2025
CUST02372,Rehan Shah,49.0,Male,chennai,rehan.shah894@outlook.com,2024/09/01
CUST02373,Navya Chauhan,31.0,Male,kolkata,navya.chauhan406mail.com,
CUST02374,Ishaan Chopra,23.0,Female,kolkata,ishaan.chopra983@mail.com,03 Jun 2025
CUST02375,,54.0,Female,pune,user2375894@mail.com,07-01-2025
CUST02376,Neha Chauhan,51.0,Female, Hyderabad,neha.chauhan190@yahoo.com,05-09-2020
CUST02377,Vivaan Chauhan,18.0,Female,ahmedabad,vivaan.chauhan111@outlook.com,04-11-2020
CUST02378,Krishna Rao,40.0,Male,,krishna.rao958@outlook.com,05-09-2022
CUST02379,Tanvi Sharma,40.0,Female,bhopal,tanvi.sharma223@outlook.com,11-01-2024
CUST02380,Kiara Bansal,39.0,Male,GURUGRAM,kiara.bansal724@outlook.com,
CUST02381,Manish Bansal,22.0,Female,  Chennai  ,manish.bansal476@yahoo.com,21/04/2020
CUST02382,Aditya Bhatt,28.0,Male,Bangalore,aditya.bhatt288@outlook.com,21-04-2021
CUST02383,Arjun Sharma,18.0,M,Indore,arjun.sharma745@gmail.com,2025/07/16
CUST02384,Reyansh Bansal,37.0,Female,CHANDIGARH,reyansh.bansal312mail.com,25/06/2024
CUST02385,Ishaan Desai,38.0,Female,Hyderabad,ishaan.desai557@gmail.com,08-01-2020
CUST02386,,23.0,Male, Noida,user2386836@mail.com,00-00-0000
CUST02387,Zara Malhotra,33.0,F,  Hyderabad  ,zara.malhotra715mail.com,30-12-2023
CUST02388,Mohammed Ansari,114.0,Female,BANGALORE,mohammed.ansari162@outlook.com,16-08-2019
CUST02389,Amit Sharma,41.0,Female,Bhopal,amit.sharma580@mail.com,01/02/2024
CUST02390,Ira Sharma,43.0,Male,Hyderabad,ira.sharma959@gmail.com,
CUST02391,Saanvi Desai,10.0,female,Mumbai,saanvi.desai305@yahoo.com,10-03-2024
CUST02392,Sai Sharma,23.0,Male, Ahmedabad,sai.sharma607@gmail.com,
CUST02393,Farhan Chopra,31.0,Male,DELHI,farhan.chopra960@outlook.com,2024/02/15
CUST02394,  Ayaan Bansal  ,31.0,Female,Gurugram,ayaan.bansal509@outlook.com,28 Apr 2025
CUST02395,Sandeep Singh,17.0,male,Jaipur,sandeep.singh679@mail.com,2019/08/25
CUST02396,Vivaan Singh,31.0,Female,Chandigarh,vivaan.singh742@gmail.com,07-04-2025
CUST02397,Aryan Bansal,43.0,M,Gurugram,aryan.bansal151@mail.com,03-08-2024
CUST02398,Diya Chauhan,45.0,Male,chennai,diya.chauhan969@yahoo.com,06-16-2022
CUST02399,Rehan Patel,14.0,Male,bhopal,rehan.patel224@yahoo.com,31-03-2019
CUST02400,Pari Nair,23.0,female,KOLKATA,pari.nair730@gmail.com,10 Jun 2023
CUST02401,Neha Sharma,29.0,Male,bangalore,neha.sharma41@yahoo.com,2021/11/08
CUST02402,Vivaan Shah,1.0,Female,bhopal,vivaan.shah664@outlook.com,13 Jan 2019
CUST02403,Manish Dubey,35.0,Female,Bhopal,manish.dubey372@mail.com,11-06-2021
CUST02404,,28.0,Female,Gurugram,user2404967@outlook.com,
CUST02405,Anika Mishra,45.0,F, Jaipur,anika.mishra264@outlook.com,27-10-2019
CUST02406,Sai Pandey,32.0,Female, Gurugram,sai.pandey200@yahoo.com,05 Jul 2019
CUST02407,Suresh Ansari,30.0,Male,  Lucknow  ,suresh.ansari139@outlook.com,00-00-0000
CUST02408,Krishna Sharma,34.0,female,  Gurugram  ,krishna.sharma420@mail.com,11-12-2022
CUST02409,Aadhya Verma,33.0,Male,Kolkata,aadhya.verma570@mail.com,19/09/2019
CUST02410,  Kiara Malhotra  ,27.0,Male,Noida,kiara.malhotra306@mail.com,01-25-2025
CUST02411,Sai Khan,42.0,Female,,sai.khan753@mail.com,09-04-2019
CUST02412,Shreya Tiwari,37.0,Female,Chandigarh,shreya.tiwari585@outlook.com,2019/10/10
CUST02413,Riya Agarwal,41.0,Female,Indore,riya.agarwal511@outlook.com,2024/04/17
CUST02414,Imran Pandey,31.0,Male,Pune,imran.pandey923gmail.com,2019/05/10
CUST02415,Diya Shah,34.0,Male,Bangalore,diya.shah922@outlook.com,21 Mar 2022
CUST02416,Ananya Khan,26.0,Female, Noida,ananya.khan754@mail.com,2023/08/02
CUST02417,Pooja Menon,33.0,Male,CHENNAI,pooja.menon409@outlook.com,07/01/2021
CUST02418,Aadhya Sharma,26.0,M,Gurugram,aadhya.sharma910@yahoo.com,08/07/2020
CUST02419,,,Female,Mumbai,user2419536@yahoo.com,2023/09/18
CUST02420,Shreya Shah,28.0,Male, Chandigarh,shreya.shah520@gmail.com,03-14-2023
CUST02421,Ira Nair,43.0,Female,Indore,ira.nair266@mail.com,2023/04/16
CUST02422,Kavya Kapoor,27.0,Female,Lucknow,kavya.kapoor822@outlook.com,12/01/2024
CUST02423,Suresh Kapoor,22.0,Female,Mumbai,suresh.kapoor663@yahoo.com,27/03/2023
CUST02424,  Yash Khan  ,44.0,Female,Noida,yash.khan976@gmail.com,19/03/2023
CUST02425,Sai Bansal,49.0,Female,Faridabad,sai.bansal772@yahoo.com,2019/11/25
CUST02426,Rahul Bansal,,F,JAIPUR,rahul.bansal299@outlook.com,17-01-2025
CUST02427,Kiara Iyer,14.0,Male,faridabad,kiara.iyer558@outlook.com,06-28-2020
CUST02428,Dhruv Singh,38.0,Female,Lucknow,dhruv.singh917@mail.com,25/11/2022
CUST02429,Reyansh Dubey,23.0,Other,Bhopal,reyansh.dubey292@outlook.com,2020/04/30
CUST02430,Ganesh Yadav,34.0,Male,Chandigarh,ganesh.yadav633@mail.com,01-01-2021
CUST02431,Rehan Chopra,7.0,Female,kolkata,rehan.chopra993@mail.com,09-01-2025
CUST02432,Saanvi Chopra,32.0,Male,Mumbai,saanvi.chopra802@yahoo.com,29-05-2023
CUST02433,Karan Sharma,,Male,Jaipur,karan.sharma928@gmail.com,06-12-2024
CUST02434,Aadhya Gupta,7.0,,GURUGRAM,aadhya.gupta621@outlook.com,
CUST02435,Yash Sharma,46.0,Male,BANGALORE,yash.sharma401@outlook.com,2021/07/01
CUST02436,Rehan Singh,33.0,Other,Lucknow,nan,15/01/2019
CUST02437,Ananya Iyer,36.0,Male,Noida,ananya.iyer221@mail.com,04 Apr 2019
CUST02438,Mohammed Sharma,30.0,Male,CHANDIGARH,mohammed.sharma724outlook.com,
CUST02439,Navya Singh,33.0,Male,,navya.singh715@gmail.com,
CUST02440,Ayaan Singh,10.0,Male,Bhopal,ayaan.singh958@yahoo.com,08-02-2025
CUST02441,Rohan Ansari,27.0,Male,  Bangalore  ,rohan.ansari291@gmail.com,04-10-2023
CUST02442,Riya Malhotra,37.0,Female,NOIDA,riya.malhotra165@mail.com,2024/12/18
CUST02443,Riya Kumar,35.0,Female,bangalore,riya.kumar162@outlook.com,2023/04/03
CUST02444,Diya Joshi,32.0,Male, Mumbai,diya.joshi23@outlook.com,07-29-2021
CUST02445,Sandeep Bansal,40.0,Male, Faridabad,sandeep.bansal292@mail.com,10-10-2021
CUST02446,Rohan Singh,23.0,Female,  Bangalore  ,rohan.singh490@gmail.com,03-01-2024
CUST02447,Sandeep Joshi,32.0,Female,,sandeep.joshi674@outlook.com,18-11-2022
CUST02448,Rohan Pandey,42.0,Male,Bangalore,rohan.pandey529@gmail.com,
CUST02449,Simran Shah,45.0,Male,CHENNAI,simran.shah753@yahoo.com,
CUST02450,Sandeep Dubey,36.0,Male,Ahmedabad,sandeep.dubey521@mail.com,
CUST02451,Sai Singh,50.0,Male,Chandigarh,sai.singh177@yahoo.com,04-07-2020
CUST02452,Dhruv Saxena,28.0,Female,Mumbai,dhruv.saxena728@outlook.com,12-05-2019
CUST02453,Yash Khan,47.0,Female,  Mumbai  ,yash.khan59@yahoo.com,14-09-2023
CUST02454,Zara Verma,21.0,nan,Delhi,zara.verma273@gmail.com,23/11/2025
CUST02455,Reyansh Kapoor,-34.0,Female,Faridabad,reyansh.kapoor250@gmail.com,03-06-2019
CUST02456,Rohan Khan,27.0,Male,hyderabad,rohan.khan533@gmail.com,12-09-2021
CUST02457,Aadhya Saxena,25.0,female,Bhopal,aadhya.saxena411@mail.com,24-04-2021
CUST02458,Karan Tiwari,30.0,Female,  Bhopal  ,karan.tiwari632@yahoo.com,03 Oct 2019
CUST02459,Karan Rathore,31.0,male, Mumbai,KARAN.RATHORE912@OUTLOOK.COM,18-02-2020
CUST02460,Navya Bansal,45.0,Male,NOIDA,navya.bansal813@yahoo.com,
CUST02461,Neha Pandey,,Male,  Bhopal  ,neha.pandey497@mail.com,18-05-2019
CUST02462,Simran Rao,23.0,Female,  Bangalore  ,simran.rao152@outlook.com,03-01-2024
CUST02463,Simran Rathore,35.0,Female, Lucknow,simran.rathore629@gmail.com,14 Sep 2025
CUST02464,,47.0,Male,Mumbai,user2464715@mail.com,07-19-2019
CUST02465,Ayesha Joshi,38.0,Male,Chennai,ayesha.joshi343@yahoo.com,
CUST02466,Ganesh Iyer,28.0,Male,  Delhi  ,ganesh.iyer657@mail.com,01-07-2019
CUST02467,Kiara Tiwari,25.0,Male,Chandigarh,kiara.tiwari923@gmail.com,06/07/2023
CUST02468,Vihaan Verma,36.0,Male,Lucknow,vihaan.verma924@yahoo.com,03-12-2023
CUST02469,Vihaan Dubey,50.0,Female,Faridabad,vihaan.dubey897@yahoo.com,17-08-2021
CUST02470,Kavya Chopra,42.0,Male,bangalore,kavya.chopra164@gmail.com,19-01-2025
CUST02471,Neha Reddy,30.0,Female,Chennai,neha.reddy186@yahoo.com,08/06/2021
CUST02472,Vivaan Iyer,18.0,Male, Bhopal,vivaan.iyer265@gmail.com,08-20-2019
CUST02473,Sneha Rao,60.0,F,Chandigarh,nan,2020/07/27
CUST02474,Shreya Yadav,39.0,Male,Hyderabad,shreya.yadav657@mail.com,08-25-2024
CUST02475,Rohan Mishra,22.0,Female,Noida,rohan.mishra801@mail.com,30-03-2022
CUST02476,Tanvi Chauhan,40.0,Female,Faridabad,tanvi.chauhan643@mail.com,08-17-2021
CUST02477,Priya Ansari,26.0,Female,  Bangalore  ,priya.ansari137@yahoo.com,17/06/2025
CUST02478,Farhan Yadav,26.0,M,ahmedabad,farhan.yadav333@yahoo.com,00-00-0000
CUST02479,Aarav Joshi,36.0,Male,  Gurugram  ,aarav.joshi738@mail.com,23/06/2025
CUST02480,Suresh Shah,26.0,Male,BANGALORE,suresh.shah182@outlook.com,2025/09/15
CUST02481,Rohan Gupta,34.0,Male,jaipur,rohan.gupta373@gmail.com,06/08/2022
CUST02482,Manish Ansari,21.0,Female,Mumbai,manish.ansari593@gmail.com,28-08-2021
CUST02483,Aditya Mishra,24.0,Male,Lucknow,aditya.mishra15@gmail.com,21/05/2022
CUST02484,Kavya Reddy,46.0,Male,Lucknow,KAVYA.REDDY489@MAIL.COM,09-08-2020
CUST02485,Navya Agarwal,49.0,Male,Delhi,navya.agarwal128@gmail.com,05-11-2024
CUST02486,Ira Tiwari,16.0,Female,  Kolkata  ,ira.tiwari9@gmail.com,24-06-2021
CUST02487,Sai Nair,15.0,M,  Noida  ,sai.nair217@yahoo.com,21-08-2023
CUST02488,Krishna Rao,40.0,Female, Chandigarh,krishna.rao350@outlook.com,15/05/2022
CUST02489,,18.0,Female,Gurugram,user2489952@outlook.com,02-01-2022
CUST02490,Navya Singh,34.0,Male,AHMEDABAD,navya.singh910@outlook.com,07 Sep 2019
CUST02491,Amit Iyer,17.0,female,Gurugram,amit.iyer807@gmail.com,30/03/2025
CUST02492,Pari Tiwari,44.0,Female,LUCKNOW,pari.tiwari578@yahoo.com,08-20-2025
CUST02493,Isha Khan,,M,Bhopal,isha.khan652@outlook.com,18-12-2020
CUST02494,Yash Mishra,18.0,female,Indore,yash.mishra12@gmail.com,2023/10/16
CUST02495,Rehan Joshi,29.0,Female,Gurugram,rehan.joshi379@gmail.com,2025/03/26
CUST02496,Suresh Pandey,,Male,Jaipur,suresh.pandey994@outlook.com,07-23-2024
CUST02497,Ira Reddy,37.0,Male,Kolkata,ira.reddy290@yahoo.com,12-07-2019
CUST02498,Amit Kapoor,26.0,Male,Mumbai,amit.kapoor735@yahoo.com,11-11-2022
CUST02499,Ayaan Kapoor,25.0,Female,Mumbai,ayaan.kapoor442@yahoo.com,
CUST02500,Rehan Rathore,33.0,F,Lucknow,rehan.rathore682@gmail.com,
CUST02501,Nikhil Malhotra,45.0,Male,Bangalore,nikhil.malhotra802@gmail.com,07-29-2022
CUST02502,Rohan Bhatt,32.0,Male,Indore,rohan.bhatt874@yahoo.com,2023/09/02
CUST02503,Pari Dubey,29.0,Female,JAIPUR,pari.dubey962@outlook.com,
CUST02504,Anika Nair,35.0,Male,Faridabad,anika.nair209@yahoo.com,03/09/2020
CUST02505,Pari Reddy,,Male, Mumbai,pari.reddy362@outlook.com,13-05-2022
CUST02506,Ayesha Nair,32.0,F,Chandigarh,ayesha.nair808@yahoo.com,22-03-2023
CUST02507,Tanvi Verma,20.0,Male,Kolkata,tanvi.verma76@yahoo.com,23/01/2021
CUST02508,Ira Yadav,39.0,Other,Bhopal,ira.yadav237mail.com,2025/01/12
CUST02509,Vihaan Nair,40.0,Male,CHENNAI,vihaan.nair971@outlook.com,23 Apr 2024
CUST02510,Saanvi Pandey,33.0,Female,  Chandigarh  ,nan,
CUST02511,Sandeep Verma,-43.0,Female,Jaipur,sandeep.verma550gmail.com,12-07-2021
CUST02512,Priya Reddy,40.0,Female,Delhi,priya.reddy967@gmail.com,16-05-2022
CUST02513,Kabir Khan,26.0,Other,Mumbai,kabir.khan528@mail.com,2020/08/14
CUST02514,Pooja Patel,19.0,Male,KOLKATA,pooja.patel466@mail.com,2024/03/11
CUST02515,Manish Pandey,26.0,Male,HYDERABAD,manish.pandey926@mail.com,00-00-0000
CUST02516,Kabir Rao,31.0,Male,Bangalore,kabir.rao218@outlook.com,22-04-2025
CUST02517,,35.0,Male,  Gurugram  ,user2517680@gmail.com,08-18-2023
CUST02518,Navya Nair,30.0,Male,Delhi,navya.nair743@gmail.com,09-03-2023
CUST02519,Myra Shah,19.0,Male,Noida,myra.shah278@mail.com,01 Apr 2025
CUST02520,Rehan Kapoor,29.0,nan,  Lucknow  ,REHAN.KAPOOR500@YAHOO.COM,2024/12/10
CUST02521,  Kiara Sharma  ,39.0,F,Gurugram,kiara.sharma826@gmail.com,00-00-0000
CUST02522,Vihaan Joshi,20.0,Other,Kolkata,vihaan.joshi451@gmail.com,10-05-2023
CUST02523,Ramesh Verma,46.0,Male,  Lucknow  ,ramesh.verma706@yahoo.com,2021/09/21
CUST02524,Arjun Sharma,69.0,female,Indore,arjun.sharma420@outlook.com,10/11/2021
CUST02525,Nikhil Reddy,19.0,Male,  Delhi  ,nikhil.reddy696@yahoo.com,12-04-2021
CUST02526,Kabir Dubey,35.0,Female,  Chennai  ,kabir.dubey340@yahoo.com,14-09-2022
CUST02527,Ayaan Ansari,41.0,female,Mumbai,ayaan.ansari703@gmail.com,11-20-2019
CUST02528,Sandeep Agarwal,23.0,Male,Chandigarh,sandeep.agarwal402@gmail.com,00-00-0000
CUST02529,Saanvi Saxena,47.0,Female,Chennai,saanvi.saxena904@gmail.com,28-02-2023
CUST02530,Krishna Khan,134.0,female,  Mumbai  ,krishna.khan294@outlook.com,14-01-2020
CUST02531,Myra Bhatt,8.0,Male,MUMBAI,myra.bhatt989@gmail.com,02/01/2025
CUST02532,Saanvi Chopra,55.0,Female,Kolkata,saanvi.chopra220@outlook.com,2021/02/19
CUST02533,Pari Rathore,36.0,Male,CHANDIGARH,pari.rathore715@yahoo.com,31-07-2019
CUST02534,Kiara Saxena,42.0,Male,Kolkata,kiara.saxena887@gmail.com,04-01-2022
CUST02535,Myra Chauhan,44.0,Female,indore,myra.chauhan541@outlook.com,03-25-2023
CUST02536,Ramesh Chopra,41.0,Male,Lucknow,ramesh.chopra354@gmail.com,13/10/2025
CUST02537,,44.0,Female,Gurugram,user253731@mail.com,05-10-2025
CUST02538,Sai Verma,29.0,Male,Indore,sai.verma214@mail.com,11/06/2019
CUST02539,Ishaan Mishra,34.0,Other,Chennai,ishaan.mishra240@mail.com,26-10-2019
CUST02540,Navya Khan,36.0,Female,  Faridabad  ,navya.khan393@outlook.com,09-02-2021
CUST02541,Sai Saxena,37.0,Male,JAIPUR,sai.saxena513@yahoo.com,2025/08/03
CUST02542,Ayaan Nair,28.0,Female,mumbai,ayaan.nair709@mail.com,04-08-2025
CUST02543,  Karan Rao  ,20.0,Other,gurugram,karan.rao860@yahoo.com,
CUST02544,Neha Singh,30.0,Female,Chennai,neha.singh336@mail.com,17-05-2024
CUST02545,Isha Sharma,35.0,M, Indore,isha.sharma505@gmail.com,
CUST02546,Sai Rathore,34.0,Female,CHANDIGARH,sai.rathore863@mail.com,25 Sep 2022
CUST02547,Ganesh Tiwari,25.0,Male,Pune,ganesh.tiwari130@yahoo.com,
CUST02548,,31.0,Female,Lucknow,user2548420@mail.com,00-00-0000
CUST02549,,,Male,Hyderabad,USER2549994@YAHOO.COM,2021/05/17
CUST02550,Sandeep Tiwari,30.0,Male,Faridabad,sandeep.tiwari390@gmail.com,2021/02/17
CUST02551,Amit Gupta,28.0,Female,lucknow,amit.gupta88@gmail.com,00-00-0000
CUST02552,Rahul Patel,16.0,Male,Kolkata,rahul.patel237@outlook.com,15-05-2024
CUST02553,Sai Kapoor,29.0,Male,  Kolkata  ,sai.kapoor73@gmail.com,2021/09/20
CUST02554,Rehan Sharma,45.0,Other,chandigarh,rehan.sharma713@gmail.com,00-00-0000
CUST02555,Isha Saxena,41.0,Female,Noida,isha.saxena532@outlook.com,17 Apr 2021
CUST02556,Simran Chopra,25.0,Male,AHMEDABAD,simran.chopra519@yahoo.com,06-13-2023
CUST02557,Rehan Singh,31.0,Female,PUNE,rehan.singh459@yahoo.com,2021/09/07
CUST02558,Zara Shah,102.0,Female,LUCKNOW,zara.shah57@mail.com,2025/03/11
CUST02559,Riya Pandey,16.0,Female,Faridabad,RIYA.PANDEY584@OUTLOOK.COM,
CUST02560,Arjun Ansari,138.0,M,Kolkata,arjun.ansari565@yahoo.com,05-03-2022
CUST02561,Ramesh Joshi,36.0,Male,,ramesh.joshi329@outlook.com,09-04-2023
CUST02562,Manish Bansal,23.0,Female,Hyderabad,manish.bansal849@yahoo.com,2024/03/24
CUST02563,Vivaan Patel,26.0,Male,Lucknow,vivaan.patel933@gmail.com,25-12-2024
CUST02564,Rahul Desai,,Female,  Kolkata  ,rahul.desai783@yahoo.com,11 Jan 2023
CUST02565,Nikhil Bansal,25.0,Female,,nikhil.bansal681@gmail.com,17 Jun 2022
CUST02566,Riya Sharma,30.0,Male,Indore,riya.sharma863@outlook.com,2021/12/07
CUST02567,Aditya Rao,34.0,M,Noida,aditya.rao795@mail.com,13-01-2023
CUST02568,Pari Iyer,23.0,Female,DELHI,pari.iyer270@gmail.com,10-01-2024
CUST02569,Ayesha Shah,24.0,Male,KOLKATA,ayesha.shah216@outlook.com,07-29-2024
CUST02570,Ayesha Desai,44.0,Female,Chennai,ayesha.desai700@outlook.com,03-23-2024
CUST02571,Sai Gupta,32.0,Male,CHENNAI,SAI.GUPTA473@YAHOO.COM,08-02-2020
CUST02572,  Aryan Chopra  ,37.0,Female,  Chennai  ,aryan.chopra523@yahoo.com,07/04/2024
CUST02573,Aryan Iyer,31.0,Other,PUNE,aryan.iyer68@mail.com,04-08-2022
CUST02574,Ganesh Desai,27.0,Male, Noida,ganesh.desai412@outlook.com,12-04-2021
CUST02575,Arjun Nair,40.0,Female,Gurugram,arjun.nair223@yahoo.com,2023/02/27
CUST02576,Suresh Patel,43.0,Male,Pune,suresh.patel858@mail.com,05/07/2022
CUST02577,Myra Rathore,37.0,Female,Delhi,myra.rathore441@outlook.com,
CUST02578,Aarav Bansal,21.0,Female,noida,aarav.bansal172@outlook.com,07-07-2019
CUST02579,Rahul Kapoor,19.0,F,Pune,rahul.kapoor598@gmail.com,00-00-0000
CUST02580,Vivaan Kapoor,30.0,Female,Delhi,vivaan.kapoor351@gmail.com,25/06/2021
CUST02581,Aryan Agarwal,,Male,Lucknow,aryan.agarwal201@mail.com,20-08-2020
CUST02582,Rohan Reddy,23.0,F,Bhopal,rohan.reddy76@gmail.com,08-03-2019
CUST02583,Vihaan Malhotra,17.0,Female,  Chandigarh  ,vihaan.malhotra422@yahoo.com,04 Dec 2021
CUST02584,Mohammed Dubey,53.0,Female,ahmedabad,mohammed.dubey904@outlook.com,03-16-2025
CUST02585,Shreya Nair,39.0,Female,Ahmedabad,shreya.nair22@gmail.com,20-07-2025
CUST02586,Kabir Iyer,31.0,Female,CHANDIGARH,kabir.iyer318@gmail.com,30/06/2025
CUST02587,Tanvi Khan,22.0,Female,Pune,tanvi.khan998@yahoo.com,2023/09/07
CUST02588,Nikhil Saxena,49.0,Other,Hyderabad,nikhil.saxena678@gmail.com,24/04/2022
CUST02589,Priya Iyer,13.0,Male,Lucknow,priya.iyer179@gmail.com,09-16-2020
CUST02590,Rahul Patel,46.0,Male,LUCKNOW,rahul.patel994@mail.com,2021/03/14
CUST02591,Shreya Agarwal,31.0,Male,Indore,shreya.agarwal915@mail.com,09-13-2022
CUST02592,Imran Joshi,17.0,Female,,imran.joshi363@mail.com,31/07/2021
CUST02593,  Kavya Mishra  ,38.0,Male,Ahmedabad,kavya.mishra849@gmail.com,04-05-2023
CUST02594,Dhruv Gupta,117.0,Female,Bangalore,dhruv.gupta216@mail.com,22-05-2025
CUST02595,Shreya Saxena,31.0,F,Delhi,shreya.saxena782@gmail.com,10-03-2021
CUST02596,Karan Malhotra,33.0,nan,Lucknow,karan.malhotra349@outlook.com,07/08/2024
CUST02597,Kavya Sharma,26.0,Female,FARIDABAD,kavya.sharma523@yahoo.com,2025/03/05
CUST02598,  Vivaan Gupta  ,20.0,Female,  Mumbai  ,vivaan.gupta738@mail.com,2022/10/14
CUST02599,Diya Khan,17.0,female,Bhopal,diya.khan699@yahoo.com,11-20-2021
CUST02600,Rahul Khan,12.0,Female,kolkata,rahul.khan295@outlook.com,2024/06/24
CUST02601,Aditya Menon,32.0,Other,Bangalore,nan,02 Jul 2024
CUST02602,Riya Malhotra,32.0,Female,BANGALORE,riya.malhotra403@mail.com,02-03-2024
CUST02603,Isha Yadav,40.0,Male,Mumbai,isha.yadav606@mail.com,00-00-0000
CUST02604,Sandeep Bhatt,18.0,Male,delhi,sandeep.bhatt258@outlook.com,13-12-2022
CUST02605,Saanvi Rao,38.0,Male,Kolkata,saanvi.rao240@yahoo.com,2020/11/24
CUST02606,Kiara Patel,26.0,female,Mumbai,kiara.patel537@gmail.com,27-07-2020
CUST02607,Ayaan Sharma,15.0,Female,FARIDABAD,ayaan.sharma936@outlook.com,02-16-2025
CUST02608,Pari Khan,28.0,Female,  Mumbai  ,pari.khan461@yahoo.com,2024/06/23
CUST02609,Ira Tiwari,27.0,Male,Faridabad,ira.tiwari659@yahoo.com,23-01-2021
CUST02610,Ayaan Chopra,24.0,Male,Jaipur,ayaan.chopra129@outlook.com,29/01/2025
CUST02611,Aditya Menon,34.0,Female,Indore,aditya.menon639@mail.com,29/08/2019
CUST02612,Nikhil Dubey,-24.0,Female, Jaipur,nikhil.dubey1@gmail.com,
CUST02613,Yash Dubey,28.0,Female,CHANDIGARH,yash.dubey715@yahoo.com,2019/05/19
CUST02614,Karan Nair,51.0,M,Noida,karan.nair160outlook.com,01-11-2019
CUST02615,Rehan Rathore,13.0,Male, Bangalore,rehan.rathore835@outlook.com,07-18-2019
CUST02616,Amit Verma,51.0,Male, Bangalore,AMIT.VERMA39@OUTLOOK.COM,2019/01/27
CUST02617,Diya Saxena,34.0,Male,Ahmedabad,diya.saxena301@gmail.com,
CUST02618,Yash Singh,22.0,Male,Kolkata,yash.singh256@yahoo.com,
CUST02619,Pari Dubey,34.0,Female,Hyderabad,pari.dubey541@gmail.com,05 Aug 2021
CUST02620,Myra Kapoor,-40.0,Female,PUNE,myra.kapoor937@outlook.com,06-10-2019
CUST02621,Karan Rao,31.0,Male,Noida,karan.rao223@outlook.com,10/09/2020
CUST02622,Pooja Patel,7.0,Female,  Jaipur  ,pooja.patel147@mail.com,
CUST02623,Rehan Khan,33.0,Other,CHENNAI,rehan.khan102@gmail.com,14/06/2021
CUST02624,Nikhil Rathore,39.0,Male,gurugram,nikhil.rathore125@gmail.com,00-00-0000
CUST02625,Ramesh Tiwari,26.0,Female,Ahmedabad,ramesh.tiwari309@yahoo.com,2024/02/11
CUST02626,Simran Sharma,23.0,Female, Hyderabad,simran.sharma299@yahoo.com,09-03-2023
CUST02627,Sandeep Rathore,17.0,Female,faridabad,sandeep.rathore383@yahoo.com,
CUST02628,Myra Chauhan,41.0,M,Gurugram,myra.chauhan913@gmail.com,05/12/2025
CUST02629,Farhan Kumar,32.0,Male,Bangalore,farhan.kumar201@yahoo.com,
CUST02630,Zara Tiwari,36.0,Male,Chandigarh,zara.tiwari90@gmail.com,02/06/2024
CUST02631,Anika Desai,,Male, Faridabad,anika.desai77@gmail.com,2024/06/21
CUST02632,Amit Kapoor,32.0,Male,Pune,amit.kapoor603@gmail.com,00-00-0000
CUST02633,Kavya Tiwari,30.0,Female,Lucknow,kavya.tiwari886@outlook.com,2019/01/28
CUST02634,Aadhya Sharma,25.0,M,chandigarh,aadhya.sharma37@outlook.com,00-00-0000
CUST02635,Arjun Kumar,28.0,Male, Faridabad,arjun.kumar973@yahoo.com,09/03/2025
CUST02636,Diya Verma,13.0,Male,Chandigarh,diya.verma894@yahoo.com,12/08/2023
CUST02637,Pari Patel,21.0,Male,Mumbai,pari.patel307@mail.com,00-00-0000
CUST02638,Rohan Mishra,23.0,Male, Noida,rohan.mishra143@yahoo.com,03-10-2019
CUST02639,Arjun Saxena,14.0,Female,lucknow,arjun.saxena577@outlook.com,2024/12/08
CUST02640,Amit Dubey,22.0,Female,mumbai,amit.dubey491@outlook.com,00-00-0000
CUST02641,Ishaan Ansari,31.0,male,bangalore,ishaan.ansari951yahoo.com,03 Jan 2025
CUST02642,Ishaan Tiwari,27.0,Female,Jaipur,ishaan.tiwari803@outlook.com,2022/03/20
CUST02643,Aryan Yadav,28.0,Female,Faridabad,aryan.yadav834@yahoo.com,
CUST02644,Tanvi Malhotra,32.0,Male,  Delhi  ,tanvi.malhotra872@mail.com,19/08/2024
CUST02645,Sandeep Bhatt,28.0,M, Jaipur,sandeep.bhatt335@outlook.com,2023/10/30
CUST02646,Rehan Kumar,29.0,Male,Jaipur,rehan.kumar336@gmail.com,00-00-0000
CUST02647,Ananya Saxena,21.0,Female,  Kolkata  ,ananya.saxena92@yahoo.com,2020/03/14
CUST02648,Farhan Reddy,43.0,Male,Pune,farhan.reddy832@outlook.com,01-30-2020
CUST02649,Sneha Chopra,20.0,Male,  Jaipur  ,SNEHA.CHOPRA183@OUTLOOK.COM,2024/11/17
CUST02650,Ishaan Bhatt,,Female,Hyderabad,ishaan.bhatt417@yahoo.com,01-09-2020
CUST02651,Priya Gupta,30.0,Female,Gurugram,priya.gupta586@mail.com,14-09-2021
CUST02652,Aryan Nair,30.0,Female,Noida,aryan.nair984@outlook.com,25-02-2021
CUST02653,  Rohan Yadav  ,35.0,Male,Hyderabad,rohan.yadav300@mail.com,13-12-2025
CUST02654,Kavya Gupta,24.0,Female,Jaipur,kavya.gupta861@mail.com,26-11-2024
CUST02655,Sandeep Mishra,32.0,Female,KOLKATA,sandeep.mishra732@mail.com,30 Oct 2021
CUST02656,Rohan Yadav,26.0,Male,Chandigarh,rohan.yadav733@yahoo.com,2022/12/22
CUST02657,Myra Pandey,24.0,Female,JAIPUR,myra.pandey503@gmail.com,12-30-2021
CUST02658,Pooja Menon,31.0,Female,Delhi,pooja.menon183@outlook.com,2023/06/14
CUST02659,Saanvi Reddy,19.0,Female,  Indore  ,saanvi.reddy51@yahoo.com,11-20-2019
CUST02660,Sandeep Reddy,31.0,female,bhopal,sandeep.reddy517outlook.com,
CUST02661,Vivaan Nair,31.0,M,HYDERABAD,vivaan.nair713@outlook.com,07-22-2023
CUST02662,Imran Khan,29.0,Female,CHANDIGARH,imran.khan333@mail.com,24-02-2024
CUST02663,Farhan Pandey,19.0,Female, Noida,farhan.pandey253@mail.com,03 May 2025
CUST02664,Pari Kumar,42.0,Male,  Chennai  ,pari.kumar129@yahoo.com,23 Sep 2021
CUST02665,Ganesh Nair,26.0,Male,Chennai,ganesh.nair615@outlook.com,07-14-2021
CUST02666,Amit Mishra,18.0,Male, Hyderabad,amit.mishra881@mail.com,13-05-2022
CUST02667,Karan Kumar,36.0,F,chandigarh,karan.kumar544@outlook.com,27/11/2019
CUST02668,Ganesh Reddy,13.0,Female,Bhopal,ganesh.reddy165@mail.com,10-05-2019
CUST02669,Shreya Bansal,34.0,Female,Kolkata,shreya.bansal739@mail.com,18-01-2020
CUST02670,Zara Reddy,39.0,Female,Lucknow,zara.reddy819@gmail.com,19-07-2023
CUST02671,Pari Chauhan,18.0,F,Noida,pari.chauhan217@gmail.com,04-03-2023
CUST02672,Reyansh Malhotra,37.0,Male,LUCKNOW,reyansh.malhotra985@outlook.com,00-00-0000
CUST02673,Kiara Khan,15.0,Male,Mumbai,kiara.khan464@gmail.com,2025/03/13
CUST02674,Arjun Menon,32.0,Male,LUCKNOW,arjun.menon349@gmail.com,
CUST02675,Kiara Malhotra,34.0,Male,  Chandigarh  ,kiara.malhotra772@outlook.com,08-18-2019
CUST02676,Ganesh Nair,41.0,Male,bhopal,ganesh.nair230gmail.com,2019/02/08
CUST02677,Sandeep Desai,17.0,Female,ahmedabad,sandeep.desai651@yahoo.com,02-12-2020
CUST02678,Suresh Desai,32.0,Other,PUNE,suresh.desai903@mail.com,00-00-0000
CUST02679,Pooja Bansal,17.0,Male,Faridabad,pooja.bansal573@mail.com,2024/08/09
CUST02680,  Simran Patel  ,42.0,Male,kolkata,simran.patel848@gmail.com,11-13-2023
CUST02681,Ayesha Nair,,Other,Chennai,ayesha.nair731@outlook.com,09-18-2022
CUST02682,  Manish Agarwal  ,39.0,Female,Indore,manish.agarwal970@gmail.com,06/05/2025
CUST02683,Zara Joshi,21.0,Female,Chandigarh,zara.joshi222@mail.com,26 Jan 2020
CUST02684,Karan Iyer,30.0,Female,DELHI,karan.iyer995@gmail.com,2024/12/03
CUST02685,Neha Joshi,41.0,Female,DELHI,NEHA.JOSHI195@YAHOO.COM,24-06-2019
CUST02686,Isha Verma,37.0,Female,Indore,isha.verma45@mail.com,30-07-2021
CUST02687,Sai Dubey,30.0,Other, Gurugram,sai.dubey125@outlook.com,
CUST02688,Neha Malhotra,19.0,Female,Delhi,neha.malhotra491@outlook.com,10/05/2025
CUST02689,Zara Chopra,22.0,Female,Faridabad,zara.chopra506@outlook.com,01-05-2024
CUST02690,Rehan Kapoor,45.0,F,mumbai,rehan.kapoor26@gmail.com,15 Jan 2022
CUST02691,Saanvi Sharma,42.0,Female,Hyderabad,saanvi.sharma31@mail.com,10/07/2019
CUST02692,Kabir Ansari,16.0,Other,Bhopal,kabir.ansari47@outlook.com,11-01-2019
CUST02693,Kavya Singh,47.0,Other,faridabad,kavya.singh461@yahoo.com,22/02/2022
CUST02694,Yash Reddy,25.0,Female,Jaipur,yash.reddy417@mail.com,02-02-2025
CUST02695,Aditya Verma,35.0,Female, Bangalore,aditya.verma275@mail.com,
CUST02696,Sandeep Gupta,48.0,male,JAIPUR,sandeep.gupta235@yahoo.com,15-05-2019
CUST02697,Dhruv Desai,20.0,Male,Ahmedabad,dhruv.desai445@mail.com,04 Jan 2021
CUST02698,Diya Shah,51.0,Male,kolkata,diya.shah815@yahoo.com,12-07-2022
CUST02699,Kiara Shah,49.0,Male, Chandigarh,kiara.shah562@mail.com,
CUST02700,Isha Singh,20.0,Male,kolkata,isha.singh292@mail.com,2021/04/28
CUST02701,Sneha Joshi,20.0,Female,Chennai,sneha.joshi965@outlook.com,08-01-2025
CUST02702,Krishna Sharma,40.0,female,DELHI,krishna.sharma382@gmail.com,00-00-0000
CUST02703,Imran Rathore,35.0,Female,chandigarh,imran.rathore44@outlook.com,
CUST02704,Kiara Chopra,22.0,Male,KOLKATA,kiara.chopra668@outlook.com,11-12-2019
CUST02705,Nikhil Mishra,10.0,Male, Indore,nikhil.mishra881@mail.com,10/05/2022
CUST02706,Rohan Dubey,37.0,Male,Kolkata,rohan.dubey896@gmail.com,
CUST02707,Farhan Kapoor,28.0,Female,  Pune  ,farhan.kapoor944@mail.com,2025/04/28
CUST02708,Riya Patel,-39.0,Male,Hyderabad,riya.patel830@outlook.com,
CUST02709,Suresh Reddy,39.0,Male,Pune,suresh.reddy685@yahoo.com,10 May 2025
CUST02710,Pooja Rathore,40.0,female,,pooja.rathore283@outlook.com,2023/05/13
CUST02711,Isha Mishra,30.0,Female,Noida,isha.mishra594@mail.com,2025/01/23
CUST02712,Vivaan Gupta,27.0,Male,Pune,vivaan.gupta725@outlook.com,2022/09/20
CUST02713,Yash Tiwari,19.0,Female,Faridabad,yash.tiwari85@gmail.com,22-04-2023
CUST02714,Dhruv Pandey,37.0,Female,Noida,dhruv.pandey843@outlook.com,27-07-2020
CUST02715,Ayaan Ansari,19.0,Female,  Ahmedabad  ,ayaan.ansari501@mail.com,18 Nov 2019
CUST02716,Anika Dubey,41.0,Female,Bangalore,anika.dubey172@yahoo.com,00-00-0000
CUST02717,Kavya Desai,34.0,Male,Bangalore,kavya.desai954@outlook.com,17-11-2022
CUST02718,Ishaan Malhotra,37.0,Male,Mumbai,ishaan.malhotra151@outlook.com,08/08/2019
CUST02719,Isha Iyer,28.0,Male,Noida,isha.iyer524@outlook.com,05-02-2020
CUST02720,Ramesh Nair,41.0,Male, Delhi,ramesh.nair292@gmail.com,26-11-2023
CUST02721,Kiara Sharma,35.0,Male,Gurugram,kiara.sharma639@outlook.com,08-08-2021
CUST02722,Sai Rathore,32.0,Male,Chandigarh,sai.rathore891@gmail.com,08/11/2019
CUST02723,Amit Kumar,53.0,Other, Lucknow,amit.kumar419@gmail.com,27-10-2022
CUST02724,Riya Sharma,35.0,Female,Noida,riya.sharma594@yahoo.com,14 Oct 2025
CUST02725,Zara Khan,44.0,Male,mumbai,zara.khan204@gmail.com,19-11-2025
CUST02726,Pari Chauhan,34.0,Female,DELHI,pari.chauhan179@gmail.com,2025/09/05
CUST02727,Manish Patel,27.0,Female, Noida,manish.patel443@outlook.com,13/06/2023
CUST02728,,14.0,Male,AHMEDABAD,user2728725@mail.com,00-00-0000
CUST02729,Amit Rathore,25.0,Male,Bangalore,amit.rathore942@yahoo.com,02 May 2019
CUST02730,Ishaan Shah,55.0,Female,INDORE,ishaan.shah279@yahoo.com,01-24-2022
CUST02731,Manish Khan,30.0,Male,Noida,manish.khan572@yahoo.com,
CUST02732,Imran Saxena,101.0,Female,Gurugram,imran.saxena768@mail.com,2024/07/02
CUST02733,Dhruv Reddy,115.0,Male,Lucknow,nan,
CUST02734,Isha Joshi,63.0,male,Lucknow,isha.joshi633@mail.com,12-28-2022
CUST02735,Priya Menon,52.0,Male,Kolkata,priya.menon104@mail.com,03-15-2025
CUST02736,Ira Menon,27.0,Female,bhopal,ira.menon44@mail.com,03-18-2023
CUST02737,Rohan Reddy,47.0,Male,pune,rohan.reddy888@yahoo.com,04-11-2023
CUST02738,Vihaan Menon,14.0,Female,Mumbai,vihaan.menon821@outlook.com,00-00-0000
CUST02739,Isha Agarwal,41.0,Female,MUMBAI,isha.agarwal386@outlook.com,27-07-2025
CUST02740,,36.0,nan,Mumbai,user2740479@gmail.com,06 Apr 2023
CUST02741,Suresh Reddy,15.0,Female,kolkata,nan,12-18-2019
CUST02742,Karan Yadav,36.0,M,  Noida  ,karan.yadav588@outlook.com,08-12-2025
CUST02743,Vihaan Chopra,38.0,Female,Noida,vihaan.chopra742@outlook.com,2022/04/24
CUST02744,Suresh Mishra,28.0,Female, Gurugram,suresh.mishra830@gmail.com,06 Oct 2021
CUST02745,Rohan Joshi,42.0,Male,Lucknow,rohan.joshi595@yahoo.com,2019/10/29
CUST02746,Vihaan Dubey,29.0,Other,Kolkata,vihaan.dubey1@outlook.com,03/12/2019
CUST02747,Reyansh Khan,30.0,Male, Kolkata,reyansh.khan661outlook.com,02-01-2022
CUST02748,Anika Pandey,37.0,Male,chandigarh,anika.pandey656@outlook.com,2020/09/23
CUST02749,Dhruv Nair,29.0,Male,bangalore,dhruv.nair98@gmail.com,06-04-2023
CUST02750,Vihaan Singh,23.0,Female,Bhopal,vihaan.singh948@mail.com,23 Sep 2020
CUST02751,Ishaan Bansal,42.0,Female,Gurugram,ishaan.bansal51@gmail.com,05-15-2023
CUST02752,Vivaan Rathore,31.0,Female,Faridabad,VIVAAN.RATHORE343@YAHOO.COM,07-21-2022
CUST02753,Isha Saxena,38.0,Female,ahmedabad,isha.saxena851@yahoo.com,17-01-2023
CUST02754,Kiara Gupta,23.0,Male,Bhopal,kiara.gupta429@outlook.com,
CUST02755,Yash Chopra,25.0,Female,Mumbai,yash.chopra862@mail.com,2020/01/10
CUST02756,Riya Nair,45.0,Female,Lucknow,riya.nair33@yahoo.com,01-22-2019
CUST02757,Ishaan Menon,22.0,Male,Noida,ishaan.menon798@gmail.com,2022/06/16
CUST02758,Tanvi Reddy,30.0,Female,indore,tanvi.reddy122@gmail.com,27 Dec 2023
CUST02759,  Shreya Gupta  ,47.0,Male,mumbai,shreya.gupta759@outlook.com,14/01/2023
CUST02760,Tanvi Gupta,33.0,Female,Chandigarh,tanvi.gupta277@mail.com,09-01-2022
CUST02761,Kavya Mishra,27.0,Male,Bhopal,kavya.mishra442@mail.com,23-02-2020
CUST02762,Sai Joshi,34.0,Female,Lucknow,sai.joshi798@yahoo.com,06-26-2020
CUST02763,Aryan Joshi,32.0,Female, Lucknow,nan,12-24-2019
CUST02764,Farhan Malhotra,13.0,Female,Faridabad,farhan.malhotra265@outlook.com,2021/02/06
CUST02765,Ananya Agarwal,53.0,M,Mumbai,ananya.agarwal609@outlook.com,01/11/2023
CUST02766,Myra Singh,43.0,Female,Gurugram,myra.singh343@outlook.com,2024/01/13
CUST02767,Ganesh Pandey,110.0,Female,Pune,ganesh.pandey904@gmail.com,31/03/2025
CUST02768,Aditya Saxena,17.0,F,MUMBAI,aditya.saxena986@gmail.com,22/03/2025
CUST02769,Reyansh Dubey,37.0,Male,Jaipur,reyansh.dubey780@gmail.com,2024/09/29
CUST02770,Ayesha Kumar,19.0,Male,Kolkata,ayesha.kumar904@gmail.com,30 Jul 2023
CUST02771,Zara Menon,40.0,Male, Chandigarh,zara.menon150@mail.com,
CUST02772,Pooja Yadav,34.0,Male, Noida,pooja.yadav482@yahoo.com,00-00-0000
CUST02773,Kiara Verma,35.0,,  Gurugram  ,kiara.verma669@outlook.com,03-01-2020
CUST02774,Ananya Menon,43.0,Male,MUMBAI,ananya.menon994@gmail.com,20-12-2022
CUST02775,Ramesh Nair,31.0,Female, Faridabad,ramesh.nair60@mail.com,20-03-2025
CUST02776,Ganesh Yadav,29.0,Male,Bhopal,ganesh.yadav225@mail.com,17/01/2020
CUST02777,Ayesha Gupta,14.0,Female,Indore,ayesha.gupta600@gmail.com,2025/09/11
CUST02778,Vivaan Ansari,31.0,Male,MUMBAI,vivaan.ansari751@yahoo.com,09-15-2025
CUST02779,Isha Sharma,27.0,Female,AHMEDABAD,isha.sharma405@mail.com,08-21-2022
CUST02780,Zara Rathore,50.0,Female,  Jaipur  ,zara.rathore1@mail.com,2023/04/27
CUST02781,,34.0,male,  Bhopal  ,user278162@outlook.com,00-00-0000
CUST02782,Farhan Agarwal,27.0,Female,Delhi,farhan.agarwal945@mail.com,2022/04/10
CUST02783,Isha Shah,30.0,Female,  Lucknow  ,isha.shah583@mail.com,22/08/2023
CUST02784,Imran Iyer,52.0,Female,Gurugram,imran.iyer352@mail.com,08/05/2023
CUST02785,Pooja Agarwal,24.0,Male,,pooja.agarwal704@outlook.com,13-12-2019
CUST02786,Sai Reddy,35.0,Female,faridabad,sai.reddy216@gmail.com,10-04-2025
CUST02787,Riya Khan,33.0,Female,Ahmedabad,riya.khan771@outlook.com,21-09-2021
CUST02788,Vivaan Chopra,38.0,Female,Pune,vivaan.chopra243@outlook.com,2025/05/31
CUST02789,Rehan Shah,35.0,Female,Hyderabad,rehan.shah665@outlook.com,11-04-2024
CUST02790,Reyansh Kapoor,23.0,Female,pune,reyansh.kapoor837@gmail.com,25 Nov 2020
CUST02791,Kiara Joshi,26.0,Male,AHMEDABAD,kiara.joshi736@gmail.com,09-04-2023
CUST02792,Vihaan Yadav,42.0,Female,indore,vihaan.yadav439@mail.com,00-00-0000
CUST02793,Farhan Yadav,16.0,Female,bhopal,farhan.yadav761@mail.com,22/07/2020
CUST02794,Suresh Gupta,28.0,Male,Kolkata,suresh.gupta367@gmail.com,2022/01/06
CUST02795,Vivaan Iyer,23.0,Female,PUNE,vivaan.iyer699@outlook.com,18-05-2022
CUST02796,Sandeep Khan,27.0,Female,BANGALORE,sandeep.khan821@mail.com,04-01-2022
CUST02797,Priya Tiwari,47.0,Male,Jaipur,priya.tiwari626@mail.com,2024/07/12
CUST02798,Reyansh Singh,36.0,Female,Kolkata,reyansh.singh244@gmail.com,2020/08/20
CUST02799,Diya Menon,12.0,Male,Kolkata,diya.menon185@yahoo.com,2019/09/17
CUST02800,Navya Kapoor,35.0,Male,noida,navya.kapoor519@outlook.com,00-00-0000
CUST02801,,43.0,Male,Chennai,user2801974@gmail.com,11-16-2023
CUST02802,Sandeep Joshi,30.0,Female,Pune,sandeep.joshi874@yahoo.com,04/02/2022
CUST02803,,38.0,,Pune,user2803171@mail.com,
CUST02804,Sneha Joshi,26.0,F,delhi,sneha.joshi295@outlook.com,12-05-2022
CUST02805,,12.0,Female,Noida,user2805890@yahoo.com,06 Jun 2024
CUST02806,Neha Singh,,Male,Faridabad,neha.singh583@outlook.com,11-12-2019
CUST02807,Rohan Singh,32.0,Female,jaipur,rohan.singh482@yahoo.com,19/01/2023
CUST02808,Diya Nair,17.0,F,Bangalore,diya.nair765@yahoo.com,27/10/2021
CUST02809,Arjun Kumar,46.0,M,Ahmedabad,arjun.kumar849@yahoo.com,
CUST02810,Yash Reddy,29.0,Male,Faridabad,yash.reddy202@yahoo.com,2024/07/23
CUST02811,Saanvi Chopra,40.0,Male,Chennai,saanvi.chopra264@yahoo.com,29-08-2025
CUST02812,Rehan Iyer,31.0,Female,  Indore  ,rehan.iyer867@mail.com,30-11-2025
CUST02813,Nikhil Dubey,38.0,M, Faridabad,nikhil.dubey968@mail.com,2021/03/11
CUST02814,  Amit Kumar  ,15.0,Male,  Lucknow  ,amit.kumar397@mail.com,19-02-2024
CUST02815,Imran Desai,48.0,M,Jaipur,imran.desai739@mail.com,14-03-2020
CUST02816,Rahul Rathore,30.0,Male,Faridabad,rahul.rathore497@gmail.com,2020/07/08
CUST02817,Ira Kumar,19.0,Male,NOIDA,ira.kumar77@outlook.com,06-01-2022
CUST02818,Anika Singh,126.0,Female,pune,anika.singh201@outlook.com,28-01-2019
CUST02819,Yash Iyer,32.0,Male,Lucknow,yash.iyer460@outlook.com,06-09-2023
CUST02820,Simran Kapoor,56.0,Female,Ahmedabad,simran.kapoor795@yahoo.com,22-09-2022
CUST02821,Pooja Khan,28.0,Male,jaipur,nan,2025/12/15
CUST02822,Zara Nair,31.0,Male, Lucknow,zara.nair691@outlook.com,06/04/2023
CUST02823,Ishaan Sharma,25.0,Female,Pune,nan,11/09/2022
CUST02824,,28.0,Male,Chennai,user2824507@yahoo.com,2023/12/09
CUST02825,Anika Kumar,19.0,Male,faridabad,anika.kumar692@gmail.com,10-03-2022
CUST02826,Diya Patel,19.0,Male,Gurugram,diya.patel701@gmail.com,30 Oct 2023
CUST02827,,27.0,Male,NOIDA,user2827105@yahoo.com,31/08/2025
CUST02828,Saanvi Shah,29.0,Female,Pune,saanvi.shah335@outlook.com,2020/07/11
CUST02829,Ganesh Verma,-31.0,F,Jaipur,ganesh.verma503@gmail.com,15-05-2022
CUST02830,Aadhya Kumar,106.0,M,chandigarh,aadhya.kumar255@gmail.com,08-06-2022
CUST02831,Rahul Kapoor,34.0,M,Faridabad,rahul.kapoor583@yahoo.com,2025/10/06
CUST02832,Amit Tiwari,29.0,Male,Bangalore,amit.tiwari405@outlook.com,02-04-2021
CUST02833,Shreya Kapoor,42.0,Male,Mumbai,shreya.kapoor886@mail.com,16/05/2024
CUST02834,Saanvi Kumar,41.0,Male,Mumbai,saanvi.kumar988yahoo.com,10 Jul 2022
CUST02835,Farhan Khan,40.0,Female,GURUGRAM,farhan.khan268@outlook.com,28-12-2020
CUST02836,Kiara Rao,36.0,Male,  Lucknow  ,kiara.rao883@yahoo.com,20-06-2023
CUST02837,Ayaan Bhatt,31.0,M,Hyderabad,ayaan.bhatt67@gmail.com,31 Jul 2022
CUST02838,Shreya Saxena,41.0,Male,chennai,shreya.saxena118@outlook.com,08 Apr 2022
CUST02839,Ganesh Iyer,27.0,Female,mumbai,ganesh.iyer849@mail.com,04-07-2024
CUST02840,Rohan Chopra,26.0,Male,LUCKNOW,rohan.chopra832@mail.com,16-06-2025
CUST02841,Ayesha Chauhan,33.0,Male,BHOPAL,ayesha.chauhan383@outlook.com,
CUST02842,Farhan Joshi,44.0,Male,BHOPAL,farhan.joshi222@mail.com,08-27-2022
CUST02843,Sai Mishra,32.0,Female,  Kolkata  ,sai.mishra265@outlook.com,03-21-2023
CUST02844,Karan Mishra,23.0,male,gurugram,karan.mishra779@gmail.com,22-02-2022
CUST02845,Rehan Yadav,42.0,Male,Lucknow,rehan.yadav95@outlook.com,29/05/2023
CUST02846,Mohammed Verma,110.0,M, Hyderabad,mohammed.verma43@mail.com,04/02/2023
CUST02847,Neha Khan,37.0,Female,Ahmedabad,neha.khan245@yahoo.com,04-11-2020
CUST02848,Sai Chauhan,18.0,Female,Noida,sai.chauhan493@mail.com,00-00-0000
CUST02849,  Pari Pandey  ,49.0,Male,bhopal,pari.pandey514@mail.com,29-03-2021
CUST02850,Ishaan Mishra,25.0,Female,BANGALORE,ishaan.mishra301@gmail.com,22 Aug 2025
CUST02851,Navya Verma,35.0,Female,Bhopal,navya.verma178@mail.com,12-02-2025
CUST02852,Dhruv Gupta,-37.0,Female, Noida,dhruv.gupta351@mail.com,06/01/2021
CUST02853,Krishna Kumar,19.0,Female,Mumbai,krishna.kumar83@mail.com,03-03-2025
CUST02854,Isha Rathore,22.0,Male,  Faridabad  ,isha.rathore370@mail.com,2019/04/21
CUST02855,Sai Sharma,33.0,Male,Bhopal,sai.sharma496@gmail.com,03-05-2024
CUST02856,Aadhya Chauhan,32.0,male,,aadhya.chauhan419@mail.com,08/05/2021
CUST02857,Kiara Nair,40.0,Female,Bhopal,kiara.nair48@yahoo.com,01 Dec 2023
CUST02858,Pooja Kumar,41.0,Male,Delhi,pooja.kumar782@gmail.com,08 Apr 2022
CUST02859,Saanvi Patel,32.0,Male,mumbai,saanvi.patel189@outlook.com,00-00-0000
CUST02860,Rahul Iyer,43.0,Male,Ahmedabad,rahul.iyer168@mail.com,03/08/2023
CUST02861,Myra Khan,19.0,Male,Kolkata,myra.khan554@outlook.com,08-07-2024
CUST02862,Reyansh Kapoor,47.0,Other,INDORE,reyansh.kapoor245@yahoo.com,2020/07/24
CUST02863,Sneha Rathore,22.0,Female,Chandigarh,sneha.rathore119@outlook.com,25 May 2022
CUST02864,,22.0,male,  Pune  ,user2864408@yahoo.com,2021/09/18
CUST02865,Diya Nair,32.0,Male,Chennai,diya.nair952@yahoo.com,31/10/2021
CUST02866,Saanvi Iyer,26.0,Male,Lucknow,saanvi.iyer414@mail.com,23/09/2020
CUST02867,Karan Yadav,26.0,Female,Lucknow,karan.yadav439@mail.com,00-00-0000
CUST02868,  Vihaan Verma  ,122.0,M,KOLKATA,vihaan.verma460@gmail.com,25-03-2023
CUST02869,Mohammed Chopra,35.0,Female,Indore,mohammed.chopra91@yahoo.com,10-30-2019
CUST02870,Ira Reddy,32.0,Other,Jaipur,ira.reddy819@outlook.com,2024/01/14
CUST02871,Reyansh Rathore,24.0,Other,ahmedabad,reyansh.rathore828@outlook.com,15-09-2025
CUST02872,Ananya Shah,24.0,F,faridabad,ananya.shah941@gmail.com,05-16-2024
CUST02873,Pooja Nair,41.0,F,Hyderabad,pooja.nair6@yahoo.com,12/07/2025
CUST02874,Sai Sharma,32.0,Female,  Faridabad  ,sai.sharma693@yahoo.com,06-30-2023
CUST02875,Tanvi Pandey,27.0,Female,KOLKATA,TANVI.PANDEY416@MAIL.COM,00-00-0000
CUST02876,Pari Mishra,37.0,Female,Bhopal,pari.mishra695@outlook.com,06-09-2024
CUST02877,Rehan Chauhan,37.0,Male,  Indore  ,rehan.chauhan593@mail.com,10-09-2023
CUST02878,Mohammed Patel,37.0,Male,Mumbai,mohammed.patel915@outlook.com,2025/02/04
CUST02879,Ramesh Gupta,19.0,F,Delhi,ramesh.gupta41@gmail.com,2019/05/31
CUST02880,Sandeep Gupta,41.0,F,Mumbai,sandeep.gupta601@yahoo.com,12/01/2023
CUST02881,,34.0,Female,LUCKNOW,user2881504@mail.com,08 Jan 2025
CUST02882,Arjun Tiwari,35.0,Male,Faridabad,arjun.tiwari288@mail.com,29-08-2025
CUST02883,Aryan Singh,33.0,Male,Jaipur,aryan.singh706@gmail.com,2019/12/15
CUST02884,Arjun Shah,15.0,Female,Chennai,arjun.shah84@gmail.com,2020/03/23
CUST02885,Zara Shah,54.0,M,  Ahmedabad  ,zara.shah336@mail.com,13 Oct 2021
CUST02886,Ananya Pandey,28.0,Male,Hyderabad,ananya.pandey479@gmail.com,00-00-0000
CUST02887,Aarav Bansal,20.0,Female,  Indore  ,aarav.bansal979@mail.com,12-11-2020
CUST02888,Aditya Joshi,28.0,Female,Chennai,aditya.joshi288@outlook.com,14 Nov 2025
CUST02889,Aryan Ansari,,Male,,aryan.ansari913@mail.com,01 Jul 2019
CUST02890,Anika Malhotra,15.0,Male,mumbai,anika.malhotra968@yahoo.com,2025/04/25
CUST02891,Saanvi Malhotra,19.0,Female,Jaipur,saanvi.malhotra597@outlook.com,2023/06/25
CUST02892,Sai Dubey,25.0,Male, Bangalore,sai.dubey640@mail.com,2022/09/20
CUST02893,Farhan Bhatt,45.0,Female,Lucknow,farhan.bhatt305@outlook.com,2023/10/30
CUST02894,Amit Khan,147.0,Female,Hyderabad,amit.khan125@gmail.com,2020/03/09
CUST02895,Ishaan Bhatt,21.0,Other,Chandigarh,ishaan.bhatt706@gmail.com,13/02/2019
CUST02896,Imran Ansari,27.0,Female,  Bangalore  ,imran.ansari743@yahoo.com,02-08-2020
CUST02897,Saanvi Malhotra,27.0,Male,Delhi,saanvi.malhotra327outlook.com,11-25-2021
CUST02898,Pooja Bhatt,47.0,Female,gurugram,pooja.bhatt532@outlook.com,
CUST02899,Ayesha Khan,31.0,Female,bhopal,ayesha.khan39@gmail.com,22-09-2024
CUST02900,Anika Nair,32.0,Male,noida,anika.nair935@gmail.com,10-25-2024
CUST02901,Manish Kumar,25.0,Female,,manish.kumar927@gmail.com,04-04-2025
CUST02902,Priya Kumar,,Female,Bhopal,priya.kumar578@outlook.com,05-07-2025
CUST02903,Vivaan Verma,29.0,nan,hyderabad,vivaan.verma230@yahoo.com,14/06/2025
CUST02904,Myra Sharma,25.0,Female,BANGALORE,myra.sharma775@gmail.com,06-24-2021
CUST02905,Riya Kumar,34.0,Male,pune,riya.kumar623@outlook.com,31-12-2023
CUST02906,Anika Verma,,M,Ahmedabad,anika.verma817@outlook.com,13-03-2023
CUST02907,Farhan Pandey,-27.0,Male,Noida,farhan.pandey964@mail.com,22 May 2023
CUST02908,Mohammed Ansari,48.0,Female,Indore,mohammed.ansari838@gmail.com,11-03-2024
CUST02909,Shreya Sharma,23.0,Male,Ahmedabad,shreya.sharma779@gmail.com,07-08-2025
CUST02910,Neha Nair,24.0,Female,Kolkata,neha.nair343@yahoo.com,11-08-2024
CUST02911,Neha Nair,29.0,Female,NOIDA,neha.nair192@gmail.com,09 Sep 2020
CUST02912,Sandeep Dubey,29.0,female,Kolkata,sandeep.dubey98@mail.com,11-13-2022
CUST02913,Priya Iyer,43.0,Female,CHENNAI,nan,2019/04/11
CUST02914,Anika Bansal,24.0,Male,Hyderabad,anika.bansal817@mail.com,2024/05/31
CUST02915,Saanvi Dubey,26.0,Female,Mumbai,saanvi.dubey641@outlook.com,03-04-2020
CUST02916,Neha Chauhan,26.0,M,Jaipur,neha.chauhan547@mail.com,25/04/2022
CUST02917,Aarav Kapoor,-19.0,Male,delhi,aarav.kapoor605@mail.com,31/08/2023
CUST02918,Kabir Chauhan,,Female,PUNE,kabir.chauhan227@mail.com,18/12/2019
CUST02919,Kabir Kumar,32.0,Female, Gurugram,kabir.kumar992@gmail.com,04-20-2020
CUST02920,Ayesha Rao,27.0,Female,Chennai,ayesha.rao630@yahoo.com,03 Aug 2020
CUST02921,Reyansh Agarwal,12.0,Female,Jaipur,reyansh.agarwal327@yahoo.com,2022/11/27
CUST02922,,25.0,Female,Indore,user2922220@gmail.com,01/07/2022
CUST02923,Aditya Malhotra,35.0,Female,Bhopal,aditya.malhotra639@outlook.com,2022/11/06
CUST02924,Rahul Rao,21.0,Male,Bhopal,rahul.rao318@yahoo.com,
CUST02925,Ganesh Bansal,32.0,Male,Faridabad,ganesh.bansal79@mail.com,
CUST02926,Manish Chauhan,34.0,Female, Mumbai,manish.chauhan667@yahoo.com,00-00-0000
CUST02927,Aryan Chauhan,43.0,female,Kolkata,aryan.chauhan942@yahoo.com,01/06/2024
CUST02928,Navya Ansari,18.0,F,  Kolkata  ,navya.ansari983@yahoo.com,27/11/2022
CUST02929,Diya Chauhan,29.0,Female,chennai,diya.chauhan115@outlook.com,2024/05/04
CUST02930,Kabir Rao,43.0,Female,Chandigarh,kabir.rao482@mail.com,00-00-0000
CUST02931,Suresh Ansari,35.0,Female,Kolkata,suresh.ansari216@gmail.com,2023/11/30
CUST02932,Ganesh Kumar,39.0,Male,MUMBAI,GANESH.KUMAR397@OUTLOOK.COM,01-28-2024
CUST02933,Neha Joshi,33.0,Male, Pune,neha.joshi769@outlook.com,30-07-2022
CUST02934,Myra Gupta,30.0,Female,Noida,myra.gupta963@mail.com,
CUST02935,Yash Rao,38.0,Male,Bangalore,YASH.RAO467@YAHOO.COM,00-00-0000
CUST02936,Ishaan Yadav,42.0,Male,Noida,ishaan.yadav809@outlook.com,03 Jul 2019
CUST02937,,29.0,Male,Hyderabad,user293721@gmail.com,2020/04/16
CUST02938,Yash Tiwari,30.0,Female,Bhopal,yash.tiwari927@yahoo.com,03-04-2019
CUST02939,Kabir Joshi,39.0,Male,jaipur,kabir.joshi713@yahoo.com,2022/11/06
CUST02940,Riya Sharma,22.0,Male,Lucknow,riya.sharma179@mail.com,00-00-0000
CUST02941,Dhruv Kumar,25.0,Male,Ahmedabad,dhruv.kumar799@yahoo.com,04/11/2020
CUST02942,Diya Patel,38.0,Male,GURUGRAM,DIYA.PATEL889@MAIL.COM,
CUST02943,Sneha Bhatt,47.0,M,Bangalore,sneha.bhatt533@outlook.com,2024/10/14
CUST02944,Aryan Reddy,46.0,Male,Jaipur,aryan.reddy353@outlook.com,15 Dec 2020
CUST02945,Simran Khan,23.0,Male,  Bhopal  ,simran.khan759@yahoo.com,03-10-2025
CUST02946,Sai Nair,35.0,Male,hyderabad,sai.nair840@gmail.com,17/10/2020
CUST02947,Amit Nair,20.0,Male,Indore,amit.nair69@outlook.com,09-17-2022
CUST02948,Ananya Kumar,43.0,Female,Kolkata,ananya.kumar234@yahoo.com,00-00-0000
CUST02949,Kiara Verma,32.0,Female,Jaipur,kiara.verma573@gmail.com,13-10-2023
CUST02950,Aryan Desai,34.0,male,Faridabad,aryan.desai16@outlook.com,07-03-2024
CUST02951,  Ishaan Singh  ,28.0,Male,Chandigarh,ishaan.singh289@mail.com,08-07-2021
CUST02952,Reyansh Malhotra,17.0,Male,  Ahmedabad  ,reyansh.malhotra752@mail.com,07-18-2023
CUST02953,Shreya Saxena,30.0,Male,  Mumbai  ,shreya.saxena351@mail.com,2021/01/25
CUST02954,Vivaan Desai,44.0,Male,  Mumbai  ,vivaan.desai603@mail.com,2021/02/02
CUST02955,Reyansh Patel,33.0,Female,  Delhi  ,reyansh.patel771@mail.com,06-11-2023
CUST02956,Ishaan Tiwari,27.0,Female,FARIDABAD,ishaan.tiwari293@outlook.com,09-06-2023
CUST02957,Ira Reddy,21.0,Male,Chennai,ira.reddy234@outlook.com,30/04/2019
CUST02958,Ayesha Khan,17.0,Male,ahmedabad,ayesha.khan96@mail.com,11-20-2025
CUST02959,Kabir Saxena,45.0,Female, Pune,kabir.saxena500@yahoo.com,2021/03/19
CUST02960,Aditya Reddy,43.0,M,Ahmedabad,aditya.reddy488@outlook.com,2024/01/16
CUST02961,  Dhruv Rao  ,18.0,Male,Indore,dhruv.rao284@mail.com,22-08-2025
CUST02962,Saanvi Desai,20.0,Female,Faridabad,saanvi.desai168@mail.com,10-26-2023
CUST02963,Ganesh Rao,35.0,Male,Noida,ganesh.rao402@gmail.com,12-05-2023
CUST02964,Myra Verma,38.0,Male,Gurugram,myra.verma597@yahoo.com,01-19-2019
CUST02965,Navya Desai,30.0,Male,lucknow,navya.desai547@yahoo.com,29 May 2021
CUST02966,Vihaan Agarwal,50.0,Male,Kolkata,vihaan.agarwal855@yahoo.com,22-04-2021
CUST02967,Zara Saxena,39.0,F,Kolkata,zara.saxena31@yahoo.com,14 Feb 2022
CUST02968,Shreya Chauhan,16.0,Male,Indore,shreya.chauhan517@gmail.com,14-09-2019
CUST02969,Yash Saxena,25.0,Other,bangalore,yash.saxena868@yahoo.com,22/06/2025
CUST02970,Pooja Kapoor,28.0,Other,jaipur,nan,21/02/2020
CUST02971,Neha Singh,25.0,Male,Noida,neha.singh422@yahoo.com,08/01/2025
CUST02972,Suresh Patel,47.0,Female,Bhopal,suresh.patel394@outlook.com,04-02-2021
CUST02973,Sai Shah,39.0,Male,  Hyderabad  ,sai.shah680@yahoo.com,07/02/2023
CUST02974,Rehan Agarwal,18.0,Male,Lucknow,rehan.agarwal677@gmail.com,2022/08/28
CUST02975,Isha Bhatt,31.0,Female,Faridabad,isha.bhatt383@outlook.com,18-03-2021
CUST02976,Zara Chauhan,30.0,M,Delhi,zara.chauhan968gmail.com,02-18-2024
CUST02977,Ganesh Pandey,51.0,Female,mumbai,ganesh.pandey904@outlook.com,04-11-2020
CUST02978,Vihaan Rao,36.0,Female,Noida,vihaan.rao892@gmail.com,12-10-2021
CUST02979,Myra Kumar,37.0,Female,faridabad,myra.kumar414@mail.com,27-06-2024
CUST02980,Saanvi Dubey,-22.0,Male,Ahmedabad,saanvi.dubey135@mail.com,01 Dec 2024
CUST02981,Amit Patel,18.0,Female, Pune,amit.patel287@yahoo.com,07/07/2022
CUST02982,Reyansh Dubey,22.0,Female,Chennai,reyansh.dubey274@gmail.com,2025/09/11
CUST02983,Dhruv Ansari,30.0,Female,,dhruv.ansari72@gmail.com,11-05-2023
CUST02984,Rehan Kapoor,22.0,Female,NOIDA,rehan.kapoor244@mail.com,11-08-2025
CUST02985,Pari Patel,23.0,F,Mumbai,pari.patel401@mail.com,27-05-2023
CUST02986,Vivaan Bhatt,42.0,M, Chandigarh,vivaan.bhatt866@outlook.com,2025/08/01
CUST02987,Aarav Singh,,Female,Kolkata,aarav.singh564@mail.com,2020/04/12
CUST02988,Aryan Chopra,44.0,Female,lucknow,aryan.chopra19@gmail.com,11-26-2022
CUST02989,Rohan Bansal,36.0,Female,  Bhopal  ,rohan.bansal920@mail.com,12-12-2022
CUST02990,Kiara Gupta,28.0,Female,lucknow,kiara.gupta771@outlook.com,19/02/2024
CUST02991,Sai Sharma,32.0,Female,Chandigarh,nan,2025/12/03
CUST02992,Pooja Chauhan,110.0,Male,Pune,pooja.chauhan730@gmail.com,12-07-2020
CUST02993,Zara Khan,16.0,Female,Kolkata,zara.khan556@outlook.com,2022/05/03
CUST02994,Imran Saxena,32.0,Female,Gurugram,imran.saxena861@outlook.com,
CUST02995,Navya Sharma,29.0,Female,Jaipur,navya.sharma771@yahoo.com,14 Aug 2025
CUST02996,Sandeep Singh,133.0,Male,Chandigarh,sandeep.singh508@gmail.com,2019/12/14
CUST02997,Aryan Verma,15.0,female,Lucknow,aryan.verma772@outlook.com,07-02-2020
CUST02998,Mohammed Rathore,29.0,Male, Chandigarh,mohammed.rathore705@yahoo.com,07-06-2022
CUST02999,Aryan Chopra,30.0,Female,bangalore,aryan.chopra347@yahoo.com,27-04-2020
CUST03000,Amit Bhatt,31.0,Male,Indore,amit.bhatt73@yahoo.com,2021/09/04
CUST01958,Neha Saxena,39.0,Male,bangalore,neha.saxena284@outlook.com,15-01-2021
CUST02088,Dhruv Malhotra,25.0,Male,Mumbai,dhruv.malhotra490@yahoo.com,00-00-0000
CUST01395,Sandeep Singh,41.0,nan,  Lucknow  ,sandeep.singh327@yahoo.com,2022/12/08
CUST01521,Rehan Kumar,27.0,Female,Bangalore,rehan.kumar284@mail.com,09-18-2020
CUST01099,Sneha Pandey,32.0,Male, Pune,sneha.pandey817@mail.com,08-02-2019
CUST00394,Sandeep Sharma,30.0,Other,  Mumbai  ,sandeep.sharma490mail.com,10/05/2021
CUST00029,Shreya Verma,39.0,Male,,shreya.verma246@gmail.com,15/10/2020
CUST00100,Myra Malhotra,21.0,female,BANGALORE,myra.malhotra989@mail.com,2020/07/25
CUST00352,Reyansh Chauhan,35.0,Other,Delhi,nan,28 Sep 2020
CUST02021,Rahul Dubey,40.0,Female,KOLKATA,rahul.dubey385@outlook.com,2022/10/25
CUST01353,Dhruv Singh,39.0,female,KOLKATA,dhruv.singh521@gmail.com,
CUST01145,Suresh Bhatt,35.0,Female,gurugram,suresh.bhatt850@mail.com,05-17-2019
CUST02856,Aadhya Chauhan,32.0,male,,aadhya.chauhan419@mail.com,08/05/2021
CUST01226,Aarav Shah,42.0,Female,  Bangalore  ,aarav.shah111@outlook.com,2023/12/22
CUST00298,Krishna Rao,45.0,Other,Ahmedabad,krishna.rao965@yahoo.com,22/05/2025
CUST01786,Sneha Agarwal,33.0,Male, Pune,sneha.agarwal127@mail.com,14-12-2022
CUST00127,Manish Iyer,26.0,Male,,manish.iyer340@mail.com,10-26-2021
CUST02758,Tanvi Reddy,30.0,Female,indore,tanvi.reddy122@gmail.com,27 Dec 2023
CUST01597,Ira Menon,10.0,Other,AHMEDABAD,ira.menon301@yahoo.com,03 May 2023
CUST02028,Aditya Kumar,37.0,Female,Lucknow,aditya.kumar254@yahoo.com,2020/06/19
CUST02997,Aryan Verma,15.0,female,Lucknow,aryan.verma772@outlook.com,07-02-2020
CUST00682,Rohan Rathore,36.0,Male,Faridabad,rohan.rathore756outlook.com,10 May 2020
CUST00046,Sandeep Singh,36.0,Male,Indore,sandeep.singh235@yahoo.com,05/01/2025
CUST01437,Aditya Rao,40.0,Female,Indore,aditya.rao936@outlook.com,2020/03/30
CUST02748,Anika Pandey,37.0,Male,chandigarh,anika.pandey656@outlook.com,2020/09/23
